LON,LAT,EDO,CLAVE,ESTACION,oct-19
-102.184167,21.738611,AGS,BRTAG,"San Bartolo, Ags.",21.2
-102.712222,21.849167,AGS,CALVILLO,"Calvillo, Ags. SMN*",22.23
-102.676944,21.9975,AGS,CDRAG,"La Codorniz, Ags.",64
-102.197222,22.007222,AGS,CHOAG,"CaÒada Honda, Ags.",30.23
-102.189167,21.826667,AGS,CLVAG,"Calvillo, Ags.",14.44
-102,21.896389,AGS,CNSAG,"Los Conos, Ags.",40.62
-102.296667,22.362778,AGS,CSOAG,"CosÌo, Ags.",29.34
-102.356944,22.121667,AGS,JCQAG,"Jocoque, Ags.",23.53
-102.788333,21.8075,AGS,MNLAG,"Media Luna, Ags.",27.22
-102.371667,21.78,AGS,NGRAG,"El Niagara, Ags.",63.9
-102.001944,22.020556,AGS,NVLAG,"El Novillo, Ags.",29
-102.290556,21.850833,AGS,OBSAG,"Observatorio de Aguascalientes, Ags.",70.02
-101.966667,21.916667,AGS,PALAG,"Palo Alto, Ags.",23
-102.291944,22.1625,AGS,PBLAG,"PabellÛn, Ags.",20.41
-102.417222,22.141111,AGS,PECAG,"Plutarco ElÌas Calles, Ags.",47.02
-102.133333,22.202778,AGS,PTOAG,"Puerto de la ConcepciÛn, Ags.",25.74
-102.4375,22.235,AGS,PTRAG,"Derivadora PabellÛn, Ags.",54.61
-102.108889,21.885,AGS,SNVAG,"Sandovales, Ags.",25
-102.127778,21.807778,AGS,TNJAG,"La Tinaja 2, Ags.",33
-116.204167,32.271944,BC,AGHBN,"Agua Hechicera, B.C.",0
-116.908333,32.444722,BC,ALRBN,"Abelardo L. RodrÌguez, B.C.",0
-114.719167,29.727222,BC,CATAVINA,"CataviÒa, B.C. SMN*",0
-115.921667,32.042222,BC,CONST1857,"ConstituciÛn de 1857, B.C. SMN*",0
-116.696944,32.479444,BC,CRRBN,"El Carrizo, B.C.",0
-116.584444,32.243056,BC,CSRBN,"Carmen Serd·n, B.C.",0
-116.828333,32.468056,BC,EFLBN,"El Florido, B.C.",0
-116.6025,31.890278,BC,ELZBN,"Emilio LÛpez Zamora, B.C.",0
-115.931389,30.517222,BC,ENBBN,"San QuintÌn (Ejido Nuevo), B.C.",0
-115.15,32.411111,BC,ENLBN,"Ejido Nuevo LeÛn, B.C.",0
-116.302778,32.516389,BC,HNGBN,"El Hongo, B.C.",0
-114.728056,32.705,BC,JMRBN,"InterconexiÛn JosÈ MarÌa Morelos y PavÛn, B.C.",0
-116.811111,32.101944,BC,LAMBN,"La MisiÛn, B.C.",0
-115.27,32.39,BC,MXCBN,"Mexicali, B.C.",0
-114.729444,32.703889,BC,PDMBN,"Presa Derivadora Morelos, B.C.",0
-117.071389,32.3775,BC,PLAYAROSARITO,"Playa Rosarito, B.C. SMN*",0
-114.85,31.033333,BC,SFLBN,"San Felipe, B.C.",0
-116.661667,32.568611,BC,TECATE,"Tecate SMN, B.C.",0
-111.658333,25.001389,BCS,CCNBS,"Ciudad ConstituciÛn, B.C.S.",83.1
-113.420833,27.783333,BCS,DORBS,"DÌaz Ordaz, B.C.S.",0
-114.05,27.966667,BCS,GNGBS,"Guerrero Negro, B.C.S.",0
-109.697222,23.680556,BCS,LBABS,"Los Barriles, B.C.S.",92.01
-110.366667,24.15,BCS,LPZBS,"La Paz, B.C.S.",101.81
-111.341667,26.016667,BCS,LRTBS,"Loreto, B.C.S.",36
-112,26.866667,BCS,MLGBS,"Mulege, B.C.S.",7
-109.983333,24.066667,BCS,PLNBS,"Los Planes, B.C.S.",81
-109.55,23.583333,BCS,RBRBS,"La Ribera, B.C.S.",57.71
-110.05,23.8,BCS,SANBS,"San Antonio, B.C.S.",52.13
-109.983333,24.066667,BCS,SARBS,"El Sargento, B.C.S.",64.51
-109.843889,23.738333,BCS,SBABS,"San Bartolo, B.C.S.",115.03
-109.708333,23.118889,BCS,SJCBS,"San JosÈ del Cabo, B.C.S.",25.01
-109.998611,23.555556,BCS,SLAGUNA,"Sierra La Laguna, B.C.S. SMN*",32.4
-109.716667,23.45,BCS,SNTBS,"Santiago, B.C.S.",40.21
-112.283333,27.3,BCS,SRLBS,"Santa RosalÌa, B.C.S.",0
-110.216667,23.433333,BCS,TSNBS,"Todos Santos, B.C.S.",119
-89.743889,20.003889,CAMP,BOLCA,"Bolonchen, Camp.",191.4
-89.8925,18.365,CAMP,CALCA,"Calakmul, Camp. SMN*",111.54
-90.575556,19.295,CAMP,CANCA,"Canasayab, Camp.",235.73
-91.761389,18.654167,CAMP,CARCA,"El Carmen, Camp.",261.43
-91.765278,18.658056,CAMP,CDCCA,"Ciudad del Carmen, Camp. SMN*",131.2
-90.72,19.361667,CAMP,CHMCA,"ChampotÛn, Camp.",214.52
-90.544167,19.838333,CAMP,CMPCA,"Campeche, Camp.",262.5
-91.046111,18.183056,CAMP,CNDCA,"Candelaria, Camp.",123.55
-90.507222,19.838611,CAMP,COBCA,"Observatorio de Campeche, Camp.",243.21
-89.723889,19.4625,CAMP,DZILBACHEN,"DzilbachÈn, Camp. SMN*",146
-90.741111,18.604444,CAMP,ESCCA,"Esc·rcega, Camp.",303.87
-90.105556,20.184167,CAMP,HECCA,"Hecelchakan, Camp.",360
-89.848333,19.751944,CAMP,HPOCA,"Hopelchen, Camp.",221.81
-90.820833,18.056944,CAMP,MONCLOVACAMP,"Monclova, Camp. SMN*",140.4
-90.221389,19.605833,CAMP,NYXCA,"Noh-YaxchÈ, Camp.",247
-90.374167,19.943333,CAMP,PETENES,"Los Petenes, Camp. SMN*",207.6
-92.086944,18.253056,CAMP,PLZCA,"Palizada, Camp.",275.51
-91.175833,18.972778,CAMP,SBNCA,"Sabancuy, Camp.",288.73
-89.860278,19.664444,CAMP,XCPCA,"Xcupil, Camp.",233.01
-102.585833,22.177222,CAMP,XPJCA,"Xpujil, Camp.",249.01
-107.482778,28.481667,CHIH,AGZCH,"Abraham Gonz·lez, Chih.",55.01
-107.255556,28.771667,CHIH,BACCH,"BachÌniva, Chih.",62
-108.206389,28.208889,CHIH,BSSCH,"Basaseachi, Chih.",62.9
-107.723611,27.033611,CHIH,BTPCH,"Batopilas, Chih.",35.91
-107.9,27.9,CHIH,BTVCH,"Batovira, Chih.",124.01
-106.5,29.05,CHIH,C08099,"Majalca, Chih.",112.5
-108.533333,28.133333,CHIH,C08182,"Moris, Chih.",33.02
-108.083333,29.216667,CHIH,C08219,"PeÒitas, Chih.",95.5
-107.7,28.75,CHIH,C08243,"Tejolocachi, Chih.",68.5
-105.966667,28.7,CHIH,C08270,"La Mesa, Chih.",54.71
-107.930833,30.376667,CHIH,CAGCH,"Casas Grandes, Chih.",46.51
-106.84,28.396667,CHIH,CDCUAUHTEMOC,"Ciudad CuauhtÈmoc, Chih. SMN*",100.2
-105.446944,28.210833,CHIH,CDLCH,"Ciudad Delicias, Chih.",38.01
-108.535556,27.392222,CHIH,CHICH,"ChÌnipas, Chih. SMN*",22.86
-106.030278,28.670556,CHIH,CHIHUAHUAob,"Observatorio de Chihuahua, Chih. SMN*",56.8
-106.770556,26.229444,CHIH,CHNCH,"Chinat˙, Chih. SMN*",36.98
-106.167778,28.570556,CHIH,CHUCH,"Chihuahua, Chih.",70.82
-106.400278,31.736667,CHIH,CJZCH,"Ciudad Ju·rez, Chih.",18.7
-105.381667,27.410278,CHIH,CL2CH,"Colina (hidromÈtrica), Chih.",11.01
-105.3825,27.577222,CHIH,CLNCH,"Ing. Andrew Weiss, Chih.",11.01
-108.541667,27.416667,CHIH,CNDCH,"Chinipas, Chih.",26.01
-105.382222,27.576389,CHIH,COLINA,"Colina, Chih. SGT*",10.25
-106.353889,26.949722,CHIH,CONCHOSob,"Observatorio de Conchos, Chih. SMN*",35.2
-107.633333,27.75,CHIH,CRLCH,"Creel, Chih.",71.9
-105.5,28.17,CHIH,DELICIAS,"Ciudad Delicias, Chih. SMN*",30.5
-106.119444,28.614722,CHIH,ERECH,"El RejÛn, Chih.",70.82
-105.628889,28.166111,CHIH,FIMCH,"Francisco I. Madero, Chih.",24.04
-107.072222,26.816667,CHIH,GCCCH,"Guachochi, Chih. SMN*",43.8
-108.3,29.2,CHIH,GPCCH,"Guapoca, Chih.",41.21
-107.072778,26.813056,CHIH,GRCCH,"Guerachi, Chih.",19.11
-105.277778,28.994722,CHIH,HGRANERO,"El Granero hidromÈtrica, Chih. SGT*",3.5
-107.879167,26.870833,CHIH,IGNCH,"San Ignacio, Chih.",32
-108.427222,30.838889,CHIH,JANOS,"Janos, Chih. SMN*",30.2
-104.912778,27.126667,CHIH,JMNCH,"JimÈnez, Chih.",5.8
-105.414167,27.544722,CHIH,LBQCH,"La Boquilla, Chih.",11.02
-107.025833,29.88,CHIH,LJSCH,"Las Lajas, Chih.",23.91
-105.28,28.984444,CHIH,LLNCH,"Ing. Luis L. LeÛn, Chih.",34.51
-107.994167,27.858611,CHIH,MAGCH,"Maguarichi, Chih. SMN*",59.68
-106.486111,28.803333,CHIH,MAJALCA,"Cumbres de Majalca, Chih. SMN*",100.6
-104.410833,29.565,CHIH,OJNCH,"Ojinaga, Chih.",40.5
-105.254167,26.546389,CHIH,PAGCH,"Pico del ¡guila, Chih.",16.03
-105.620556,28.165278,CHIH,PFCOIMADERO,"Presa Francisco I. Madero, Chih. SGT*",18.75
-105.675556,26.917778,CHIH,PRRCH,"Parral, Chih.",51.22
-106.085556,28.656944,CHIH,QIJCH,"Observatorio de Chihuahua, Chih.",70.82
-106.383333,26.466667,CHIH,RVGCH,"El Vergel, Chih.",88.1
-107.973333,26.9425,CHIH,TB2CH,"Tubares II, Chih.",19.1
-107.85,28.95,CHIH,TMCCH,"TemÛsachic, Chih.",14.74
-107.384167,29.5625,CHIH,TNTCH,"El Tintero, Chih.",44.01
-107.9125,27.216667,CHIH,URECH,"Urique, Chih.",21.41
-107.916944,27.215556,CHIH,URICH,"Urique, Chih. SMN*",2.28
-105.16,26.738611,CHIH,VICCH,"Villa Coronado, Chih.",16.03
-105.773333,27.99,CHIH,VILLALBA,"Villalba, Chih. SGT*",30
-105.806944,27.454444,CHIH,VZRCH,"Valle de Zaragoza, Chih.",31
-108.166667,29.666667,CHIH,YEPCH,"Yepachic, Chih.",53.01
-92.804167,16.552778,CHIS,ACACP,"Acala, Chis.",181.6
-92.955278,16.655278,CHIS,ACALACFE,"Acala, Chis. CFE*",119.6
-92.778889,16.401389,CHIS,ANGCP,"Doctor Belisario DomÌnguez, Chis.",314.91
-92.777778,16.400833,CHIS,ANGOSTURACFE,"Angostura, Chis. CFE*",226.7
-92.300278,15.124722,CHIS,ARGOVIA,"Finca Argovia, Chis. OCFS*",433.8
-93.8975,16.241111,CHIS,AROCP,"Arriaga, Chis.",239.2
-93.15,16.641944,CHIS,BOQCP,"BoquerÛn, Chis.",213
-93.169722,16.615,CHIS,BOQUERONCFE,"BoquerÛn, Chis. CFE*",210.1
-92.716667,15.35,CHIS,CACCP,"Cacaluta, Chis.",671.13
-92.4875,16.308333,CHIS,CASCAJAL,"Cascajal, Chis. SGT*",361
-92.479167,16.308333,CHIS,CASCP,"Cascajal, Chis.",400.42
-92.483056,15.969167,CHIS,CATARINITAS,"Catarinitas, Chis. SGT*",253.4
-91.703333,17.472222,CHIS,CHACAMAX,"Chacamax, Chis. SGT*",335.4
-91.710278,16.383056,CHIS,CHAYABE,"Finca ChayabÈ OCFS, Chis.",488.9
-93.019167,16.706389,CHIS,CHIAPACORZO,"Chiapa de Corzo, Chis. SGT*",103.6
-93.100833,16.941389,CHIS,CHICOASENCFE,"ChicoasÈn, Chis. CFE*",139.7
-92.281389,15.750278,CHIS,CHICOMUSELO,"Chicomuselo, Chis. SGT*",348.8
-93.100556,16.941667,CHIS,CHICP,"Manuel Moreno Torres, Chis.",145.51
-92.283333,15.75,CHIS,CHMCP,"Chicomuselo, Chis.",238
-92.133333,16.233333,CHIS,COMITANob,"Observatorio de Comit·n, Chis. SMN*",356.6
-92.1,16.2,CHIS,COOCP,"Observatorio de Comit·n, Chis.",393.4
-92.965278,15.727778,CHIS,CUXTEPEQUES,"Finca Cuxtepeques, Chis. SGT*",284.2
-92.575,15.204167,CHIS,DESCP,"Despoblado, Chis.",429.02
-92.925278,16.108333,CHIS,DORADOCFE,"El Dorado, Chis. CFE*",372
-92.590833,16.686111,CHIS,ELAGUAJE,"El Aguaje, Chis. SGT*",274.8
-92.584722,16.725833,CHIS,ELARCOTETE,"El Arcotete, Chis. SGT*",235.8
-93.123611,16.971111,CHIS,ELGRIJALVACFE,"El Grijalva, Chis. CFE*",116.1
-92.95,15.495833,CHIS,ELNCP,"El Novillero, Chis.",357.52
-92.808056,15.656667,CHIS,ELTRIUNFO,"El Triunfo, Chis. SMN*",478
-92.755278,15.071111,CHIS,ENCRUCIJADA,"La Encrucijada, Chis. SMN*",143.2
-92.829444,17.373056,CHIS,ESCALONCP,"El EscalÛn SGT, Chis.",540.8
-92.666667,15.316667,CHIS,ESCCP,"Escuintla, Chis.",507.81
-93.125,16.975,CHIS,GRICP,"Grijalva, Chis.",121.81
-92.402778,14.997222,CHIS,HUECP,"Huehuet·n, Chis.",419.42
-92.472222,15.133333,CHIS,HUICP,"Huixtla, Chis.",375
-92.454167,16.712778,CHIS,HUIXTAN,"Huixt·n, Chis. SGT*",238.4
-92.471389,15.146944,CHIS,HUIXTLA,"Huixtla, Chis. OCFS*",216.6
-92.184722,14.626111,CHIS,ILRAYON,"Ignacio LÛpez RayÛn, Chis. OCFS*",150.9
-92.72,15.886111,CHIS,JALTENANGO,"Jaltenango, Chis. SGT*",371.6
-92.725,15.866667,CHIS,JAPCP,"Jaltenango, Chis.",346.29
-93.381389,17.364167,CHIS,JDGCP,"Juan de Grijalva, Chis.",507.81
-93.381389,17.364167,CHIS,JGRIJALVACFE,"T˙neles Juan de Grijalva, Chis. CFE*",474.5
-92.898611,15.996389,CHIS,JSBCP,"Juan Sabines, Chis.",361.5
-90.702222,16.580833,CHIS,LACCP,"Lacant˙n, Chis.",358.6
-93.563333,16.6925,CHIS,LASFLORESII,"Las Flores Dos, Chis. OCFS*",66
-91.73,16.114444,CHIS,LMONTEBELLO,"Lagunas de Montebello, Chis. SMN*",301.2
-93.598889,17.178611,CHIS,MALCP,"NezahualcÛyotl, Chis.",252.6
-93.604722,17.199444,CHIS,MALPASOCFE,"Malpaso, Chis. CFE*",247.6
-92.883333,15.45,CHIS,MAPCP,"Mapastepec, Chis.",418.53
-93.384444,16.0675,CHIS,MONTERREYCFE,"Monterrey, Chis. CFE*",161.2
-92.2675,15.333333,CHIS,MOTOZINTLA,"Motozintla, Chis. SGT*",201.7
-93.631667,16.493889,CHIS,NVAPALESTINA,"Nueva Palestina, Chis. SGT*",84.2
-93.150556,17.220556,CHIS,OCOCP,"Ocotepec, Chis.",420.4
-93.159722,17.225,CHIS,OCOTEPECCFE,"Ocotepec, Chis. CFE*",392.2
-92.3375,16.851111,CHIS,OXCHUC,"Oxchuc, Chis. SGT*",266.2
-91.968056,15.848611,CHIS,PCOCP,"Puente Concordia, Chis.",420.02
-91.967778,15.849444,CHIS,PCONCORDIACFE,"Puente Concordia, Chis. CFE*",364
-93.458611,17.446111,CHIS,PENCP,"¡ngel Albino Corzo, Chis.",552.3
-93.474444,17.463611,CHIS,PENITAS,"PeÒitas, Chis. SGT*",465.7
-93.457778,17.445,CHIS,PENITASCFE,"PeÒitas, Chis. CFE*",507.6
-93.216667,15.691667,CHIS,PIJCP,"Pijijiapan, Chis.",245.2
-93.186667,16.753889,CHIS,PTECLUBCAMP,"Puente Club Campestre, Chis. SGT*",162.1
-92.618056,16.7475,CHIS,QUIOSCO,"Quiosco, Chis. SGT*",254.8
-93.552778,17.348333,CHIS,RCACP,"RÛmulo Calzada, Chis.",262.2
-93.551667,17.353889,CHIS,RCALZADACFE,"RÛmulo Calzada, Chis. CFE*",260.4
-92.666667,15.916667,CHIS,REFCP,"Reforma, Chis.",443.42
-92.661667,15.919722,CHIS,REFORMACFE,"Reforma, Chis. CFE*",417.8
-93.079167,16.158333,CHIS,REVCP,"RevoluciÛn Mexicana, Chis.",359.8
-93.078889,16.160278,CHIS,REVMEXICANACFE,"Revolucion Mexicana, Chis. CFE*",354
-92.35,17.566667,CHIS,SAACP,"Salto de Agua, Chis.",521.4
-92.332778,17.56,CHIS,SALTODEAGUA,"Salto de Agua, Chis. SGT*",469.9
-92.239167,15.776667,CHIS,SANMIGUELCFE,"San Miguel, Chis. CFE*",230.1
-93.741111,16.699722,CHIS,SANTALUCIAHM,"Santa LucÌa, Chis. SGT*",82.4
-93.383333,17.425,CHIS,SAYCP,"Sayula, Chis.",591.1
-93.331944,17.402222,CHIS,SAYULACFE,"Sayula, Chis. CFE*",560.5
-92.603056,16.727222,CHIS,SCCASASCFE,"San CristÛbal de las Casas, Chis. CFE*",291.9
-92.633333,16.733333,CHIS,SCOCP,"Observatorio de San CristÛbal, Chis.",205.3
-92.616667,16.741667,CHIS,SCRCP,"Puente Morelos (San CristÛbal CabaÒas), Chis.",241.93
-92.105556,15.775,CHIS,SDOCP,"Santo Domingo, Chis.",292.72
-93.056389,16.4525,CHIS,SDOMINGOCFE,"Santo Domingo, Chis. CFE*",291.3
-93.1,16.786111,CHIS,SECTEC103,"Secundaria TÈcnica 103, Chis. SGT*",147.9
-92.321944,15.558056,CHIS,SILTEPEC,"Siltepec, Chis. SGT*",347.6
-93.55,17.35,CHIS,SITALA,"Sitala, Chis. SGT*",349.5
-92.916667,17.5,CHIS,SJOTB,"San JoaquÌn, Chis.",514.6
-92.239444,15.775,CHIS,SMICP,"San Miguel, Chis.",265.31
-93.591111,16.152222,CHIS,SMORENACFE,"Sierra Morena, Chis. CFE*",204.6
-92.820833,16.938889,CHIS,SNACP,"Santa MarÌa, Chis.",290.51
-93.820278,16.924722,CHIS,STAMARIACFE,"Santa MarÌa, Chis. CFE*",290.5
-92.148889,14.698611,CHIS,SUCHIATE,"Suchiate, Chis. SMN*",238.6
-93.034167,16.742778,CHIS,SUMIDEROCFE,"CaÒÛn del Sumidero, Chis. CFE*",90.5
-92.266667,14.9,CHIS,TAMCP,"Tapachula (Malpaso), Chis.",583.5
-92.296389,14.886944,CHIS,TAPACHULAob,"Observatorio de Tapachula, Chis. SMN*",197.4
-92.183333,14.9,CHIS,TAPCP,"Tapachula, Chis.",275.6
-93.383333,17.425,CHIS,TAPILULA,"Tapilula, Chis. SGT*",320.2
-93.529167,15.875,CHIS,TPICP,"Tres Picos, Chis.",334
-93.0575,16.736111,CHIS,TRABAJOSOCIAL,"Trabajo Social, Chis. SGT*",83.5
-93.577778,16.227222,CHIS,TRESPICOSCFE,"Tres Picos, Chis. CFE*",181.9
-93.1,16.761944,CHIS,TUXCP,"Tuxtla Oriente, Chis.",112.22
-93.086111,16.761667,CHIS,TUXTLACFE,"Tuxtla, Chis. CFE*",108.6
-93.147222,16.762778,CHIS,TUXTLAGTZob,"Observatorio de Tuxtla GutiÈrrez, Chis. SMN*",118
-93.133333,16.75,CHIS,TXOCP,"Observatorio de Tuxtla GutiÈrrez, Chis.",137.12
-93.068056,16.716944,CHIS,TXZCP,"Tuxtla GutiÈrrez Zoomat, Chis.",169.1
-93.121944,16.778056,CHIS,UNICACH,"Universidad de Ciencias y Artes de Chiapas, Chis. SGT*",158.1
-93.330556,17.116667,CHIS,YAMCP,"YamonhÛ, Chis.",153.31
-93.328333,17.120833,CHIS,YAMONHOCFE,"YamonhÛ, Chis. CFE*",153.8
-92.050556,16.116389,CHIS,ZAPALUTA,"Zapaluta, Chis. SGT*",379.1
-100.837222,28.344444,COAH,ADLCL,"Allende, Coah.",13.02
-101.057222,29.446944,COAH,AMSCL,"Internacional La Amistad, Coah.",19.02
-100.929722,25.561111,COAH,ARACL,"Ramos Arizpe Aeropuerto, Coah.",29.01
-101.116667,29.15,COAH,CBRCL,"Cabeceras, Coah.",28.51
-102.064444,26.983333,COAH,CCGCL,"Cuatro CiÈnegas, Coah.",29.8
-100.950278,29.327778,COAH,CDACL,"Ciudad AcuÒa, Coah.",36.02
-100.661111,26.844444,COAH,CDLCL,"Candela, Coah.",12
-100.95,29.213611,COAH,CNTCL,"El Centenario, Coah.",19
-103.338333,25.695833,COAH,CUICL,"El Cuije, Coah.",6
-103.469167,25.542222,COAH,CYTCL,"Coyote, Coah.",10.71
-100.920833,25.436111,COAH,ESLCL,"E. C. Saltillo, Coah.",14.9
-103.262778,25.773889,COAH,FIMCL,"Francisco I. Madero, Coah.",3.5
-100.954444,29.329167,COAH,LASVACASC,"Las Vacas, Ciudad AcuÒa CILA, Coah.",20.4
-100.832222,28.82,COAH,LFGCL,"La Fragua, Coah.",57
-103.228056,25.527778,COAH,MATCL,"Matamoros, Coah.",3
-101.4225,26.908333,COAH,MCVCL,"Monclova, Coah.",4.8
-101.711389,28.013056,COAH,MORELOSMUZQUIZ,"Morelos M˙zquiz, Coah. SMN*",53.2
-101.33,27.92,COAH,NUEVAROSITA,"Nueva Rosita, Coah. SMN*",12.25
-102.181667,25.440833,COAH,PARCL,"Parras, Coah.",0
-100.5325,28.706667,COAH,PNGCL,"Piedras Negras, Coah.",12.6
-101.002222,27.422222,COAH,PRSCL,"Progreso, Coah.",42.01
-100.634444,28.898611,COAH,RioSanRodrigoC,"Rio San Rodrigo cerca El Moral. Piedras Negras Coah., CILA*",79.75
-100.575556,25.273333,COAH,SAACL,"San Antonio de las Alazanas, Coah.",0
-101.016667,25.376389,COAH,SALCL,"Observatorio de Saltillo, Coah.",7.4
-100.730833,29.071944,COAH,SANDIEGOC,"San Diego Jimenez, Coah. CILA*",26
-101.213056,28.399444,COAH,SANTACECILIA,"Santa Cecilia, Coah. SMN*",0.5
-101.122778,27.846667,COAH,SBNCL,"Sabinas, Coah.",18
-100.953889,29.034167,COAH,SMGCL,"San Miguel, Coah.",43
-103.699722,27.285278,COAH,SMJCL,"Sierra Mojada, Coah.",22
-102.979444,25.7575,COAH,SPECL,"San Pedro, Coah.",2.52
-101.016667,25.376389,COAH,STOCL,"Saltillo, Coah.",9.01
-103.45,25.541667,COAH,TORCL,"Observatorio de TorreÛn, Coah.",1.62
-100.95,27.519444,COAH,VCARRANZA,"Venustiano Carranza, Coah. SMN*",42.6
-100.616111,27.515,COAH,VCRCL,"Venustiano Carranza, Coah.",47.01
-100.898889,29.033889,COAH,ZPTCL,"Zapata, Coah.",70
-103.611389,19.248611,COL,BVSCM,"Buena Vista, Col.",177
-103.723611,18.754722,COL,CDOCM,"Cerro de Ortega, Col.",107.9
-103.702778,19.295,COL,CHNCM,"El Chanal, Col.",199.8
-103.6325,18.813056,COL,CLLCM,"Callejones, Col.",326.04
-103.757222,19.3175,COL,CMLCM,"Comala, Col.",226.7
-103.804167,19.2125,COL,CQMCM,"Coquimatl·n, Col.",112.8
-103.6,19.325,COL,CUACM,"CuauhtÈmoc, Col.",269.5
-103.884444,19.111389,COL,DJLCM,"Derivadora Jala (Madrid), Col.",83.82
-103.866389,19.17,COL,LAECM,"La Esperanza, Col.",68.6
-103.774167,18.809167,COL,LDACM,"Laguna de Amela, Col.",157.53
-103.725278,19.223333,COL,LPSCM,"La Posta, Col.",119.2
-104.297778,19.069167,COL,MANZANILLOmar,"Manzanillo, Col. SEMAR*",96.64
-104.318333,19.044444,COL,MNZCM,"Manzanillo, Col.",79
-103.816667,19.266667,COL,PNTCM,"PeÒitas, Col.",68
-103.725278,19.223333,COL,RDRCM,"Radar, Col.",235.41
-103.9175,19.463611,COL,SMANANTLANI,"Sierra Manatl·n 1, Col. SMN*",112.4
-103.882778,18.925556,COL,TCMCM,"Tecom·n, Col.",183.01
-103.396667,18.967222,COL,TRJCM,"Solidaridad, Col.",187.3
-103.663333,19.2775,COL,TRPCM,"Trapiche, Col.",173.02
-99.329444,19.3225,DF,ACOPILCO,"Acopilco, Cd. de MÈx. UNAM*",163.32
-99.099722,19.379167,DF,ACULCO,"Planta de bombeo Aculco, Cd. de MÈx. SACMEX*",89.41
-99.210278,19.218611,DF,AJSDF,"Ajusco, Cd. de MÈx.",30.98
-99.210278,19.218611,DF,AJUSCODF,"Ajusco, Cd. de MÈx. SACMEX*",30.73
-99.174167,19.240833,DF,AMC,"Academia Mexicana de Ciencias, Cd. de MÈx. UNAM*",102.95
-99.08,19.465833,DF,ARAGON,"Conagua AragÛn, Cd. de MÈx. UNAM*",53.14
-99.118056,19.469722,DF,BONDOJITO,"Bondojito, Cd. de MÈx. UNAM*",99.57
-99.195,19.292222,DF,BTLALPAN,"Rebombeo Bosque de Tlalpan, Cd. de MÈx. SACMEX*",139.74
-98.998056,19.356111,DF,CARCELMUJERES,"C·rcel de Mujeres, Cd. de MÈx. SACMEX*",34.85
-99.171667,19.453333,DF,CBIDF,"Escuela Nacional de Ciencias BiolÛgicas IPN, Cd. de MÈx. SMN*",109.2
-99.059722,19.383889,DF,CCHOTE,"CCH Oriente, Cd. de MÈx. UNAM*",72.09
-99.140833,19.483333,DF,CCHVALLEJO,"CCH Vallejo, Cd. de MÈx. UNAM*",56.51
-99.180556,19.346667,DF,CCUDF,"Centro Universitario, Cd. de MÈx.",120.38
-99.082222,19.408611,DF,CDEPORTIVA,"Ciudad Deportiva, Cd. de MÈx. SACMEX*",108.72
-98.999444,19.357222,DF,CDMDF,"C·rcel de Mujeres, Cd. de MÈx.",34.8
-99.1125,19.407778,DF,CDVDF,"Ciudad Deportiva, Cd. de MÈx.",108.52
-99.1375,19.516667,DF,CEADF,"Campamento Amealco, Cd. de MÈx.",93.81
-99.077222,19.336944,DF,CESTRELLA,"Planta de Tratamiento Cerro de La Estrella, Cd. de MÈx. SACMEX*",121.41
-99.171667,19.1375,DF,CFORESTAL,"Caseta Forestal, Cd. de MÈx. SACMEX*",132.16
-99.208333,19.155556,DF,CFSDF,"Caseta Forestal, Cd. de MÈx.",132.32
-99.047222,19.442222,DF,CHAPLAGO,"Planta de bombeo Churubusco Lago, Cd. de MÈx. SACMEX*",77.218
-99.136667,19.470556,DF,CIENMETROS,"Avenida Cien Metros, Cd. de MÈx. SACMEX*",189.48
-99.182778,19.486944,DF,CMECOAYA,"Campamento Mecoaya, Cd. de MÈx. SACMEX*",88.17
-99.1375,19.469722,DF,CMTDF,"Cien Metros, Cd. de MÈx.",189.48
-99.183333,19.486389,DF,CMYDF,"Campamento Mecoaya, Cd. de MÈx.",88.38
-99.134722,19.287778,DF,COAPA,"Coapa, Cd. de MÈx. UNAM*",77.62
-99.171944,19.407222,DF,CONDESA,"Condesa, Cd. de MÈx. UNAM*",122.36
-99.247222,19.306389,DF,CONTRERAS,"Contreras, Cd. de MÈx. UNAM*",121.84
-99.09,19.484722,DF,COYOLDF,"Coyol, Cd. de MÈx. SACMEX*",78.98
-99.09,19.190278,DF,CTNDF,"San Salvador Cuautenco, Cd. de MÈx.",40.89
-99.140833,19.549444,DF,CUAUTEPEC,"Cuautepec, MÈx. UNAM*",67.6
-99.104722,19.282778,DF,CUEMANCO,"Cuemanco, Cd. de MÈx. UNAM*",118.36
-99.105,19.323333,DF,CULHUACAN,"Culhuac·n, Cd. de MÈx. UNAM*",99.12
-99.09,19.484167,DF,CYLDF,"Coyol, Cd. de MÈx.",78.98
-99.205,19.3,DF,DATDF,"DesviaciÛn Alta, Cd. de MÈx.",33
-99.310556,19.313056,DF,DDELOSLEONES,"Desierto de los Leones, Cd. de MÈx. SACMEX*",30.02
-99.131389,19.431111,DF,DDFDF,"Gobierno del D.F., Cd. de MÈx.",76.97
-99.162778,19.378333,DF,DELVALLE,"Del Valle, Cd. de MÈx. SACMEX*",62.27
-99.221111,19.321944,DF,DHUMANOS,"Derechos Humanos, Cd. de MÈx. UNAM*",139.09
-99.309167,19.313333,DF,DTLDF,"Desierto de los Leones, Cd. de MÈx.",34.03
-99.15,19.383333,DF,DVLDF,"Del Valle, Cd. de MÈx.",62.23
-99.151944,19.300556,DF,EAZDF,"Estadio Azteca, Cd. de MÈx.",74.93
-99.151944,19.300278,DF,EAZTECA,"Estadio Azteca, Cd. de MÈx. SACMEX*",70.87
-99.271111,19.373889,DF,ELCARTERO,"Tanque el Cartero, Cd. de MÈx. SACMEX*",171.98
-99.066667,19.377778,DF,ELMORALDF,"Lumbrera Cuatro RÌos (El Moral), Cd. de MÈx. SACMEX*",76.96
-99.286667,19.363611,DF,ELYAQUI,"El Yaqui, Cd. de MÈx. SACMEX*",200.45
-99.352778,19.295278,DF,ELZARCO,"El Zarco, MÈx. SACMEX*",196.11
-99.09,19.48,DF,ENP3,"Escuela Nacional Preparatoria 3, Cd. de MÈx. UNAM*",46
-99.196111,19.403611,DF,ENP4,"Escuela Nacional Preparatoria 4, Cd. de MÈx. UNAM*",37.6
-99.286389,19.3625,DF,EYQDF,"El Yaqui, Cd. de MÈx.",200.17
-99.352222,19.295,DF,EZCDF,"El Zarco, Cd. de MÈx.",197.09
-99.091667,19.478056,DF,GCNDF,"km 6+250 (Gran Canal), Cd. de MÈx.",86.8
-99.1325,19.431389,DF,GDF,"Gobierno de la Ciudad de MÈxico, Cd. de MÈx. SACMEX*",77.01
-99.098889,19.458611,DF,GEN101,"Planta Generadora 101, Cd. de MÈx. SACMEX*",93.76
-99.264722,19.304722,DF,HUAYATLA,"Huayatla, Cd. de MÈx. SACMEX*",175.48
-99.2625,19.308056,DF,HYTDF,"Huayatla, Cd. de MÈx.",175.48
-99.181944,19.329722,DF,IIUNAM,"Instituto de IngenierÌa, Cd. de MÈx. UNAM*",78.46
-99.119444,19.496389,DF,INDIOSVER,"Indios Verdes, Cd. de MÈx. UNAM*",75.03
-99.07,19.349722,DF,IZTAPALAPA,"Iztapalapa, Cd. de MÈx. UNAM*",105.5
-98.975,19.339167,DF,LACALDERA,"La Caldera (SubestaciÛn elÈctrica Santa LucÌa), MÈx. SACMEX*",56.944
-99.167778,19.281667,DF,LAJOYA,"La Joya, Cd. de MÈx. UNAM*",121.75
-99.020556,19.345,DF,LAQUEBRADORA,"Rebombeo La Quebradora (Santa Cruz Meyehualco), Cd. de MÈx. SACMEX*",38.6
-99.310833,19.333333,DF,LAVENTA,"La Venta, Cd. de MÈx. SACMEX*",257.86
-99.120833,19.489722,DF,LINDAVISTA,"Planta de bombeo Lindavista, Cd. de MÈx. SACMEX*",84.84
-99.069167,19.420833,DF,LOPEZMATEOS,"Planta de bombeo LÛpez Mateos, Cd. de MÈx. SACMEX*",81.78
-99.066667,19.377778,DF,LU4DF,"Lumbrera 4 RÌos, Cd. de MÈx.",80
-99.3,19.340556,DF,LVNDF,"La Venta, Cd. de MÈx.",258.07
-99.283333,19.216667,DF,MAGDF,"Monte Alegre, Cd. de MÈx.",263.17
-99.279722,19.229722,DF,MALEGRE,"Monte Alegre, Cd. de MÈx. SACMEX*",265.42
-99.133889,19.403333,DF,MCARRILLO,Marcos Carrillo Cd. de MÈx. SACMEX*,104.41
-99.133889,19.403333,DF,MCRDF,"Marcos Carrillo, Cd. de MÈx.",104.41
-99.1175,19.356389,DF,MEXICALTZI,"Mexicaltzingo, Cd. de MÈx. UNAM*",112.99
-99.043889,19.3375,DF,MEYEHUALCO,"Meyehualco, Cd. de MÈx. UNAM*",6.14
-99.1275,19.365556,DF,MLIBRE,"Planta de bombeo Municipio Libre, Cd. de MÈx. SACMEX*",115.58
-99.026944,19.187222,DF,MLPDF,"Milpa Alta, Cd. de MÈx.",93.23
-99.233056,19.187778,DF,MZTDF,"Calle Mezontepec (Abasolo), Cd. de MÈx.",180.09
-99.093889,19.246944,DF,NATIVITAS,"Nativitas, Cd. de MÈx. SACMEX*",76.192
-99.045,19.3025,DF,NOPALERA,"Nopalera, Cd. de MÈx. UNAM*",78.73
-99.165278,19.469167,DF,NSMARIA,"Planta de bombeo Nueva Santa MarÌa, Cd. de MÈx. SACMEX*",97.08
-99.096389,19.316389,DF,OCSDF,"Organismo de Cuenca AVM Sur, Cd. de MÈx.",106.16
-99.098611,19.318333,DF,OFICINAGAVM,"Organismo de Cuenca Aguas del Valle de MÈcico Sur, Cd. de MÈx. SACMEX*",105.66
-99.2275,19.294167,DF,PADIERNA,"Padierna, Cd. de MÈx. UNAM*",118.74
-99.193611,19.234444,DF,PAMEZONTEPEC,"Planta Abasolo (Mezontepec), Cd. de MÈx. SACMEX*",179.844
-99.071667,19.415,DF,PANTITLAN,"Pantitl·n, Cd. de MÈx. UNAM*",78.3
-99.100278,19.379167,DF,PBADF,"Planta de Bombeo Aculco, Cd. de MÈx.",90.41
-99.057778,19.433333,DF,PBCDF,"Planta de Bombeo Churubusco L., Cd. de MÈx.",77.22
-99.119444,19.486667,DF,PBLDF,"Planta de Bombeo Lindavista, Cd. de MÈx.",84.84
-99.037778,19.38,DF,PBODF,"Planta de Bombeo U. E. de Oriente, Cd. de MÈx.",74.42
-99.170556,19.435556,DF,PBTDF,"Planta de Bombeo Tizoc, Cd. de MÈx.",108.2
-99.201944,19.423889,DF,PCHAPULTEPEC,"Puerta Chapultepec, Cd. de MÈx. SACMEX*",109.01
-99.2,19.413056,DF,PCHDF,"Puerta Chapultepec, Cd. de MÈx.",108.96
-99.097222,19.455833,DF,PGNDF,"Planta Generadora 101, Cd. de MÈx.",93.98
-99.205556,19.269444,DF,PICACHO,"Picacho, Cd. de MÈx. UNAM*",110.81
-99.076389,19.336944,DF,PLEDF,"Planta de Tratamiento La Estrella, Cd. de MÈx.",121.41
-99.068333,19.420278,DF,PLMDF,"Planta de Bombeo LÛpez Mateos, Cd. de MÈx.",81.78
-99.126389,19.365278,DF,PMLDF,"Planta de Bombeo Municipio Libre, Cd. de MÈx.",115.84
-99.090833,19.246389,DF,PNTDF,"Planta Nativitas, Cd. de MÈx.",102.35
-99.206111,19.436389,DF,POLANCO,"Polanco, Cd. de MÈx. UNAM*",107.11
-99.098889,19.384444,DF,PREPA2,"Prepa 2, Cd. de MÈx. UNAM*",79.36
-99.094722,19.482222,DF,PREPA3,"Prepa 3, Cd. de MÈx. UNAM*",50.12
-99.196111,19.403333,DF,PREPA4,"Prepa 4, Cd. de MÈx. UNAM*",102.8
-99.134722,19.307222,DF,PREPA5,"Prepa 5, Cd. de MÈx. UNAM*",98.11
-99.195,19.3675,DF,PREPA8,"Prepa 8, Cd. de MÈx. UNAM*",105.56
-99.154444,19.513056,DF,PRMDF,"Planta de Tratamiento RÌo Magdalena, Cd. de MÈx.",168.16
-99.154444,19.513056,DF,PRRDF,"Planta de Tratamiento RÌo Remedios, Cd. de MÈx.",81.29
-99.023056,19.299167,DF,PSCDF,"Planta de Tratamiento Santa Catarina, Cd. de MÈx.",86.35
-99.05,19.233333,DF,PSLDF,"Planta San Luis, Cd. de MÈx.",37.59
-99.163889,19.468889,DF,PSNDF,"Planta de Bombeo Nueva Santa MarÌa, Cd. de MÈx.",97.03
-99.171111,19.263056,DF,PSPDF,"Pueblo San Pedro M·rtir, Cd. de MÈx.",78.72
-99.190278,19.509167,DF,PTRDF,"Planta de Tratamiento Rosario, Cd. de MÈx.",68.32
-99.126111,19.285833,DF,PVCDF,"Planta de Bombeo Villa Coapa, Cd. de MÈx.",107.19
-99.143056,19.331944,DF,PXTDF,"Planta Xotepingo, Cd. de MÈx.",114.02
-99.167778,19.399167,DF,RADIOCOMDF,"Radio comunicaciÛn, Cd. de MÈx. SACMEX*",118.68
-99.194167,19.296111,DF,RBTDF,"Rebombeo Bosque Tlalpan, Cd. de MÈx.",139.95
-99.17,19.4,DF,RCMDF,"Radio ComunicaciÛn, Cd. de MÈx.",118.63
-99.264444,19.288611,DF,RIOMAGDALENA,"Planta de Tratamiento RÌo de La Magdalena, Cd. de MÈx. SACMEX*",164.87
-99.190833,19.51,DF,ROSARIODF,"Planta de Tratamiento Rosario, Cd. de MÈx. SACMEX*",68.32
-99.155278,19.515,DF,RREMEDIOS,"RÌo de los Remedios, Cd. de MÈx.SACMEX*",72.91
-99.136944,19.425,DF,SACMEX,"Sistema de Aguas, Cd. de MÈx. UNAM*",96.73
-99.279444,19.326389,DF,SANBARTOLO,"San Bartolo, Cd. de MÈx. UNAM*",128.56
-99.266111,19.306389,DF,SANBERNABE,"San BernabÈ, Cd. de MÈx. UNAM*",148.61
-99.239167,19.311667,DF,SANFRANCISCODF,"San Francisco, Cd. de MÈx. SACMEX*",143.76
-99.228056,19.436667,DF,SANJOAQUINDF,"Tanque San JoaquÌn, Cd. de MÈx. SACMEX*",38.86
-99.028889,19.259722,DF,SANLUISDF,"San Luis, Cd. de MÈx. SACMEX*",57.92
-99.265278,19.362222,DF,SANTAFEDF,"Santa Fe (Santa LucÌa), Cd. de MÈx. SACMEX*",157.81
-99.275,19.328611,DF,SBADF,"San Bartolo Ameyalco, Cd. de MÈx.",217.17
-99.274167,19.33,DF,SBAMEYALCO,"San Bartolo Ameyalco, Cd. de MÈx. SACMEX*",217.2
-99.026111,19.301667,DF,SCATARINADF,"Planta de Tratamiento Santa Catarina, Cd. de MÈx. SACMEX*",77.19
-99.028889,19.338333,DF,SCMDF,"Santa Cruz Meyehualco, Cd. de MÈx.",37.08
-99.122222,19.572222,DF,SGDDF,"Sierra Guadalupe, Cd. de MÈx.",21.33
-99.046389,19.253611,DF,SGREGORIO,"San Gregorio, Cd. de MÈx. UNAM*",88.91
-99.066667,19.466667,DF,SJADF,"San Juan de AragÛn, Cd. de MÈx.",105.41
-99.17,19.262778,DF,SPEDROMARTIR,"San Pedro M·rtir, Cd. de MÈx. SACMEX*",73.64
-99.009722,19.281389,DF,SPPDF,"San Pedro Tl·huac, Cd. de MÈx.",36.83
-98.960556,19.320833,DF,SSCDF,"SubestaciÛn ElÈctrica Santa Catarina, Cd. de MÈx.",61.73
-99.09,19.190556,DF,SSCUAUTENCO,"San Salvador Cuauhtenco, Cd. de MÈx. SACMEX*",40.41
-99.186389,19.455556,DF,TACUBA,"Tacuba, Cd. de MÈx. UNAM*",171.79
-99.2125,19.360833,DF,TARANGO,"Tarango, Cd. de MÈx. SACMEX*",96.79
-99.141389,19.344444,DF,TAXQUENA,"TaxqueÒa, Cd. de MÈx. UNAM*",105.27
-99.145278,19.555833,DF,TCHALMITA,"Tanque Chalmita, Cd. de MÈx. SACMEX*",70.65
-99.1425,19.556111,DF,TCMDF,"Tanque Chalmita, Cd. de MÈx.",70.6
-99.272222,19.373056,DF,TECDF,"Tanque el Cartero, Cd. de MÈx.",171.5
-99.246389,19.333889,DF,TELDF,"Tanque el Lienzo, Cd. de MÈx.",198.62
-98.971111,19.210833,DF,TETELCO,"Tetelco, Cd. de MÈx. SACMEX*",83.36
-99.098889,19.385556,DF,TEZDF,"Tezontle, Cd. de MÈx. SMN*",74.94
-99.170556,19.439444,DF,TIZOC,"Planta de bombeo Tizoc, Cd. de MÈx. SACMEX*",124.71
-99.079444,19.282778,DF,TLAHUAC,"San Pedro Tl·huac, Cd. de MÈx. SACMEX*",36.58
-99.220833,19.337778,DF,TLIENZO,"Tanque Lienzo, Cd. de MÈx. SACMEX*",199.74
-99.211667,19.399167,DF,TNGDF,"Tri·ngulo, Cd. de MÈx.",135.12
-99.152778,19.208611,DF,TOPILEJO,"Topilejo, Cd. de MÈx. UNAM*",122.46
-99.135833,19.199444,DF,TOPILEJODF,"Topilejo, Cd. de MÈx. SACMEX*",67.81
-99.082222,19.441111,DF,TPENON,"Tanque PeÒÛn, Cd. de MÈx. SACMEX*",95.04
-99.135833,19.199444,DF,TPJDF,"Topilejo, Cd. de MÈx.",68.83
-99.084722,19.440833,DF,TPNDF,"Tanque PeÒÛn, Cd. de MÈx.",95.02
-99.2125,19.361944,DF,TRGDF,"Tarango, Cd. de MÈx.",129.04
-99.218056,19.397222,DF,TRIANGULO,"Tri·ngulo, Cd. de MÈx. SACMEX*",134.88
-99.248611,19.316667,DF,TSFDF,"Tanque San Francisco, Cd. de MÈx.",136.13
-99.228611,19.436389,DF,TSJDF,"Tanque San JoaquÌn, Cd. de MÈx.",69.09
-99.264444,19.359722,DF,TSLDF,"Trif. Santa LucÌa, Cd. de MÈx.",157.47
-98.970833,19.210278,DF,TTLDF,"Tetelco, Cd. de MÈx.",81.54
-99.01,19.250278,DF,TULYEHUALC,"Tulyehualco, Cd. de MÈx. UNAM*",53.58
-99.189444,19.503333,DF,UAMAZC,"UAM Azcapotzalco, Cd. de MÈx. UNAM*",67.72
-99.036944,19.379444,DF,UEDEO,"Planta de bombeo U.H. EjÈrcito de Oriente, Cd. de MÈx. SACMEX*",73.65
-99.181111,19.3475,DF,UNIVERSIDADDF,"Universidad, Cd. de MÈx. SACMEX*",120.38
-99.211667,19.510278,DF,VDCDF,"Vaso de Cristo, MÈx.",68.57
-99.126389,19.286667,DF,VILLACOAPA,"Planta de bombeo Villa Coapa, Cd. de MÈx. SACMEX*",107.19
-99.106667,19.250278,DF,XOCHIMILCO,"Xochimilco, Cd. de MÈx. UNAM*",95.4
-99.144444,19.332778,DF,XOTEPINGO,"Planta de bombeo Xotepingo, Cd. de MÈx. SACMEX*",113.78
-99.149167,19.372778,DF,ZAPATA,"Zapata, Cd. de MÈx. UNAM*",104.35
-104.066111,25.263333,DGO,AM2DR,"AgustÌn Melgar, Dgo. SMN*",0.5
-104.7,24,DGO,CAGDR,"Campo AgrÌcola, Dgo.",7.31
-104.8,24.516667,DGO,CB2DR,"Caboraca (hidro), Dgo.",38.5
-104.810278,24.538333,DGO,CBRDR,"Caboraca, Dgo.",38.5
-104.123333,26.521667,DGO,CEBDR,"Ceballos, Dgo.",70.06
-104.121111,24.4375,DGO,CGVDR,"Ciudad Guadalupe Victoria, Dgo.",1.01
-103.521667,25.533333,DGO,CLRDR,"Ciudad Lerdo, Dgo.",8
-103.698889,24.871944,DGO,CNCDR,"CuencamÈ, Dgo.",14
-104.75,24.5,DGO,CNTDR,"Canatl·n, Dgo.",34.1
-104.666667,24.033333,DGO,DRGDR,"Durango, Dgo.",12.3
-104.599722,24.094722,DGO,DURANGOob,"Observatorio de Durango, Dgo. SMN*",12.2
-103.960278,24.001667,DGO,FV2DR,"Francisco Villa (hidro), Dgo.",10.01
-103.960833,24.001667,DGO,FVLDR,"Francisco Villa, Dgo.",10
-103.773611,25.270833,DGO,FZRDR,"Francisco Zarco, Dgo.",16.5
-105.25,25.5,DGO,GESDR,"General Escobedo, Dgo.",23.04
-105.955556,25.934722,DGO,GNCDR,"Guanacevit, Dgo.",51.02
-104.9225,24.803889,DGO,GUADR,"GuatimapÈ, Dgo",102.71
-104.753056,23.961111,DGO,GVCDR,"Presidente Guadalupe Victoria, Dgo.",21
-104.751944,23.960278,DGO,GVHDR,"Guadalupe Victoria, Dgo. (hidro)",21.756
-104.785,23.711389,DGO,LASBAYAS2,"Las Bayas, Dgo. SGT*",29.2
-105.015833,25.594167,DGO,LCRDR,"L·zaro C·rdenas, Dgo.",16.73
-103.283889,25.068056,DGO,LFLDR,"La Flor, Dgo.",2.2
-105.466111,24.185833,DGO,LVEDR,"Las Vegas, Dgo. SMN*",36.93
-104.246944,23.387778,DGO,MICHILIA,"La Michilia, Dgo. SMN*",63.8
-103.85,25.816667,DGO,MPMDR,"MapimÌ, Dgo.",5.01
-105.0475,23.899167,DGO,NAVDR,"NavÌos Viejos, Dgo.",65.5
-104.113889,25.225556,DGO,NZSDR,"Nazas, Dgo.",76
-104.655556,24.237222,DGO,PA2DR,"PeÒa del ¡guila, Dgo. (hidro)",10.45
-104.656667,24.203889,DGO,PAGDR,"PeÒa del ¡guila, Dgo.",10.43
-104.333056,24.538333,DGO,PDCDR,"P·nuco de Coronado, Dgo.",7.67
-104.558333,25.181944,DGO,RDODR,"Rodeo, Dgo.",5.52
-106.366667,26.133333,DGO,ROSDR,"La Rosilla, Dgo.",69.01
-104.9,25.75,DGO,RPADR,RADAR PALMITO,25.14
-105.443056,25.225,DGO,SACDR,"SalomÈ Acosta, Dgo.",23.63
-105.331111,26.433056,DGO,SANANTONIO,"San Antonio, Dgo. SGT*",12.75
-102.774444,24.631389,DGO,SANJUANGPE,"San Juan Guadalupe, Dgo. SMN*",0.4
-104.673889,23.873333,DGO,SB2DR,"Santiago Bayacora (hidro), Dgo.",1.55
-105.526667,26.004444,DGO,SBEDR,"San Bernardo, Dgo.",35
-104.675833,23.874444,DGO,SBYDR,"Santiago Bayacora, Dgo.",1.53
-103.353056,24.469167,DGO,SCLDR,"Santa Clara, Dgo.",10.5
-103.079722,24.608333,DGO,SELDR,"Santa Elena, Dgo.",23
-105.560833,26.436667,DGO,SGBDR,"San Gabriel, Dgo.",32.02
-102.778056,24.630556,DGO,SJGDR,"San Juan de Guadalupe, Dgo.",0.05
-104.499444,24.789722,DGO,SJNDR,"San Juan del RÌo, Dgo.",3.5
-104.276944,25.085,DGO,SLCDR,"San Luis del Cordero, Dgo.",40
-105.666667,23.75,DGO,SLTDR,"El Salto, Dgo.",25.5
-105.366667,25.953333,DGO,SMODR,"Santa MarÌa del Oro, Dgo.",48.41
-104.2925,25.564167,DGO,SPGDR,"San Pedro del Gallo, Dgo.",25.8
-105.422222,25.0375,DGO,SPPDR,"Santiago Papasquiaro, Dgo.",30.41
-105.566667,26.084444,DGO,SRDDR,"Sardinas, Dgo.",33.01
-106.538056,24.702222,DGO,TDRDR,"El Tule del Real, Dgo.",68.7
-103.441667,26.1125,DGO,THODR,"Tlahualilo, Dgo.",15.51
-105.725,25.341111,DGO,TLHDR,"Tepehuanes, Dgo.",34.4
-106.975,24.933333,DGO,TMZDR,"Tamazula, Dgo.",16.73
-103.979722,24.810833,DGO,VGCDR,"Vicente Guerrero, Dgo.",36.5
-104.928889,26.2425,DGO,VHGDR,"Villa Hidalgo, Dgo.",27.5
-105.5025,26.440556,DGO,VILLAOCAMPO,"Villa Ocampo, Dgo. SMN*",29.4
-105.506111,26.447778,DGO,VOCDR,"Villa Ocampo, Dgo.",32.02
-99.906667,16.849722,GRO,ACAGR,"Acapulco, Gro.",139.1
-99.749167,16.762778,GRO,ACUGR,"Acapulco, Gro. SMN*",202
-99.516944,17.576389,GRO,AERGR,"Aeropuerto de Chilpancingo, Gro.",118.7
-100.5175,18.075833,GRO,AFIGR,"AndrÈs Figueroa, Gro.",228.9
-98.975278,17.719722,GRO,AHUGR,"Ahuacuotzingo, Gro.",76.9
-99.799722,16.751111,GRO,AOMGR,"Observatorio de Aeropuerto de Acapulco, Gro.",224.65
-100.433333,17.210278,GRO,ATYGR,"Atoyac, Gro.",156.2
-99.1,16.949444,GRO,AYUGR,"Ayutla, Gro.",559.2
-99.2,18.2,GRO,BVSGR,"Buena Vista, Gro.",154
-100.664444,18.359444,GRO,CALGR,"Ciudad Altamirano, Gro.",135.2
-99.936667,16.728333,GRO,CBTGR,"CBTIS 14, Gro.",60.65
-99.701111,17.672222,GRO,CCHGR,"Chichihualco, Gro.",55.1
-100.089444,17.008889,GRO,CDBGR,"Coyuca de BenÌtez, Gro.",99.3
-99.5,17.545278,GRO,CHIGR,"Chilpancingo, Gro.",157.2
-99.175833,17.608611,GRO,CHLGR,"Chilapa, Gro.",55.5
-98.411944,16.47,GRO,CNLGR,"Cuajinicuilapa, Gro.",187.7
-99.914722,16.879722,GRO,CPRGR,"Colonia Progreso (Calle Durango), Gro.",2.25
-99.851944,16.903889,GRO,CSMGR,"Colonia SimÛn BolÌvar, Gro.",135.95
-99.831944,16.855556,GRO,CUHGR,"Coloso (Unidad Habitacional el Coloso), Gro.",126.75
-101.054444,17.376944,GRO,CYQGR,"Coyuquilla, Gro.",110.5
-99.995556,17.947778,GRO,ECAGR,"Ing. Carlos RamÌrez Ulloa, Gro.",157.7
-99.878889,16.874444,GRO,GTAGR,"La Garita (T˙nel Alto), Gro.",91.25
-99.332778,18.3025,GRO,HTZGR,"Huitzuco, Gro.",194.4
-99.55,18.349722,GRO,IGLGR,"Iguala, Gro.",160.9
-98.513333,17.6225,GRO,IXTGR,"Ixcateopan de Tlapa, Gro.",74.9
-99.925278,16.873611,GRO,JNAGR,"Juan N. ¡lvarez, Gro.",5
-99.783333,16.966667,GRO,K21GR,"km 21, Gro.",137.5
-99.845556,16.932222,GRO,LCIGR,"L·zaro C·rdenas (Col. Industrial), Gro.",127.25
-101.003056,18.418611,GRO,LCLGR,"La Calera, Gro.",72.5
-100.018056,16.958333,GRO,LDCGR,"Laguna de Coyuca, Gro.",204
-99.235,16.76,GRO,LDGGR,"Las Vigas, Gro.",204
-99.503056,18.363333,GRO,LDTGR,"Laguna de Tuxpan, Gro.",160.9
-99.918889,16.855,GRO,LMRGR,"La Mira, Gro.",163.5
-99.799722,16.8,GRO,ODAGR,"Observatorio de Acapulco, Gro.",164.5
-99.5,17.6,GRO,ODZGR,"Observatorio de Zumpango, Gro.",73.7
-98.735,17.777222,GRO,OLNGR,"Olinala, Gro.",195
-98.433333,16.683333,GRO,OMEGR,"Ometepec, Gro.",298.5
-102.123056,17.984444,GRO,PETACALCO,"Petacalco, Gro. SMN*",489.6
-99.433333,17.984444,GRO,PETGR,"Petaquillas, Gro.",180.5
-99.915556,16.885,GRO,PSCGR,"Palma Sola-CamarÛn, Gro.",216.4
-98.500556,16.655833,GRO,QTZGR,"Quetzala, Gro.",260.6
-99.166111,16.823611,GRO,RMEGR,"RevoluciÛn Mexicana, Gro.",204
-100.472778,17.139444,GRO,SJEGR,"San JerÛnimo, Gro.",202.5
-99.482778,16.796389,GRO,SNMGR,"San Marcos, Gro.",249.3
-99.605278,18.554444,GRO,TAXGR,"Taxco, Gro.",126.3
-99.526389,17.1675,GRO,TCOGR,"Tierra Colorada, Gro.",39.2
-99.976389,17.789722,GRO,TLAGR,"Tlacotepec, Gro.",173.1
-98.6,17.5,GRO,TLPGR,"Tlapa, Gro.",41.9
-99.399444,17.568056,GRO,TXTGR,"Tixtla, Gro.",158.6
-100.265833,18.382778,GRO,VGRGR,"Vicente Guerrero, Gro.",143.3
-99.466111,18.295833,GRO,VTRGR,"Valerio Trujano, Gro.",170.8
-98.488333,17.903889,GRO,XXHGR,"Xochihuehuetl·n, Gro.",89
-99.933333,17.603333,GRO,YXTGR,"Yextla, Gro.",71.5
-101.545,17.863333,GRO,ZHTGR,"Zihuatanejo, Gro.",183.4
-101.554167,17.645,GRO,ZIHUATANEJO,"Zihuatanejo, Gro. SMN*",172.8
-101.516667,20.433333,GTO,ABSGJ,"Abasolo, Gto.",41.52
-100.716667,20.033333,GTO,ACNGJ,"Ac·mbaro, Gto.",72.06
-100.683333,20.533333,GTO,AEGGJ,"Apaseo el Grande, Gto.",22.52
-100.583333,20.55,GTO,AMCGJ,"Ameche, Gto.",51.52
-101.370833,20.712778,GTO,ANSGJ,"Arandas, Gto.",65.52
-100.620833,20.454167,GTO,APSGJ,"Apaseo el Alto, Gto.",55.01
-101.625556,20.499167,GTO,ATBGJ,"Agua Tibia, Gto.",36.02
-101.631667,21.2925,GTO,BARBOSA,"Barbosa, Gto. ProtecciÛn Civil*",46.83
-101.833333,21.05,GTO,BRRGJ,"El Barrial, Gto.",80.43
-100.816667,20.533333,GTO,CLYGJ,"Celaya, Gto.",43.44
-101.474722,21.068056,GTO,COMGJ,"Comanjilla, Gto.",23
-100.363333,20.198333,GTO,CORGJ,"Coroneo, Gto.",136.8
-101.630278,20.506667,GTO,CORRALEJO,"Corralejo Hidalgo, Gto. ProtecciÛn Civil*",41.32
-101.666667,20.616667,GTO,CRMGJ,"Cuer·maro, Gto.",40.03
-100.95,20.483333,GTO,CRTGJ,"Cort·zar, Gto.",19.02
-100.9,20.95,GTO,CSRGJ,"Cinco SeÒores, Gto.",54.91
-101.666667,21.2,GTO,CSTGJ,"Los Castillos, Gto.",113.33
-100.933333,21.15,GTO,DHGGJ,"Dolores Hidalgo, Gto.",65.52
-101.835278,21.05,GTO,EBAGJ,"El Barrial, Gto.",80.43
-100.5,20.2,GTO,ECBGJ,"El Cubo, Gto.",56.53
-101.2,20.9,GTO,ECHGJ,"El ChapÌn, Gto.",35.01
-101.366667,20.733333,GTO,ECNGJ,"El Conejo, Gto.",84.12
-101.688056,21.173333,GTO,EPLGJ,"El Palote, Gto.",71.43
-101.7425,20.439167,GTO,GLNGJ,"La Golondrina, Gto.",31
-101.265,21.012222,GTO,GTOGJ,"Guanajuato, Gto.",109.93
-100.825833,20.848056,GTO,IALGJ,"Ignacio Allende, Gto.",37.53
-101.35,20.683333,GTO,IRPGJ,"Irapuato, Gto.",41.06
-100.516667,20.133333,GTO,JCRGJ,"JerÈcuaro, Gto.",85.4
-100.525833,20.610278,GTO,LADGJ,"Las Adjuntas, Gto.",50.01
-101.286111,20.861944,GTO,LAPURISIMAGJ,"La PurÌsima, Gto. SGT*",41
-101.073056,20.286944,GTO,LDYGJ,"Laguna de Yuriria, Gto.",46.51
-101.666667,21.1,GTO,LENGJ,"LeÛn, Gto.",65.03
-100.866667,20.383333,GTO,LGVGJ,"Puente la Gavia, Gto.",96
-101.358889,20.276111,GTO,LJIGJ,"Las JÌcamas, Gto.",33
-101.106944,21.3225,GTO,LQMGJ,"La Quemada, Gto.",100
-101.931944,20.504444,GTO,MABGJ,"Mariano Abasolo, Gto.",29.8
-100.501944,21.223611,GTO,MINERALPOZOS,"Mineral de Pozos, Gto. ProtecciÛn Civil*",38.09
-101.516667,21.633333,GTO,OCMGJ,"Ocampo, Gto.",21
-100.9,21.1,GTO,PDLGJ,"Puente Dolores, Gto.",56.51
-101.133333,20.516667,GTO,PERGJ,"Pericos, Gto.",27.31
-100.878333,21.105,GTO,PNLGJ,"PeÒuelitas, Gto.",58.2
-100.496111,21.22,GTO,POZGJ,"Pozos, Gto.",49.17
-101.287778,20.867222,GTO,PRSGJ,"La PurÌsima, Gto.",54.6
-101.216667,21.483333,GTO,SFEGJ,"San Felipe, Gto.",91.9
-99.831389,21.320833,GTO,SGORDAII,"Sierra Gorda 2, Gto. SMN*",41.8
-101.016667,20.4,GTO,SJLGJ,"Santa Julia, Gto.",41.1
-101.199444,20.565278,GTO,SLMGJ,"Salamanca, Gto.",32.65
-100.516667,21.3,GTO,SLPGJ,"San Luis de la Paz, Gto.",76.5
-100.667222,20.051667,GTO,SLSGJ,"SolÌs, Gto.",101.03
-100.884722,20.214167,GTO,SLVGJ,"Salvatierra, Gto.",53.34
-101.016389,20.430833,GTO,SMAGJ,"San Miguel de Allende, Gto.",29.22
-100.745833,20.577778,GTO,SMOGJ,"San Miguel Octopan, Gto.",41.8
-101.066667,20.3,GTO,SRTGJ,"Santa Rita, Gto.",47.7
-100.75,20.283333,GTO,TARGJ,"Tarimoro, Gto.",69.13
-101.3,20.6,GTO,TEMGJ,"TemascatÌo, Gto.",51.22
-100.8,20.5,GTO,TGRGJ,"Tres Guerras, Gto.",61.11
-101.182222,20.388611,GTO,VDSGJ,"Valle de Santiago, Gto.",54.51
-100.0925,21.298889,GTO,XICGJ,"Xich˙, Gto.",81.64
-98.941667,20.268056,HGO,ACTHD,"Actopan, Hgo.",36.5
-98.333333,21.016667,HGO,ATCHD,"Atlapexco, Hgo.",286
-98.716111,20.185556,HGO,ELCHICO,"El Chico, Hgo. SMN*",178
-99.36,20.163889,HGO,ENDHD,"EndhÛ, Hgo.",18.51
-98.416667,21.15,HGO,HJTHD,"Huejutla, Hgo.",256.51
-99.220833,20.481944,HGO,IXMHD,"Ixmiquilpan, Hgo.",24.1
-98.128333,20.135833,HGO,LAGUNA,"La Laguna, Hgo. FENIX*",140
-98.757222,20.591667,HGO,LMTHD,"Metztitl·n, Hgo.",62.01
-99.220278,20.873333,HGO,MARMOLES,"Los M·rmoles, Hgo. SMN*",154.8
-99.218611,20.2375,HGO,MXQHD,"Mixquiahuala, Hgo.",38.03
-98.6,21.166667,HGO,ORZHD,"San Felipe Orizatl·n, Hgo.",369.22
-98.7475,20.123333,HGO,PACHUCAob,"Observatorio de Pachuca, Hgo. SMN*",31.8
-98.7475,20.123333,HGO,PCOHD,"Observatorio de Pachuca, Hgo.",35.91
-98.334722,20.0575,HGO,PERHD,"La Esperanza, Hgo.",92.89
-99.329444,20.359722,HGO,PRGHD,"Javier Rojo GÛmez, Hgo.",14.06
-99.310833,19.963056,HGO,PRQHD,"Requena, Hgo.",60
-99.375833,20.435556,HGO,PVAHD,"Vicente Aguirre, Hgo.",13.08
-98.369444,20.083333,HGO,TLGHD,"Tulancingo, Hgo.",90.01
-99.385,19.835278,HGO,TXMHD,"Taxhimay, Hgo.",100
-99.501111,20.663333,HGO,ZMPHD,"Ing. Fernando Hiriart Balderrama, Hgo.",10.71
-98.647222,20.652778,HGO,ZXTHD,"Zacualtip·n, Hgo.",205.5
-103.133333,20.316667,JAL,ACHAPALAGDL,"Acueducto Chapala-Guadalajara, Jal. SGT*",62.6
-102.436944,21.599444,JAL,AJJJL,"Ajoj˙car, Jal.",19
-103.091944,20.397222,JAL,ATQJL,"Atequiza, Jal.",55.72
-103.446389,20.746667,JAL,BAZJL,"Base AÈrea Zapopan, Jal.",85.22
-104.061111,19.913611,JAL,BBAJL,"Basilio Vadillo, Jal.",137.02
-103.726111,22.4,JAL,BCSJL,"Bocas, Jal.",75.42
-103.783611,21.830556,JAL,BLNJL,"BolaÒos, Jal.",170.22
-103.465278,19.697778,JAL,CGZJL,"Ciudad Guzm·n, Jal.",122.3
-103.201944,20.290556,JAL,CHAJL,"Chapala 1 SMN, Jal.",58.91
-105.044722,19.498611,JAL,CHAMELA,"Chamela-Cuixmala, Jal. SMN*",102
-104.554444,19.628611,JAL,CHFJL,"El ChiflÛn, Jal",213.53
-104.566667,19.233333,JAL,CIHJL,"Cihuatl·n, Jal.",126.92
-103.25,22.133333,JAL,CLTJL,"Colotl·n, Jal.",103.8
-105.129722,19.9975,JAL,CPEJL,"CajÛn de PeÒa, Jal.",193
-104.780833,20.479722,JAL,CRNJL,"Corrinchis, Jal.",161.67
-101.7375,21.497778,JAL,CRTJL,"El Cuarenta, Jal.",49.43
-105.05,20.583333,JAL,CULJL,"Cuale, Jal.",306.5
-102.85,21.133333,JAL,CUNJL,"La CuÒa, Jal.",53.43
-103.45,21.066667,JAL,CXTJL,"Cuixtla, Jal.",65.01
-102.7075,21.043611,JAL,ELSALTO,"El Salto, Jal. SGT*",70.6
-103.333333,20.733333,JAL,EXPJL,"La Experiencia, Jal.",101.73
-103.373889,20.672778,JAL,GUAJL,"Guadalajara Centro, Jal.",155.2
-103.4,20.7,JAL,GUCJL,"Guadalajara los Colomos, Jal.",126.4
-104.497222,19.238333,JAL,HIGJL,"Higuera Blanca, Jal.",162.52
-103.651111,20.466944,JAL,HRTJL,"Hurtado, Jal.",51.64
-102.25,20.483333,JAL,HUAJL,"Huascato, Jal.",71.15
-102.705833,20.293889,JAL,JMYJL,"Jamay, Jal.",139.93
-102.558333,20.275556,JAL,LABARCA,"La Barca, Jal. SGT*",27.2
-103.644167,20.676389,JAL,LAPRIMAVERA,"La Primavera, Jal. SMN*",108.8
-103.12,20.18,JAL,LDCJL,"Lago de Chapala, Jal.",114.32
-101.919722,21.359722,JAL,LDMJL,"Lagos de Moreno, Jal.",62.16
-101.941944,21.348333,JAL,LMORENOob,"Observatorio de Lagos de Moreno, Jal. SMN*",39.6
-103.590833,19.592222,JAL,NEVADOCOLIMA,"Nevado de Colima, Jal. SMN*",166
-101.916667,21.366667,JAL,OLMJL,"Observatorio de Lagos de Moreno, Jal.",65
-103.361667,20.583889,JAL,PITJL,"ProtecciÛn a Infraestructura y AtenciÛn a Emergencias, Jal.",73.61
-104.105833,21.196944,JAL,PLYJL,"La Yesca, Jal.",134.5
-102.231944,20.491111,JAL,POLJL,"Ing. Guillermo Lugo Sanabria, Jal.",59.14
-104.05,20.55,JAL,RAMJL,"RÌo Ameca, Jal.",72.72
-105.133611,19.998611,JAL,RIOTOMATLAN,"RÌo Tomatl·n, Jal. SMN*",180.09
-102.716667,20.4,JAL,RIOZULA,"RÌo Zula, Jal. SGT*",82.2
-101.835556,21.359167,JAL,SA1JL,"La Sauceda, Jal.",67.3
-103.733333,20.916667,JAL,SANTAROSACFE,"Santa Rosa, Jal. CFE*",120.53
-101.85,21.35,JAL,SAUCEDACFE,"Sauceda, Jal. CFE*",58.5
-101.85,21.35,JAL,SAUJL,"La Sauceda, Jal.",69.1
-102.5,21.3,JAL,SGRJL,"San Gaspar de los Reyes, Jal.",58.22
-103.705556,20.908889,JAL,SRSJL,"Santa Rosa, Jal.",127.1
-102.583333,21.45,JAL,TCAJL,"Teocaltiche, Jal.",50.05
-104.320278,20.036111,JAL,TCTJL,"Tacot·n, Jal.",100.6
-103.198611,22.171944,JAL,TENJL,"Tenasco, Jal.",66.06
-103.316667,20.583333,JAL,TLAJL,"Tlaquepaque, Jal.",60.92
-103.419444,20.4425,JAL,TLAJOMULCO,"Tlajomulco, Jal. SMN*",84.8
-104.370278,19.976111,JAL,TMLJL,"RamÛn Corona Madrigal General, Jal.",116.8
-103.183333,20.15,JAL,TUXCUECA,"Tuxcueca, Jal. SGT*",38.2
-103.845833,20.596389,JAL,VEGJL,"Ing. Santiago Camarena, Jal.",91.03
-99.377222,19.377222,MEX,2RSMX,"Dos RÌos, MÈx.",251.7
-99.440556,18.861389,MEX,ALAMEDA1,"Alameda 1, MÈx. FENIX*",166.6
-98.655278,19.118611,MEX,ALTZOMONI,"Altzomoni, Mex. SMN*",76.8
-99.216667,19.566667,MEX,ARBMX,"Las Arboledas, MÈx.",207.2
-98.912222,19.543611,MEX,ATEMX,"Atenco (RÌo Xalapan), MÈx.",36.54
-99.866667,19.783333,MEX,ATPMX,"Atlacomulco Prepa., MÈx.",131.11
-99.184722,19.580833,MEX,BARRIENTOS,"Planta de bombeo Barrientos, MÈx. SACMEX*",112.79
-99.589444,19.775,MEX,BUFMX,"La ConcepciÛn, Mex.",134.8
-99.7,19.333333,MEX,CALMX,"Calixtlahuaca, MÈx.",78.7
-99.298611,19.406667,MEX,CDBMX,"CaÌda del Borracho, MÈx.",152.92
-99.298611,19.406667,MEX,CDELBORRACHO,"CaÌda del Borracho, MÈx. SACMEX*",152.89
-99.511667,19.205,MEX,CGCMX,"Gerencia Conagua CODAGEM, MÈx.",95.35
-98.888611,19.494167,MEX,CHAPINGO,"Chapingo, MÈx. SGT*",91.04
-99.4675,18.795833,MEX,CHDMX,"Ciudad Hidalgo, MÈx",131.1
-99.041667,19.593889,MEX,CHICONAUTLAI,"Chiconautla 1, MÈx. SACMEX*",109.47
-99.108333,19.515556,MEX,CHICONAUTLAII,"Chiconautla 2, MÈx. SACMEX*",99.07
-100.116667,19.2,MEX,CHIMX,"Chilesdo, MÈx.",89.01
-98.884722,19.483333,MEX,CHPMX,"Chapingo, MÈx.",78.8
-99.239444,19.534167,MEX,CLYMX,"Calacoaya, MÈx.",174.6
-99.304444,19.695,MEX,CNPMX,"La ConcepciÛn, MÈx.",134.8
-99.631667,19.292222,MEX,COBMX,"Observatorio de Estado de MÈxico, MÈx.",109.91
-100.183333,19.101667,MEX,COLMX,"Colorines, MÈx.",145.13
-99.559722,19.884722,MEX,DNXMX,"DanxhÛ, MÈx.",93
-99.344167,19.37,MEX,DOSRIOS,"Dos RÌos, MÈx. UNAM*",158.01
-99.334444,19.383611,MEX,ELVENADO,"El Venado, MÈx. SACMEX*",86.1
-99.238333,19.453611,MEX,EMOMX,"El Molinito RÌo Hondo, MÈx.",141.1
-98.916944,19.578889,MEX,GRDMX,"La Grande, MÈx.",45.01
-99.250833,19.415833,MEX,HERRADURA,"Herradura, MÈx. UNAM*",95.46
-99.696944,20.046389,MEX,HPNMX,"Huapango, MÈx.",131.65
-99.769444,19.5675,MEX,IXCMX,"Ixtlahuaca, MÈx.",158.92
-99.05,19.633333,MEX,K27MX,"km 27+250, MÈx.",62.14
-100.075833,19.383333,MEX,LBEMX,"Los Berros, MÈx.",111.61
-98.978611,19.357778,MEX,LOSREYES,"Los Reyes, MÈx. UNAM*",33
-99.267222,19.5225,MEX,MADIN,"Presa MadÌn, MÈx. UNAM*",251.98
-99.220833,19.477778,MEX,MBLMX,"Molino Blanco, MÈx.",135.03
-99.243333,19.473889,MEX,NAUCALPAN,"Naucalpan, MÈx. UNAM*",107.65
-99.683333,19.116667,MEX,NEVMX,"Nevado de Toluca, MÈx. SMN*",188.45
-99.193611,19.616667,MEX,OBSMX,"San MartÌn Obispo, MÈx.",147.2
-99.420833,18.990833,MEX,OCUMX,"Ocuil·n de Arteaga, MÈx",227.56
-99.254722,19.429722,MEX,PALMASDF,"Palmas, MÈx. SACMEX*",66.56
-99.175,19.575,MEX,PBTMX,"Planta Barrientos, MÈx.",114.56
-99.025,19.65,MEX,PCCMX,"Planta Chiconautla 2, MÈx.",99.57
-99.181944,19.743056,MEX,PCGMX,"Puente Colgante, MÈx.",49
-99.010278,19.636944,MEX,PCTMX,"Planta Chiconautla 1, MÈx.",109.72
-99.790278,19.829167,MEX,PFBMX,"Francisco JosÈ Trinidad Fabela, MÈx.",111.02
-99.775,19.461667,MEX,PIRMX,"Ignacio RamÌrez, MÈx.",91.62
-99.248889,19.429444,MEX,PLMMX,"Palmas, MÈx.",66.35
-99.260833,19.526944,MEX,PMDMX,"MadÌn, MÈx.",174.6
-99.739722,20.124167,MEX,PMNMX,"El Molino, MÈx.",43.65
-99.864444,20.038611,MEX,PNDMX,"—adÛ, MÈx.",113.03
-99.268056,19.524444,MEX,PREMX,"Presa MadÌçn, MÈx. SMN*",156.4
-99.213333,19.408333,MEX,PTLMX,"Presa Totolica, MÈx.",111.03
-99.603333,19.213333,MEX,RECMX,"RectorÌa, MÈx.",115.93
-98.911111,19.530556,MEX,SADMX,"San AndrÈs (Texcoco), MÈx.",50.82
-99.704722,19.465833,MEX,SBBMX,"JosÈ Antonio Alzate, MÈx.",161
-99.764722,19.238333,MEX,SJHMX,"San Juan de las Huertas, MÈx.",91.3
-98.870833,19.190278,MEX,SLAMX,"San Luis Ameca, MÈx.",37.72
-99.741667,19.591667,MEX,SLBMX,"San Bartolo del Llano, MÈx.",168.5
-99.8,19.633333,MEX,SMLMX,"Santa MarÌa del Llano, MÈx.",158.2
-99.285,19.574444,MEX,SNJMX,"San Juan, Mex.",130.1
-98.858611,19.644722,MEX,SNLMX,"San Lucas, Mex.",67.52
-99.8,19.333333,MEX,TBRMX,"Tres Barrancas, MÈx.",85.24
-99.935833,18.931389,MEX,TESMX,"Texcaltitl·n, MÈx.",227.95
-98.900833,19.443611,MEX,TJCMX,"El Tejocote, MÈx.",135.41
-99.195,19.538611,MEX,TLALNE,"Tlalnepantla, MÈx. UNAM*",71.99
-100.022778,19.904444,MEX,TM2MX,"Temascalcingo, MÈx.*",98.8
-99.714167,19.291111,MEX,TOLUCAob,"Observatorio de Toluca, MÈx. SMN*",79.2
-99.283333,19.453889,MEX,TOTMX,"Totolica, Mex.",109.61
-99.961389,19.660833,MEX,TPTMX,"San AndrÈs Tepetitl·n, MÈx.",120.92
-100.283333,19.1,MEX,TROMX,"Trojes, MÈx.",126.9
-99.283056,19.4525,MEX,TTLMX,"Totolica (hidro), MÈx.",130.7
-99.123889,19.904722,MEX,TTQMX,"Tajo de Tequixquiac, Mex.",84.57
-99.196111,19.403611,MEX,VALLEDEBRAVO,"Valle de Bravo, MÈx. SGT*",114
-99.213611,19.510833,MEX,VASOCRISTO,"Vaso de Cristo, MÈx. SACMEX*",79.23
-100.18,19.2075,MEX,VBRMX,"Valle de Bravo, MÈx.",198.71
-99.334167,19.382222,MEX,VNDMX,"El Venado, MÈx.",86.85
-100.055556,19.461667,MEX,VVCMX,"Villa Victoria, MÈx.",110.52
-100.608889,19.579722,MICH,AGOMC,"Agostitl·n, Mich.",69.73
-101.661111,19.926111,MICH,AMEMC,"Aristeo Mercado, Mich.",63.6
-102.371667,19.082778,MICH,APAMC,"Apatzing·n, Mich. SMN*",0
-102.371111,19.083056,MICH,APTMC,"Apatzing·n, Mich.",116.5
-102.419167,20.183889,MICH,BIBMC,"Barraje de Ibarra, Mich.",45.51
-101.459167,20.319444,MICH,CBLMC,"Casa Blanca, Mich.",43.53
-102.265278,19.973611,MICH,CHAMC,"Chaparaco, Mich.",62.41
-100.55,19.7,MICH,CHIMC,"Ciudad Hidalgo, Mich.",43.52
-102.774167,19.287778,MICH,CHLMC,"ConstituciÛn de Apatzing·n, Mich.",82
-100.9,18.5,MICH,CMNMC,"Caimanera, Mich.",71.41
-101.259167,19.629722,MICH,COIMC,"CoÌntzio, Mich.",72.17
-101.861667,20.207222,MICH,CORMC,"Corrales, Mich.",69.31
-100.421111,19.387778,MICH,DBOMC,"El Bosque, Mich.",171.01
-102.436944,20.304444,MICH,DGNMC,"De Gonzalo, Mich.",70.1
-100.45,19.966667,MICH,EGIMC,"El Gigante, Mich.",86.7
-102.541389,19.979167,MICH,GUAMC,"Guaracha, Mich.",65.7
-101.883333,18.266667,MICH,INFMC,"Infiernillo, Mich.",301.61
-102.601944,19.958333,MICH,JARMC,"Jaripo, Mich.",62.81
-101.626667,20.248889,MICH,LANMC,"Los ¡ngeles, Mich.",13.6
-101.940833,20.038333,MICH,LDFMC,"Laguna del Fresno, Mich.",22.1
-102.865556,19.210833,MICH,LOLMC,"Los Olivos, Mich.",62
-102.751389,20.146667,MICH,LPAMC,"La Palma, Mich.",80.6
-102.004444,20.354444,MICH,LPDMC,"La Piedad, Mich.",45.22
-102.9,18.8,MICH,LPNMC,"Los Panches, Mich.",98.9
-102.2,18.8,MICH,LPSMC,"La PastorÌa, Mich.",22.1
-101.2,18.8,MICH,LPZMC,"Los Pinzanes, Mich.",12.5
-101.1,19.7,MICH,MCEMC,"Morelia Centro, Mich.",56.15
-101.461389,20.323333,MICH,MKZMC,"Markazuza, Mich. SGT*",17.2
-102.2,17.899167,MICH,MLCMC,"Melchor Ocampo L. C., Mich.",492.51
-100.873611,19.829167,MICH,MLPMC,"MalpaÌs, Mich.",95.4
-100.277778,19.670833,MICH,MMONARCAI,"Mariposa Monarca 1, Mich. SMN*",71
-101.2,19.7,MICH,MNOMC,"Morelia Norte, Mich.",108.44
-101.724444,20.127222,MICH,MOCMC,"Melchor Ocampo, Mich.",110.5
-101.176111,19.688611,MICH,MORMC,"Morelia, Mich.",52.45
-100.879167,19.835556,MICH,MPSMC,"MalpaÌs, Mich. SGT*",73.5
-100.439167,19.890833,MICH,MRVMC,"MaravatÌo, Mich.",82.51
-102.325,19.964167,MICH,ORAMC,"Orandino, Mich.",47.3
-101.05,19.49,MICH,PDBMC,"Planta de Bombeo, Mich.",60.04
-102.601389,19.959167,MICH,PDEGONZALO,"Presa de Gonzalo, Mich. SGT*",51.6
-102.431389,20.303056,MICH,PJARIPO,"Presa Jaripo, Mich. SGT*",49
-101.6,20.3,MICH,PORMC,"Pastor Ortiz, Mich.",39.83
-100.684167,19.621389,MICH,PUCMC,"Pucuato, Mich.",76.8
-102.136944,19.961389,MICH,PUREPETIRO,"Presa Urepetiro, Mich. SGT*",69.2
-102.716667,20.066667,MICH,SAHMC,"Sahuayo, Mich.",59
-102.464722,20.208333,MICH,SCRMC,"San CristÛbal, Mich.",49.9
-102.651389,19.839444,MICH,SJUMC,"San Juanico, Mich.",60
-102.4,20.1,MICH,SSIMC,"San SimÛn, Mich.",89.02
-100.229167,20.000278,MICH,TEPMC,"Tepuxtepec, Mich.",72.4
-100.229167,20.000556,MICH,TEPUXTEPECF,"Tepuxtepec, Mich. FENIX*",117
-102.137778,19.962222,MICH,UREMC,"Urepetiro, Mich.",35.73
-102.180278,18.048333,MICH,VILMC,"JosÈ MarÌa Morelos y PavÛn, Mich.",369.43
-101.45,19.55,MICH,VJIMC,"Villa JimÈnez, Mich.",122.45
-102.242222,20.339444,MICH,YURMC,"YurÈcuraro, Mich.",67.4
-102.284167,20.006667,MICH,ZAMMC,"Zamora, Mich.",63.21
-102.316667,19.983333,MICH,ZAMORAob,"Observatorio de Zamora, Mich. SMN*",42.4
-101.795,19.805278,MICH,ZCAMC,"Zacapu, Mich.",74.43
-101.931944,18.921111,MICH,ZICMC,"Zicuir·n, Mich.",44
-100.828611,19.860278,MICH,ZINMC,"ZinapÈcuaro, Mich.",68.52
-98.829167,18.947222,MOR,ACHMR,"Achichipico, Mor.",219.52
-99.265833,18.735,MOR,ALUMR,"Alpuyeca, Mor.",143
-99.4,18.6,MOR,AMCMR,"Amacuzac, Mor.",205.1
-99.463611,18.68,MOR,APAMR,"Apacingo, Mor.",164.22
-98.928056,18.948889,MOR,ATLMR,"Atlatlahucan, Mor.",200.11
-98.9,18.8,MOR,CUAMR,"Cuautla, Mor.",187.24
-99.2,18.9,MOR,CUEMR,"Cuernavaca, Mor.",291.02
-99.233333,18.933333,MOR,CUERNAVACAob,"Observatorio de Cuernavaca, Mor. SMN*",203.6
-98.786667,18.690556,MOR,ELPMR,"El PeÒÛn, Mor.",160.92
-99.180278,18.573889,MOR,HIGMR,"HiguerÛn, Mor.",194.4
-99.424167,18.608333,MOR,HUAMR,"Huajintl·n, Mor.",177
-98.75,18.883333,MOR,HUEMR,"Hueyapan, Mor.",159.79
-99.015833,19.028889,MOR,HUIMR,"Huitzilac, Mor.",240.71
-99.025,18.441389,MOR,HUTMR,"Huautla, Mor.",135.02
-98.781667,18.936667,MOR,HUXMR,"Huecahuaxco, Mor.",134.36
-99.158611,18.883611,MOR,IMTMR,"Instituto Mexicano de TecnologÌa del Agua, Mor. SMN*",185.31
-98.8,18.7,MOR,JNCMR,"Jonacatepec, Mor.",205
-99.2,18.6,MOR,JOJMR,"Jojutla, Mor.",136.4
-98.916667,18.683333,MOR,LCUMR,"La Cuera, Mor.",234.14
-99.4,18.7,MOR,MIAMR,"Miacatl·n, Mor.",61.8
-99.004722,18.727222,MOR,MYOMR,"Moyotepec, Mor.",193.29
-99.140833,18.519444,MOR,NEXMR,"Nexpa, Mor.",138.22
-99.258333,18.734722,MOR,OACMR,"Oacalco, Mor.",90.3
-98.901389,18.900556,MOR,OAXMR,"Oaxtepec, Mor.",140.4
-99.219167,18.908889,MOR,OBSMR,"Observatorio de Morelos, Mor.",296.4
-98.758611,18.8825,MOR,OCTMR,"Ocuituco, Mor.",214.8
-99.322778,18.633333,MOR,PIXMR,"Puente de Ixtla, Mor.",139.51
-99.156944,18.771111,MOR,PROMR,"Progreso (IMTA), Mor.",185.6
-99.331389,18.765278,MOR,RODMR,"El Rodeo, Mor.",104
-98.936111,18.541389,MOR,SHUAUTLA,"Sierra de Huautla, Mor. SMN*",185.6
-99.190556,18.918333,MOR,SLDMR,"Solidaridad, Mor.",208.35
-99.042778,18.580278,MOR,SPHMR,"San Pablo Hidalgo, Mor.",191.71
-99.2,18.9,MOR,TEMMR,"Temixco, Mor.",153.3
-98.710278,18.876389,MOR,TETMR,"Tetela del Volc·n, Mor.",136.4
-99.1,18.794167,MOR,TICMR,"Ticum·n, Mor.",273.5
-99.306111,18.487778,MOR,TILMR,"Tilzapotla, Mor.",130.3
-98.943611,19.038056,MOR,TLCMR,"Tlacualera, Mor.",276.6
-98.75,18.813333,MOR,TLOMR,"Tlacotepec, Mor.",181.52
-98.786944,18.778056,MOR,TMCMR,"Temoac, Mor.",127.1
-98.92,18.9875,MOR,TOTMR,"Totoloapan, Mor.",163.01
-98.843611,18.596389,MOR,TPLMR,"Tepalcingo, Mor.",254.2
-99.250278,18.611111,MOR,TQGMR,"Tequesquitengo, Mor.",105.1
-99.248611,19.050556,MOR,TRESMARIAS,"Tres MarÌas, Mor. SMN*",169
-99.188333,18.521111,MOR,XICMR,"Xicatlacotla, Mor.",139
-99.25,18.683333,MOR,XXOMR,"Xoxocotla, Mor.",149.91
-99.1,18.9,MOR,YAHMR,"Yautepec, Mor.",195.8
-99.200833,18.636667,MOR,ZCTMR,"Zacatepec, Mor.",128.1
-105.354167,22.49,NAY,ACANR,"Acaponeta, Nay.",116.04
-105.403333,22.479444,NAY,ACAPONETA,"Acaponeta, Nay. SMN*",79.75
-104.802222,21.839167,NAY,AGMNR,"Aguamilpa Solidaridad, Nay.",380.5
-105.1125,21.831111,NAY,CAPNR,"Capomal, Nay.",268.05
-104.450833,21.428333,NAY,CJNNR,"Leonardo RodrÌguez Alcaine, Nay.",61.5
-105.136667,20.889722,NAY,GAVNR,"Gaviotas, Nay.",428.56
-104.516944,22.250833,NAY,JMANR,"Jes˙s MarÌa, Nay.",65.8
-105.341667,22.558333,NAY,LESNR,"La Estancia, Nay.",94.72
-105.020833,22.377778,NAY,PAJNR,"Pajaritos, Nay.",165.92
-105.211667,22.119722,NAY,ROMNR,"Rosa Morada, Nay.",85.92
-104.8,21.8,NAY,RSRNR,"Reguladora San Rafael, Nay.",373.2
-105.1425,21.958333,NAY,RUINR,"Ruiz, Nay.",224.83
-104.893056,21.489167,NAY,TEPICob,"Observatorio de Tepic, Nay. SMN*",108.8
-104.891944,21.489444,NAY,TEPNR,"Tepic, Nay.",128.63
-99.680556,24.883333,NL,ADJNL,"Las Adjuntas, N.L.",35
-99.680556,24.897222,NL,ADJUNTASHUALA,"Las Adjuntas, N.L. SGT*",35.25
-100.011944,25.272778,NL,AL2NL,"Allende Dos, N. L.",38
-100.134444,27.24,NL,ANHNL,"An·huac, N.L.",42.01
-99.816667,24.1,NL,ARRNL,"Aramberri, N.L.",8.64
-99.911667,24.321944,NL,ASCNL,"La AscensiÛn, N.L.",40.01
-99.743889,24.99,NL,CABNL,"Cabezones, N.L.",40.8
-99.579444,24.876111,NL,CAMACHO,"Camacho, N.L. SGT*",58.75
-99.578889,24.871944,NL,CAMNL,"Camacho, N.L.",80.71
-100.274722,25.800556,NL,CANNL,"El Canad·, N.L.",1.25
-99.439444,24.976111,NL,CARNL,"Carmen de los Elizondo Linares, N. L.",49.65
-99.276944,25.711667,NL,CCHNL,"Cuchillo-Solidaridad, N.L.",31.5
-100.172222,25.952222,NL,CDFNL,"CiÈnega de Flores, N.L.",4.05
-99.975,25.590278,NL,CDRNL,"Cadereyta, N.L.",93.12
-99.399722,24.9375,NL,CPRNL,"JosÈ LÛpez Portillo, N.L.",35.52
-99.6975,24.783611,NL,CRUNL,"Crucitas, N.L.",96
-99.614167,26.091389,NL,CRVNL,"Cerralvo, N.L.",15.1
-100.172778,23.676389,NL,DARNL,"Doctor Arroyo, N.L.",33
-100.198056,25.5175,NL,ECSNL,"El Cerrito, N.L.",84.5
-100.308333,25.576944,NL,ELDIENTE,"El Diente SMN, N. L.",24.8
-100.083333,24.833333,NL,GALNL,"Galeana, N.L.",34.31
-99.975556,25.765,NL,LAARENA,"La Arena, N.L. SGT*",32.25
-100.128056,25.428056,NL,LBCNL,"La Boca, N.L.",46
-99.527222,25.497222,NL,LERNL,"Las Enramadas, N.L.",6.03
-99.401389,25.898333,NL,LosHerrera,"Los Herrera, N.L. SGT*",6.25
-99.196667,26.022222,NL,MDRNL,"Madero, N.L.",25.12
-99.833333,25.174167,NL,MTMNL,"Montemorelos, N.L.",59.9
-100.271667,25.6825,NL,MTRNL,"Monterrey, N.L.",22.73
-100.118056,23.4225,NL,MYNNL,"Mier y Noriega, N.L.",72.34
-100.304722,25.733611,NL,OBSNL,"Observatorio de Nuevo LeÛn, N.L.",22.73
-99.221667,24.992778,NL,PAMNL,"La Pamona, N.L.",20.05
-100.372222,27.429167,NL,PSANL,"Salinillas, N.L.",47.01
-100.240278,25.856944,NL,RADIOSONDEOMTY,"Radiosondeo, Monterrey N.L. SGT*",0
-100.551111,25.028333,NL,SRANL,"San Rafael, N.L.",17.01
-100.446667,25.674444,NL,STACATARINA,"Santa Catarina, N.L. SGT*",17
-99.77,25.503611,NL,Tepehuaje,"Cadereyta, N.L. SGT*",12.5
-99.777778,23.981389,NL,ZRGNL,"Zaragoza, N.L.",26
-102.184167,21.738611,OAX,AMTOX,San Antonino Monte Verde,119.4
-95.698889,16.009167,OAX,ASTOX,"Astata, Oax.",184.5
-96.53,17.43,OAX,ATEOX,"Atepec, Oax.",125.5
-96.1,17.016667,OAX,AYUOX,"Ayutla, Oax.",188.3
-96.716667,17.066667,OAX,BAEOX,"Base AÈrea, Oax.",86.31
-95.929167,16.647222,OAX,BOQOX,"Boquilla 1, Oax.",37.03
-96.263611,17.999167,OAX,CDOOX,"Miguel de la Madrid Hurtado, Oax.",318.2
-94.816667,16.583333,OAX,CHIOX,"Chicapa, Oax.",369.4
-102.712222,21.849167,OAX,COZOX,"San Francisco Cozoaltepec, Oax.",354.2
-96.658333,18.492778,OAX,CSPOX,"Cosolapa, Oax.",342.92
-96.416667,18.233333,OAX,DPSOX,"Dique Pescaditos, Oax.",204.81
-95.424722,16.436389,OAX,EMAOX,"El MarquÈs (RÌo Tehuantepec), Oax.",262.72
-102.676944,21.9975,OAX,FOYOX,"San Francisco Yosocuta, Oax.",42.73
-97.766667,17.808333,OAX,HDLOX,"Huajuapan de LeÛn, Oax.",136.56
-97.783333,17.8,OAX,HLOOX,"Observatorio de Huajuapan de LeÛn, Oax.",140.72
-95.053889,16.503611,OAX,IXTALTEPEC,"Ixtaltepec, Oax. SGT*",152.4
-95.1,16.583333,OAX,IXTOX,"Ixtepec, Oax.",231.21
-96.2,17.866667,OAX,JACOX,"Jacatepec, Oax.",354.9
-95.397778,16.445556,OAX,JDMOX,"Presidente Benito Ju·rez, Oax.",234
-95.033333,16.433333,OAX,JUCOX,"Juchitan, Oax.",241.01
-95.2,16.6,OAX,KM1OX,"km 33+190, Oax.",213.4
-95.716667,16.416667,OAX,KM2OX,"km 51+740, Oax.",548.2
-96.905556,18.210556,OAX,LCAOX,"La Carbonera, Oax.",41.8
-97.688333,15.966667,OAX,LCHACAHUA,"Laguna Chacahua, Oax. SMN*",143.8
-95.3,16.4,OAX,LPIOX,"Las Pilas, Oax.",281.52
-95.483333,17.45,OAX,MAROX,"MarÌa Lombardo, Oax.",318.42
-95.036389,16.882778,OAX,MROOX,"MatÌas Romero, Oax. SMN*",223.51
-96.733333,17.066667,OAX,OACOX,"Oaxaca Centro, Oax.",88.9
-96.7,17,OAX,OAOOX,"Observatorio de Aeropuerto Oaxaca, Oax.",99.92
-94.4,16.5,OAX,OSTOX,"Ostuta, Oax.",291.03
-96.489722,15.6675,OAX,PANGELob,"Observatorio de Puerto ¡ngel, Oax. SMN*",75
-96.083333,18.166667,OAX,PAPOX,"Papaloapan, Oax.",220.83
-96.716667,17.072778,OAX,PIAOX,"Organismo de Cuenca PacÌfico Sur PIAE, Oax.",98.7
-96.483333,15.666667,OAX,PTAOX,"Puerto ¡ngel, Oax.",172.6
-95.281389,16.476111,OAX,RHOOX,"RÌo Hondo, Oax.",207.2
-95.916667,17.733333,OAX,RMLOX,"RÌo Manso Lalana, Oax.",301.9
-97.725,16.102778,OAX,RVEOX,"RÌo Verde, Oax.",179.5
-95.226667,16.161944,OAX,SALINACRUZob,"Observatorio de Salina Cruz, Oax. SMN*",166.6
-95.165,16.283056,OAX,SBLOX,"San Blas Atempa, Oax.",245.41
-97.895,17.905833,OAX,SCHOX,"Santiago Chilixtlahuaca, Oax.",149.63
-96.55,17.266667,OAX,SCIOX,"Ixtepeji (S. Catarina I.), Oax.",134.5
-95.2,16.183333,OAX,SCROX,"Salina Cruz, Oax.",164.9
-96.533333,17.883333,OAX,SFUOX,"San Felipe Usila, Oax.",432
-102.189167,21.826667,OAX,SLAOX,"Silacayo·pam, Oax.",255.07
-96.453611,17.1175,OAX,SMAOX,"San Antonio Cuajimoloyas, Oax.",205.12
-96.933333,17.516667,OAX,SNAOX,"Santiago Nacaltepec, Oax.",56.27
-96.55,18.05,OAX,STDOX,"Santo Domingo, Oax.",334.2
-102,21.896389,OAX,STTOX,"Santiago Teotongo, Oax.",133.1
-95.2,16.3,OAX,TEHOX,"Tehuantepec, Oax.",218.02
-96.412222,18.232222,OAX,TEMOX,"Presidente Alem·n, Oax.",174.5
-97.424444,17.550556,OAX,TEPOX,"San Juan Teposcolula, Oax.",134
-95.6,16.416667,OAX,TEQOX,"Tequisistl·n, Oax.",148.62
-102.356944,22.121667,OAX,TSLOX,"Heroica Villa Tezoatl·n de Segura y Luna, Oax.",122.14
-96.133333,18.083333,OAX,TUXOX,"Tuxtepec, Oax.",325.71
-96.381389,17.925556,OAX,UCFOX,"CFE-Usila, Oax.",287
-94.833333,16.45,OAX,UHGOX,"UniÛn Hidalgo, Oax.",342
-96.3,17.776389,OAX,VANOX,"Valle Nacional, Oax.",399
-97.826111,17.724444,OAX,YOSOX,"Yosocuta, Oax.",173.52
-95.93,17.15,OAX,ZACOX,"Zacatepec, Oax.",464.75
-98.389444,17.755278,OAX,ZALOX,"Zapotitl·n Lagunas, Oax.",90.1
-94.216111,16.4025,OAX,ZANOX,"Zanatepec, Oax.",221.51
-102.788333,21.8075,OAX,ZAPOX,"Zapotitl·n Palmas, Oax.",158.8
-97.418056,19.45,PUE,ACHPB,"Alchichilca, Pue.",52.56
-97.934167,19.0625,PUE,ACJPB,"Acajete, Pue.",127.6
-98.055,18.277222,PUE,ADOPB,"Acatl·n de Osorio, Pue.",128.3
-98.135833,18.9425,PUE,AFRPB,"Africam, Pue.",128.1
-97.920833,18.854167,PUE,AHAPB,"Ahuatepec, Pue.",190
-98.148056,20.033056,PUE,AHUPB,"Ahuazontepec, Pue.",160.4
-97.845,20.406944,PUE,APAPB,"Apapantilla, Pue.",301.3
-98.420833,18.921111,PUE,ATXPB,"Atlixco, Pue.",125.1
-97.881111,20.385833,PUE,AVCPB,"¡vila Camacho, Pue.",323.1
-97.503333,19.961389,PUE,BAIPB,"Buenos Aires, Pue. CFE.",600.98
-98.108611,18.9125,PUE,BDDPB,"Manuel ¡vila Camacho, Pue.",101.82
-97.441667,18.987222,PUE,CDSPB,"Ciudad Serd·n, Pue.",84
-97.958333,18.968889,PUE,CEMPB,"Cemex, Pue.",157
-98.579167,18.516111,PUE,CHIPB,"Chietla, Pue.",159.92
-98.318056,19.068611,PUE,CHLPB,"Cholula, Pue.",251
-98.567778,18.109722,PUE,CHSPB,"Chila de la Sal, Pue.",120.9
-98.198611,19.022778,PUE,CNAPB,"Conagua, Pue.",158.8
-98.049722,19.743333,PUE,CNGPB,"Chignahuapan, Pue.",130.53
-98.164722,18.612778,PUE,COAPB,"Coatzingo, Pue.",88.32
-98.059444,19.092778,PUE,CPLPB,"Capulac, Pue.",111.2
-97.516667,20.033333,PUE,CTZPB,"Cuetzalan, Pue.",718.06
-98.275556,18.966111,PUE,ECHPB,"EcheverrÌa, Pue.",152.01
-98.456111,19.101111,PUE,HJTPB,"Huejotzingo, Pue.",145.1
-98.540278,18.772222,PUE,HQCPB,"Huaquechula, Pue.",161.5
-98.050833,20.176389,PUE,HUAPB,"Huauchinango, Pue.",267.22
-97.815833,19.621667,PUE,IXTPB,"Ixtacamaxtitl·n, Pue.",46.81
-98.466389,18.610833,PUE,IZMPB,"Iz˙car de Matamoros, Pue.",145
-97.879167,20.391667,PUE,LACEIBAPUE,"La Ceiba, Pue. SGT*",217
-97.691111,19.457222,PUE,LIBPB,"Libres, Pue.",56
-98.231111,19.010556,PUE,MAYPB,"Mayorazgo 21 Poniente, Pue.",184.72
-97.850278,20.733056,PUE,MTLPB,"Metlaltoyuca, Pue.",266.81
-98.000556,20.216667,PUE,NECAXA,"Necaxa, Pue. FENIX*",230.3
-98.000556,20.216667,PUE,NNEPB,"Necaxa, Pue.",397.2
-97.533333,19.7,PUE,OYAPB,"Oyameles, Pue.",152.07
-98.156667,20.2775,PUE,PAHUATLAN,"Pahuatl·n de Valle, Pue. SGT*",227.7
-97.251389,18.918056,PUE,PCRPB,"Paso Carretas, Pue.",132.5
-98.264722,18.2,PUE,PIXPB,"Piaxtla, Pue.",76.83
-97.883333,20.233333,PUE,PTLPB,"Patla, Pue.",536.8
-98.166667,19.05,PUE,PUEBLAob,"Observatorio de Puebla, Pue. SMN*",121.4
-98.166667,19.05,PUE,PUOPB,"Observatorio de Puebla, Pue.",133.4
-97.616667,19.25,PUE,QUIPB,"Quimixtl·n, Pue.",197.63
-97.401667,20.116111,PUE,RNAPB,"Rancho Nuevo (Ayotoxco), Pue.",403
-98.22,19.113056,PUE,SCRPB,"San CristÛbal Caleras, Pue.",148.82
-97.91,18.735,PUE,SMCPB,"San Miguel Canoa, Pue.",99.37
-97.446667,19.960833,PUE,SOLPB,"La Soledad, Pue.",562.02
-98.582222,19.330278,PUE,SRTPB,"Santa Rita Tlahuapan, Pue.",126.5
-97.486389,19.952778,PUE,STLPB,"Sontalaco, Pue. CFE.",594.26
-97.7925,20.004444,PUE,TDRPB,"Tepango de RodrÌguez, Pue.",674.5
-97.7525,18.878889,PUE,TECPB,"Tecamachalco, Pue.",93
-97.395556,18.479167,PUE,TEHPB,"Tehuac·n, Pue.",50.53
-98.777222,18.451944,PUE,TELPB,"Teotlalco, Pue.",166.7
-97.805833,19.829444,PUE,TEOPB,"Tetela de Ocampo, Pue.",250.93
-97.794167,20.000833,PUE,TEPPB,"Tepexic, Pue.",426.6
-97.430556,18.468889,PUE,TETPB,"Teopilco, Pue.",75.82
-97.956944,19.815278,PUE,TEZPB,"Teziutl·n, Pue.",356.22
-97.876111,20.315278,PUE,TLAXCALALTON,"Tlaxcalaltongo, Pue. SGT*",475.6
-96.849722,18.405,PUE,TLPPB,"Tlacotepec de DÌaz, Pue.",538.5
-97.491944,19.489167,PUE,TPYPB,"Tepeyahualco, Pue.",113.01
-96.861389,18.483611,PUE,TYAPB,"Tepeyac, Pue.",562.91
-97.675833,20.510278,PUE,VENPB,"Venustiano Carranza, Pue.",257.1
-97.956944,20.277222,PUE,XDJPB,"Xicotepec de Ju·rez, Pue.",517.62
-97.585,19.859722,PUE,ZCPPB,"Zacapoaxtla, Pue.",354.61
-97.011389,18.332222,PUE,ZOQPB,"Zoquitl·n, Pue.",344.01
-97.832778,20.178611,PUE,ZRGPB,"Zaragoza, Pue.",226
-100.354167,20.5025,QRO,BATQT,"El Bat·n, Qro.",25
-100.435556,20.604167,QRO,CARQT,"Carrillo, Qro.",27.5
-100.080278,20.418611,QRO,CNSQT,"ConstituciÛn de 1917, Qro.",47.5
-100.455833,20.693333,QRO,ELARENAL,"El Arenal, Qro. SGT*",37.6
-100.453333,20.535,QRO,EPUQT,"El Pueblito, Qro.",18.4
-100.366667,20.566667,QRO,GHQQT,"Gerencia Hidalgo, Qro.",42.7
-99.9625,20.198611,QRO,IDFQT,"San Ildefonso, Qro.",103
-99.479722,21.230278,QRO,JLPQT,"Jalpan, Qro.",90.1
-100.45,20.7,QRO,JRQQT,"Juriquilla, Qro.",47.4
-100.23,20.62,QRO,MARQT,"El MarquÈs, Qro.",13.1
-100.366667,20.566667,QRO,OBSQT,"Observatorio de QuerÈtaro, Qro.",41.6
-99.815,21.055833,QRO,PMLQT,"PeÒamiller, Qro.",47.6
-100,20.3625,QRO,SJSQT,"San JosÈ, Qro.",90.9
-86.820278,21.156667,QROO,CANQR,"Canc˙n, Q. Roo.",250.41
-88.3275,18.500556,QROO,CHETUMALob,"Observatorio de Chetumal, Q. Roo. SMN*",85.6
-88.3275,18.500556,QROO,CHOQR,"Chetumal, Q. Roo.",116.74
-86.775833,21.074444,QROO,CNCQR,"Canc˙n, Q. Roo. SMN*",257.54
-86.946111,20.51,QROO,COZQR,"Cozumel, Q. Roo.",230.8
-88.045,19.575556,QROO,FCRQR,"Felipe Carrillo Puerto, Q. Roo.",166.8
-88.703611,19.752222,QROO,JMORELOS,"JosÈ MarÌa Morelos, Q. Roo. SMN*",137.8
-87.486111,21.101944,QROO,KANTUNILKIN,"KantunilkÌn, Q. Roo. SMN*",184.4
-88.923889,18.455278,QROO,NICOLASBRAVO,"Nicol·s Bravo, Q. Roo. SMN*",131.2
-87.077778,20.634444,QROO,PDCQR,"Playa del Carmen, Q. Roo.",220.3
-106.654167,24.047222,SIN,ACTSI,"Acatit·n, Sin.",5.9
-109.183333,25.916667,SIN,AHMSI,"Ahome, Sin.",25
-107.383333,25.090278,SIN,AL2SI,"El Varejonal (hidro), Sin.",49.52
-107.388333,25.101389,SIN,ALMSI,"Adolfo LÛpez Mateos, Sin.",49.5
-108.7,25.7,SIN,ARCSI,"Adolfo RuÌz CortÌnes, Sin.",8.2
-107.466667,25.033333,SIN,AWSSI,"Andrew Weiss, Sin.",60.5
-107.5375,25.333333,SIN,BDRSI,"Badiraguato, Sin.",14.5
-108.329167,26.736111,SIN,CHXSI,"Choix EstaciÛn, Sin.",16.6
-107.4,24.816667,SIN,CLCSI,"Culiac·n, Sin.",89.03
-108.065556,25.484722,SIN,EBLSI,"Lic. Eustaquio Buelna, Sin.",9.8
-108.616667,26.433333,SIN,EFTSI,"El Fuerte, Sin.",18.2
-108.6175,26.411389,SIN,ELFUERTE,"El Fuerte, Sin. SMN*",13.2
-108.316667,26.083333,SIN,GB2SI,"El Sabinal (hidro), Sin.",35
-108.3275,28.95,SIN,GBESI,"Ing. Guillermo Blake Aguilar, Sin.",35
-107.911944,25.855278,SIN,GD2SI,"Bacurato (hidro) presa Gustavo Diaz Ord·z, Sin.",11.02
-107.911111,25.856667,SIN,GDOSI,"Gustavo DÌaz Ordaz, Sin.",11
-108.091667,25.469444,SIN,GMCSI,"Guam˙chil, Sin.",9.8
-108.466667,25.716667,SIN,GSVSI,"Guasave, Sin.",15.81
-107.225,25.344444,SIN,GTNSI,"Guatenipa, Sin.",46.5
-109.333333,25.983333,SIN,HDZSI,"Higuera de Zaragoza, Sin.",24.7
-106.595833,23.955556,SIN,IXPSI,"Ixpalino, Sin.",8.1
-107.059444,24.753611,SIN,JGRSI,"Juan Guerrero Alcocer, Sin.",10
-106.807222,24.571667,SIN,JLPSI,"JosÈ LÛpez Portillo, Sin.",14.5
-108.013889,25.9,SIN,JNASI,"Jaina, Sin.",14.03
-108.7025,26.426944,SIN,JORSI,"Josefa Ortiz de DomÌnguez, Sin.",8.41
-106.9,23.916667,SIN,LCRSI,"La Cruz, Sin.",2
-108.35,26.904167,SIN,LD2SI,HUITES (HIDRO),15
-108.367778,26.844722,SIN,LDCSI,"Luis Donaldo Colosio, Sin.",15
-109,25.8,SIN,MCHSI,"Los Mochis, Sin.",49.2
-106.4,23.233333,SIN,MZTSI,"Mazatl·n, Sin.",18.44
-107.188056,24.251111,SIN,OBISPO,"Obispo, Sin. SMN*",24.6
-107.440556,24.634722,SIN,OBSSI,"Observatorio de Culiac·n, Sin.",40.9
-108.58,26.509722,SIN,PMHSI,"Miguel Hidalgo, Sin.",13.7
-106.466667,23.5625,SIN,QLTSI,"Quelite, Sin.",8.32
-107.755833,25.124722,SIN,RAVSI,"EstaciÛn Rancho Viejo, Sin.",44.02
-105.85,22.983333,SIN,RSRSI,"Rosario, Sin.",50
-107.843333,25.485556,SIN,SANJUAN,"San Juan, Sin. SMN*",16.6
-108.779167,26.073611,SIN,SFRSI,"Sufragio, Sin.",3.5
-107.5,25.3,SIN,SJNSI,"San Juan, Sin.",14.31
-107.1,24.8,SIN,SLRSI,"San Lorenzo, Sin.",67.5
-106.695833,24.121944,SIN,SLTSI,"Ing. Aurelio Benassini Vizcaino, Sin.",6
-107.158333,24.813889,SIN,SN2SI,"Sanalona (hidro), Sin.",20.44
-107.151389,24.815,SIN,SNLSI,"Sanalona, Sin.",20.4
-106.25,23.35,SIN,SQRSI,"Siqueros, Sin.",18.94
-108.129167,26.9,SIN,TBRSI,"San Francisco, Sin.",19.1
-105.846944,23.088333,SIN,TORSI,"Las Tortugas, Sin.",77.5
-107.059722,24.7475,SIN,VINSI,"Vinoramas, Sin.",10.01
-108.359722,25.741667,SIN,ZOPSI,"El Zopilote, Sin.",17.5
-98.558333,21.972222,SLP,AJTSL,"Las Adjuntas, S.L.P.",99.4
-98.955833,21.748889,SLP,BLMSL,"Ballesmi, S.L.P.",252.5
-99.030833,21.979722,SLP,CDVALLES,"Ciudad Valles, S.L.P. SMN*",71.4
-99.239444,21.906944,SLP,GANSL,"Gallinas, S.L.P.",187.6
-100.940278,21.811111,SLP,GOGORRON,"GogorrÛn, S.L.P. SMN*",25.4
-100.820556,21.88,SLP,IVGSL,"ValentÌn Gama, S.L.P.",28.11
-98.815556,21.325,SLP,MATLAPAob,"Observatorio de Matlapa, S.L.P. SMN*",200.6
-100.642778,23.656944,SLP,MATSL,"Matehuala, S.L.P.",39.88
-99.159444,22.12,SLP,MICSL,"Micos, S.L.P.",70.1
-98.8,21.333333,SLP,MTPSL,"Matlapa, S.L.P.",410.5
-99.32,22.523333,SLP,NRJSL,"Naranjos, S.L.P.",74.8
-100.762222,21.849722,SLP,OCTSL,"Ojo Caliente, S.L.P.",83.91
-99.830556,21.651111,SLP,PMYSL,"Pedro Montoya (San Ciro), S.L.P.",182.41
-98.939722,21.847222,SLP,PUJSL,"El Pujal, S.L.P.",180.2
-98.889722,21.422222,SLP,REQUETEMU,"Requetemu, S.L.P. SGT*",226.8
-99.996389,21.921389,SLP,RIOVERDEob,"Observatorio de RÌo Verde, S.L.P. SMN*",102.4
-98.888611,21.425,SLP,RQTSL,"Requetemu, S.L.P.",300.4
-99.995,21.931389,SLP,RVDSL,"RÌo Verde, S.L.P.",74.2
-98.611667,21.68,SLP,SANVICENTE,"San Vicente, S.L.P. SGT*",82.8
-101,22.2,SLP,SGRSL,"Soledad Graciano, S.L.P.",30.71
-100.983611,22.175833,SLP,SLPOTOSIob,"Observatorio de San Luis Potosi, S.L.P. SMN*",28.2
-101.019167,22.148056,SLP,SLPSL,"San Luis PotosÌ, S.L.P.",49.6
-99.055833,22.02,SLP,STRSL,"Santa Rosa, S.L.P.",69.5
-98.617222,21.692778,SLP,SVTSL,"San Vicente, S.L.P.",150.4
-99.146111,21.822222,SLP,TANCHACHIN,"TanchachÌn, S.L.P. SGT*",140
-98.857222,21.246667,SLP,TBLSL,"Tierra Blanca, S.L.P.",443.6
-98.862222,21.243056,SLP,TIERRABLANCA,"Tierra Blanca, S.L.P. SGT*",161.6
-98.773333,22.003611,SLP,TMISL,"TamuÌn, S.L.P.",70
-98.758889,21.241111,SLP,TMTSL,"Temamatla, S.L.P.",537.8
-111.226667,28.904722,SON,ABEJAS,"Abejas, Son. REMAS*",3.3
-110.226111,29.825,SON,ACNSO,"Aconchi, Son.",8
-102.371667,21.78,SON,AGCSO,"Agua Caliente, Son.",36.02
-111.0925,30.419167,SON,ALAMITOS,"Los Alamitos, Son. REMAS*",0
-109.126944,27.470833,SON,ALGODONES,"Los Algodones, Son. REMAS*",25.6
-111.210278,30.794444,SON,ALMAS,"Las Palmas, Son. REMAS*",2.3
-108.937778,27.021667,SON,ALMSO,"¡lamos, Son.",6.8
-111.733333,30.716667,SON,ALTSO,"Altar, Son.",0
-109.8925,27.8225,SON,AOBSO,"¡lvaro ObregÛn, Son.",81
-109.106667,27.226111,SON,ARCSO,"Adolfo RuÌz CortÌnes, Son.",13.92
-109.088611,30.07,SON,ARISO,"Aribabi, Son.",41.9
-110.92,29.076667,SON,ARLSO,"Abelardo RodrÌguez Lujan, Son.",0.21
-110.1675,30.335833,SON,ARZSO,"Arizpe, Son.",0.01
-109.968889,30.649722,SON,BACOACHI,"Bacoachi, Son. REMAS*",1.9
-111.83,28.75,SON,BAHIAKINO,"BahÌa de Kino, Son. SMN*",0
-110.214167,29.97,SON,BANAMICHI,"Ban·michi, Son. REMAS*",6.8
-110.143889,29.673889,SON,BAVIACORA,"Bavi·cora, Son. REMAS*",12.3
-108.955556,30.508889,SON,BAVISPE,"Bavispe, Son. REMAS*",24.1
-110.238611,30.598889,SON,BCNSO,"Bacanuchi, Son.",0
-108.931667,30.355278,SON,BCRSO,"Bacerac, Son.",54.5
-110.015833,27.322222,SON,BLOCK1101,"Block 1101, Son. REMAS*",29.5
-110.157222,27.3175,SON,BLOCK1213,"Block 1213, Son. REMAS*",24.5
-109.831389,26.998611,SON,BLOCK2918,"Block 2918, Son. REMAS*",26.8
-110.219444,27.462222,SON,BLOCK419,"Block 419, Son. REMAS*",33.2
-109.808611,27.386389,SON,BLOCK720,"Block 720, Son. REMAS*",8.3
-110.3425,27.403333,SON,BLOCK731,"Block 731, Son. REMAS*",47.8
-110.215,30.003611,SON,BNMSO,"Banamichi, Son.",0
-109.666667,26.95,SON,BSCSO,"Basconcobe, Son.",65
-110.930278,28.003056,SON,BUENOS,"Buenos Aires Gym, Son. REMAS*",10.3
-109.968333,27.3,SON,C1CSO,"Calle Mil Doscientos y Canal Bajo, Son.",32.51
-110.013056,27.483889,SON,C2CSO,"Calle Doscientos y Canal Bajo, Son.",26
-109.979722,27.410278,SON,C6CSO,"Calle Seiscientos y Canal Bajo, Son.",28.5
-112.435278,30.771944,SON,CABORCA,"Caborca, Son. SMN*",0
-111.827778,30.566111,SON,CANAN,"El Can·n, Son. REMAS*",0
-111.430278,28.889167,SON,CARLITOS,"San Carlitos , Son. REMAS*",0
-111.227778,30.045556,SON,CARRIZO,"El Carrizo, Son. REMAS*",0
-108.911944,27.321389,SON,CASA,"Casa Colorada, Son. REMAS*",14
-109.625,27.416667,SON,CCRSO,"Cocoraque, Son.",24.51
-109.904444,27.776667,SON,CHCSO,"Chiculi, Son.",50
-111.763056,29.235833,SON,CHIPILON,"ChipilÛn, Son. REMAS*",0.1
-111.516389,30.873333,SON,CHTSO,"CuauhtÈmoc, Son.",0
-109.495,27.011944,SON,CINSO,"Casa del Ciano, Son.",31.01
-110.736389,29.472222,SON,CJNSO,"El CajÛn, Son.",0.02
-110.290833,30.98,SON,CNNSO,"Cananea, Son.",0.01
-109.938056,27.5,SON,COBSO,"Ciudad ObregÛn, Son.",29
-109.927222,27.615833,SON,CORRAL,"EstaciÛn Corral,  Son. REMAS*",33.2
-111.556389,30.467222,SON,CORRALES,"Los Corrales, Son. REMAS*",2
-110.180278,27.300556,SON,CP1SO,"Calle Cuatro y ProlongaciÛn Doce, Son.",27
-110.248611,27.425556,SON,CP6SO,"Calle Cuatro y ProlongaciÛn Seis, Son.",39
-109.636944,27.244167,SON,CRCSO,"C·rcamo, Son.",16
-110.838889,30.846389,SON,CRISP,"El 15 Crisp, Son. REMAS*",2.9
-111.361111,28.56,SON,CUICHI,"Cuichi, Son. REMAS*",0
-109.787222,30.188611,SON,CUMPAS,"Cumpas, Son. REMAS*",15.1
-108.7625,26.603611,SON,CZNSO,"Cazanate, Son.",21.6
-111.723056,29.0625,SON,DOLORES,"Dolores Jam, Son. REMAS*",0
-109.233333,29.2,SON,ECBSO,"El Cubil, Son.",28.31
-109.051111,26.5,SON,EJIDO21MARZO,"Ejido 21 de Marzo, Son. REMAS*",22.2
-114.965556,32.060556,SON,ENCINAS,"Encinas Johnson, Son. REMAS*",0
-110.8,27.95,SON,EPLSO,"Empalme, Son.",25.4
-109.629167,26.906944,SON,ETCSO,"Etchojoa, Son.",52
-110.85,27.95,SON,GYMSO,"Guaymas, Son.",17.32
-110.93,29.078333,SON,HERMOSILLOob,"Observatorio de Hermosillo, Son. SMN*",0
-110.916667,29.066667,SON,HM2SO,"Observatorio de Hermosillo, Son.",0.21
-110.925833,29.073056,SON,HMNSO,"Hermosillo, Son.",0.01
-109.904167,27.713056,SON,HORSO,"Hornos, Son.",41.6
-108.957222,30.210556,SON,HSHSO,"Huachinera, Son.",38
-109.630556,26.822778,SON,HTBSO,"Huatabampo, Son.",43
-109.299722,29.926667,SON,HUASABAS,"Hu·sabas, Son. REMAS*",41.1
-110.886944,30.761667,SON,IMRSO,"Imuris, Son.",0
-110.396944,28.426389,SON,IRASO,"Ignacio R. Alatorre, Son.",0.02
-109.701944,26.801944,SON,JPRSO,"J˙pare, Son.",58
-109.6,27.1,SON,K10SO,"km 108 de Canal Alto, Son.",25.5
-109.896389,27.706667,SON,K14SO,"km 14 de Canal Alto, Son.",38.5
-108.8725,27.642222,SON,K25SO,"km 25 de Canal Alto, Son.",33
-109.873889,27.560278,SON,K39SO,"km 39 de Canal Alto, Son.",32.5
-109.858611,27.354444,SON,K68SO,"km 68 de Canal Alto, Son.",23
-109.933333,27.483333,SON,K91SO,"km 91 de Canal Alto, Son.",17
-111.653611,28.694722,SON,KINO,"Kino, Son. REMAS*",0.2
-110.716111,30.336667,SON,LADRILLERA,"La Ladrillera, Son. REMAS*",0
-109.378889,30.437778,SON,LCDSO,"L·zaro C·rdenas, Son.",9.6
-109.710833,26.878611,SON,LNDSO,"Lindero, Son.",38
-112.784444,30.834722,SON,LOLEYTA,"Loleyta, Son. REMAS*",0.6
-111.405,30.607222,SON,LOMA,"La Loma, Son. REMAS*",5.2
-109.985833,29.116944,SON,MATAPE,"M·tape, Son. REMAS*",96.8
-110.176944,28.935,SON,MAZATAN,"Mazat·n, Son. REMAS*",22
-109.402222,26.806667,SON,MMNSO,"Mumuncuera, Son.",46
-110.137778,29.003611,SON,MZTSO,"Mazat·n, Son.",42.01
-109.542778,27.076944,SON,NCHSO,"Nachuquis, Son.",44
-109.6875,30.374444,SON,NCZSO,"Nacozari, Son.",5.01
-110.947222,31.318889,SON,NGLSO,"Nogales, Son.",0
-109.443333,27.071944,SON,NVJSO,"Navojoa, Son.",22.5
-112.85,31.866667,SON,NYNSO,"Sonoyta, Son.",0
-110.706111,29.229722,SON,ORGSO,"El Oregano, Son.",0.01
-110.656944,28.302222,SON,ORTIZ,"OrtÌz, Son. REMAS*",12.8
-109.083333,29.433333,SON,PDNSO,"Paso Nacori, Son.",61.5
-111.322222,28.678889,SON,PEANA,"PeaÒa, Son. REMAS*",7
-109.642222,28.976667,SON,PECSO,"Plutarco ElÌas Calles, Son.",24
-109.930278,27.598333,SON,PFDSO,"Porfirio DÌaz, Son.",17
-114.866944,32.332222,SON,PIVOTE,"Rancho El Pivote, Son. REMAS*",3
-110.725556,29.2125,SON,PMOSO,"Ing. Rodolfo FÈlix ValdÈs, Son.",3.11
-109.683333,30.366667,SON,PNACOZARIob,"Observatorio de Pilares de Nacozari, Son. SMN*",6.2
-110.409167,27.631111,SON,POTAMR,"PÛtam, Son. REMAS*",51.3
-110.308333,28.472222,SON,PTASO,"Punta de Agua 2, Son.",10.11
-112.116667,30.697778,SON,PTQSO,"Pitiquito, Son.",0
-111.021389,30.050556,SON,QRBSO,"Querobabi, Son.",0
-110.958056,29.905833,SON,QUEROBABI,"Querobabi, Son. REMAS*",0
-114.963333,32.310278,SON,QUIROZ,"Rancho Quiroz, Son. REMAS*",2.6
-112.905833,30.848056,SON,RIVERA,"La Rivera, Son. REMAS*",0.3
-109.396944,27.846389,SON,ROSARIO,"Rosario Tesopaco, Son. REMAS*",40.2
-109.218056,29.050278,SON,SAHUARIPA,"Sahuaripa, Son. REMAS*",27.9
-110.599167,31.194722,SON,SANTACRUZS,"Santa Cruz, Son. REMAS*",0
-108.876667,27.411944,SON,SBNSO,"San Bernardo, Son.",16.71
-110.933611,29.552222,SON,SELVA,"Selva, Son. REMAS*",0.9
-110.239167,28.713333,SON,SJPSO,"San JosÈ de Pimas, Son.",22.02
-114.783333,32.483333,SON,SLCSO,"San Luis RÌo Colorado, Son.",0
-109.453333,26.918333,SON,SNHSO,"Sinahuiza, Son.",53
-109.623611,27.025833,SON,SPESO,"San Pedro, Son.",46
-111.445278,30.394722,SON,SRSSO,"Santa Rosa 2, Son.",0
-109.967778,27.613333,SON,TAJIMAROA,"Tajimaroa, Son. SGT*",13.68
-109.358333,27.171111,SON,TESSO,"Tesia, Son.",24
-110.213889,27.590556,SON,TORIM,"TÛrim, Son. SGT*",37.76
-109.5,29.534722,SON,TPCSO,"Tepache, Son.",54.31
-110.930278,29.388333,SON,TRACALITA,"Tracalita, Son. REMAS*",0.5
-110.513056,28.372778,SON,TREINTA,"Las Treinta, Son. REMAS*",17.7
-109.2125,27.658333,SON,TSOSO,"Tesocoma, Son.",24
-111.133056,29.014722,SON,UNISON,"Universidad de Sonora, Son. SMN*",0
-110.311111,29.442222,SON,URES,"Ures, Son. REMAS*",13.7
-110.289722,27.643611,SON,VCMSO,"VÌcam, Son.",98.6
-109.841944,27.125556,SON,VJZSO,"Villa Ju·rez, Son.",9.51
-109.223056,26.983611,SON,VRNSO,"Veranito, Son.",13.5
-108.927778,28.371389,SON,YCRSO,"YÈcora, Son.",40.53
-91.483333,17.433333,TAB,BDCTB,"Boca del Cerro, Tab.",399.7
-93.413611,17.808889,TAB,CARTB,"C·rdenas, Tab.",367.2
-91.229167,17.289722,TAB,CUSUMACINTA,"CaÒÛn Usumacinta, Tab. SMN*",299.6
-92.916667,17.98,TAB,EMUTB,"Villahermosa Muelle, Tab.",423.5
-92.814722,18.043611,TAB,EPOTB,"El Porvenir, Tab.",407.4
-92.916667,17.966667,TAB,GABTB,"Gaviotas 2, Tab.",342.1
-92.911389,17.9675,TAB,GAVIOTAS,"Gaviotas Villahermosa, Tab. SGT*",354.8
-93,17.975,TAB,GONTB,"Gonz·lez, Tab.",410.7
-92.6,17.766667,TAB,MACTB,"Macuspana, Tab.",330.1
-92.753333,17.391667,TAB,OXOTB,"Oxolot·n, Tab.",564
-93.386111,17.769444,TAB,PAREDON,"ParedÛn HC, Tab. SGT*",418.6
-92.879167,17.854167,TAB,PNVTB,"Pueblo Nuevo, Tab.",388.7
-92.868611,17.865278,TAB,PUEBLONUEVO,"Pueblo Nuevo, Tab. SGT*",349.2
-92.930556,17.546389,TAB,PUYACATENGO,"Puyacatengo, Tab. SGT*",580
-92.9375,17.566667,TAB,PUYTB,"Puyacatengo, Tab.",683.6
-93.291667,17.979167,TAB,SAMTB,"Samaria, Tab.",466.3
-91.158333,17.791667,TAB,SPTTB,"San Pedro, Tab.",168.2
-92.816667,17.466667,TAB,TAPTB,"Tapijulapa, Tab.",564.8
-92.950833,17.559722,TAB,TEAPA,"Teapa, Tab. SGT*",647.4
-92.966667,17.566667,TAB,TEATB,"Teapa, Tab.",626.1
-93.8325,17.965556,TAB,ZAMAPA2ASECC,"Zamapa 2a. SecciÛn, Tab. ProtecciÛn Civil*",427.2
-98.370556,24.046667,TAMPS,ABASOLO,"Abasolo, Tamps. SGT*",117.2
-98.39,24.065556,TAMPS,ABSTP,"Abasolo, Tamps.",109.1
-99.145,22.988611,TAMPS,AHLTP,"Ahualulco, Tamps.",159.4
-99.148889,22.987778,TAMPS,AHUALULCOTP,"Ahualulco, Tamps. SGT*",159.6
-97.926944,22.386111,TAMPS,BALTP,"Bombas Altamira, Tamps.",250.94
-99.215278,24.103333,TAMPS,BARRETALI,"Barretal 1, Tamps. SGT*",38.6
-99.123333,24.079444,TAMPS,BARRETALII,"Barretal 2, Tamps. SGT*",33.5
-99.123056,24.080556,TAMPS,BR1TP,"El Barretal 1, Tamps.",38.4
-99.215,24.1025,TAMPS,BRRTP,"El Barretal, Tamps.",33.5
-97.876111,22.238333,TAMPS,BTCHAIREL,"Boca Toma Chairel, Tamps. SGT*",148.5
-97.772222,23.051944,TAMPS,BTORDO,"Barra del Tordo, Tamps. SMN*",301.25
-98.5975,26.238056,TAMPS,CDOTP,"S-J-2-18 Ciudad DÌaz Ordaz, Tamps.",7.6
-98.8,26.25,TAMPS,CMGTP,"S-J-2-11 Camargo, Tamps.",0.02
-99.25,26.416667,TAMPS,CMRTP,"Mier, Tamps.",7.6
-97.818333,25.638889,TAMPS,CONTP,"Control, Tamps.",155.91
-98.936389,23.937778,TAMPS,CORONA,"Corona, Tamps. SGT*",42.3
-98.935833,23.939167,TAMPS,CORTP,"Corona, Tamps.",35.8
-99.166667,23.716667,TAMPS,CVCTP,"Observatorio de Ciudad Victoria, Tamps.",118.9
-99.1875,23.730278,TAMPS,CVTTP,"Ciudad Victoria (Gerencia), Tamps.",130.01
-99.083333,23.383333,TAMPS,ENNTP,"La Encantada, Tamps.",76.5
-98.691667,22.605,TAMPS,ERCTP,"Estudiante Ramiro Caballero Dorantes, Tamps.",39.8
-98.1575,24.842778,TAMPS,FD2TP,"San Fernando, Tamps. SMN*",34.29
-98.158333,24.843889,TAMPS,FDOTP,"San Fernando, Tamps.",41.2
-99.170556,26.560278,TAMPS,FLCTP,"Internacional FalcÛn, Tamps.",1
-99.148889,23.023056,TAMPS,GOMEZFARIAS,"GÛmez FarÌas, Tamps. SGT*",300.1
-98.405278,22.798611,TAMPS,GONZALEZTP,"Gonz·lez, Tamps. SGT*",31.7
-99.375278,23.4075,TAMPS,JAUMAVE,"Jaumave, Tamps. SMN*",18
-99.548333,26.816944,TAMPS,LASTORTILLASC,"Las Tortillas RÌo Salado, Tamps. SGT*",11.6
-99.233611,26.408889,TAMPS,LBLTP,"Derivadora Las Blancas, Tamps.",9.76
-99.116667,22.833333,TAMPS,LSRTP,"La Servilleta, Tamps.",127.4
-97.518056,25.885,TAMPS,MA2TP,"Matamoros, Tamps. SMN*",65.27
-99.551111,24.566667,TAMPS,MAGTP,"Magueyes, Tamps.",9.7
-99.546944,24.570278,TAMPS,MAGUEYES,"Magueyes, Tamps. SGT*",11.7
-97.522778,25.833333,TAMPS,MATTP,"Matamoros, Tamps.",70
-97.844167,22.283889,TAMPS,MDRTP,"Madero, Tamps.",150.3
-98.59497,25.102222,TAMPS,MENDEZ,"MÈndez, Tamps. SGT*",58.4
-99.040833,26.374167,TAMPS,MGATP,"S-J-1-2 Miguel Alem·n, Tamps.",35.6
-98.705556,22.795833,TAMPS,MGSTP,"MagiscatzÌn Dos, Tamps.",53.5
-99.434444,24.2525,TAMPS,MHGTP,"Miguel Hidalgo, Tamps.",55.8
-98.925556,26.204722,TAMPS,MRGTP,"Marte Rodolfo GÛmez, Tamps.",3.71
-99.53,27.44,TAMPS,NUEVOLAREDO,"Nuevo Laredo, Tamps. SGT*",17
-98.633889,22.494444,TAMPS,NVAAPOLONIA,"Nueva Apolonia, Tamps. SGT*",30.7
-99.490278,27.495556,TAMPS,NVLTP,"Nuevo Laredo, Tamps.",8.8
-98.9,24.05,TAMPS,PADTP,"Padilla, Tamps.",19.5
-97.8,25.8,TAMPS,PANTP,"Pueblo An·huac, Tamps.",94.03
-98.742778,23.725556,TAMPS,PASOMOLINA,"Paso de Molina, Tamps. SGT*",55.7
-98.745833,23.726667,TAMPS,PDMTP,"Paso de Molina, Tamps.",55.5
-98.867778,24.115,TAMPS,PILON,"PilÛn, Tamps. SGT*",41.5
-98.901667,24.138333,TAMPS,PILTP,"PilÛn, Tamps.",29.7
-99.555833,24.2475,TAMPS,PJMTP,"Pedro JosÈ MÈndez, Tamps.",68.61
-99.5975,24.184167,TAMPS,PTODEVALLES,"Puerto de Valles, Tamps. SGT*",69.1
-99.583333,24.183333,TAMPS,PVLTP,"Puerto de Valles, Tamps.",68
-99.004167,22.845278,TAMPS,RFRTP,"RÌo FrÌo, Tamps.",132.9
-98,25.966667,TAMPS,RIBTP,"RÌo Bravo, Tamps.",35.6
-97.991944,23.259444,TAMPS,RSPTP,"Rep˙blica EspaÒola, Tamps.",447
-98.285833,26.079722,TAMPS,RYATP,"S-J-3-42 Reynosa, Tamps.",43.13
-98.883333,26.166667,TAMPS,RYNTP,"S-J-2-9 Reynosa, Tamps.",43.13
-99.094444,23.022778,TAMPS,SBNTP,"Sabinas, Tamps.",126.2
-98.869444,22.784444,TAMPS,SDATP,"Saca de Agua, Tamps.",105.2
-99.274444,24.022778,TAMPS,SENGRACIA,"Santa Engracia, Tamps. SGT*",83.5
-98.787222,23.083611,TAMPS,SGBTP,"San Gabriel, Tamps.",51.8
-98.210833,23.7675,TAMPS,SLMTP,"Soto la Marina, Tamps.",107.1
-98.791389,22.943889,TAMPS,SLZTP,"Lic. Emilio Portes Gil, Tamps.",41
-98.158889,24.841944,TAMPS,SNFERNANDO,"San Fernando, Tamps. SGT*",40.4
-99.274167,24.0225,TAMPS,STETP,"Santa Engracia, Tamps.",83.2
-98.421944,22.413889,TAMPS,TAMESI,"Tamesi, Tamps. SGT*",48
-97.878889,22.238611,TAMPS,TMPTP,"Tampico, Tamps.",202.3
-98.422778,22.423889,TAMPS,TMSTP,"TamesÌ, Tamps.",51.4
-99.434722,24.252222,TAMPS,TOMASENO,"El TomaseÒo, Tamps. SGT*",56
-97.804167,25.906111,TAMPS,VCATP,"Villa C·rdenas, Tamps.",141.51
-98.666389,23.959444,TAMPS,VGRTP,"Vicente Guerrero, Tamps.",18
-97.8,25.7,TAMPS,VHMTP,"Valle Hermoso, Tamps.",102.74
-99.551111,24.566667,TAMPS,VSMTP,"Victoria-San Marcos, Tamps.",135.8
-98.131111,19.428611,TLAX,APITL,"Apizaco, Tlax.",40.01
-98.563889,19.586111,TLAX,CPPTL,"Calpulalpan, Tlax.",46.91
-97.769722,19.298889,TLAX,CUATL,"Cuapiaxtla, Tlax.",26.41
-97.6475,19.318056,TLAX,ECTTL,"El Carmen Tequexquitla, Tlax.",47.55
-97.911111,19.315833,TLAX,HMTTL,"Huamantla, Tlax.",85.5
-98.2,19.4,TLAX,OBSTL,"Observatorio de Tlaxcala, Tlax.",55.9
-98.200556,19.556111,TLAX,SJATL,"San JosÈ Atlanga, Tlax.",47
-98.233333,19.316667,TLAX,TLAXCALAob,"Observatorio de Tlaxcala, Tlax. SMN*",43.8
-98.243056,19.219444,TLAX,ZACTL,"Zacatelco, Tlax.",111.4
-97.908056,19.200278,TLAX,ZITTL,"Zitlaltepec, Tlax.",89.5
-96.843889,19.695833,VER,ACAVC,"Acatl·n, Ver.",205.41
-96.583056,19.161111,VER,ACTOPANVER,"Actopan, Ver SGT*",74
-96.5875,19.495,VER,ACTVC,"Actopan, Ver.",211.81
-94.144444,18.141667,VER,AGDVC,"Agua Dulce, Ver.",405.01
-97.68,20.93,VER,ALAVC,"¡lamo Temapache, Ver.",202.05
-97.234722,19.7625,VER,ALTVC,"Altotonga, Ver.",557.15
-95.758056,18.789167,VER,ALVARADO2ob,"Alvarado II, Ver. SMN*",164.6
-95.4375,18.583333,VER,ARCVC,"¡ngel Rosario Cabada, Ver.",616.21
-96.944444,19.588889,VER,BANVC,"Banderillas, Ver.",187.5
-96.933333,19.483333,VER,BRIVC,"Briones, Ver.",186.02
-94.253889,17.954444,VER,CB2VC,"Planta de Bombeo 2 de La Cangrejera, Ver.",350.01
-95.8,18.3,VER,CCLVC,"Chacaltianguis, Ver.",221.5
-96.994444,19.332778,VER,CDCVC,"Cosautl·n de Carvajal, Ver.",512.51
-96.697778,19.433056,VER,CEGVC,"Cerro Gordo, Ver.",71.9
-96.853611,18.563333,VER,CHMVC,"Chicomapa, Ver.",336.81
-98.155833,21.7375,VER,CHYVC,"Paso de Piedras, Ver.",130.21
-94.406667,18.149722,VER,COATZACOALCOmar,"Coatzacoalcos, Ver. SEMAR*",410.71
-96.939444,19.453889,VER,COAVC,"Coatepec, Ver.",250.93
-96.923056,18.89,VER,CORDOBASGT,"CÛrdoba, Ver. SGT*",252.7
-96.395,18.834167,VER,COTAXTLAVER,"Cotaxtla, Ver. SGT*",81.5
-94.4,18.1,VER,COTVC,"Coatzacoalcos, Ver.",768.2
-96.374444,19.364722,VER,CRDVC,"Cardel, Ver.",99.73
-95.295833,18.144444,VER,CTTVC,"Coatotolapan, Ver.",235.32
-95.970833,19.040833,VER,ELSALADOmar,"El Salado, Ver. SEMAR*",78.65
-96.36,19.405833,VER,ENRVC,"El Naranjillo, Ver.",157
-96.158333,19.068889,VER,ETEVC,"El Tejar, Ver.",74.22
-96.9975,18.897778,VER,FORVC,"Fortin, Ver.",213
-95.556944,18.270556,VER,GARVC,"Garro, Ver.",393.52
-98.443889,21.777222,VER,HGOVC,"El Higo, Ver.",190.6
-98.274167,21.160556,VER,HLSVC,"Los Hules, Ver.",164.8
-96.950833,19.181667,VER,HTSVC,"Huatusco, Ver.",325.6
-98.483333,20.533333,VER,HUYVC,"Huayacocotla, Ver.",175.5
-96.554167,19.404167,VER,IDOVC,"Õdolos, Ver.",87.92
-97.2175,21.471667,VER,ISLALOBOSmar,"Isla Lobos, Ver. SEMAR*",231.2
-94.666667,17.95,VER,JALVC,"Jaltip·n, Ver.",346.6
-96.241389,19.042778,VER,JAMAPA,"Jamapa, Ver. SGT*",81.2
-95.033333,17.433333,VER,JCRVC,"Jes˙s Carranza, Ver.",192
-94.088889,17.873611,VER,JDCVC,"San JosÈ del Carmen, Ver.",553.6
-97.3,19.816667,VER,JLNVC,"Jalacingo, Ver.",331.5
-97.021111,19.603611,VER,JOYVC,"La Joya, Ver.",324.92
-95.35,18.25,VER,LAUVC,"Lauchapan, Ver.",500.5
-94.330833,18.109444,VER,LCAVC,"La Cangrejera, Ver.",648.03
-95.118333,18.415833,VER,LDCVC,"Canseco, Ver.",481.6
-97.231944,18.922778,VER,LGRVC,"Loma Grande, Ver.",152.01
-96.978333,20.051944,VER,LIBVC,"Libertad, Ver.",424.33
-96.411111,19.261389,VER,LOFVC,"Loma Fina, Ver.",68.02
-94.916667,17.416667,VER,LPEVC,"Las Perlas, Ver.",209.3
-97.1,19.65,VER,LVRVC,"Las Vigas de RamÌrez, Ver.",334.5
-97.048333,20.0675,VER,MDTVC,"MartÌnez de la Torre, Ver.",338.72
-96.333333,19.15,VER,MFAVC,"Manlio Fabio Altamirano, Ver.",142.04
-98.045,20.8325,VER,MILVC,"Milcahual, Ver.",246.9
-94.771111,18.135278,VER,MNZVC,"Minzapan, Ver.",330.32
-96.833333,19.933333,VER,MZNVC,"Misantla, Ver.",501
-96.872222,19.65,VER,NAOVC,"Naolinco, Ver.",207.86
-95.516667,18.633333,VER,NLTVC,"Naranjal, Lerdo de Tejada, Ver.",477.72
-98.5125,21.840278,VER,OLVVC,"El Olivo, Ver.",94.26
-97.1,18.85,VER,ORIZABAob,"Observatorio de Orizaba, Ver. SMN*",296.6
-97.1,18.85,VER,ORZVC,"Orizaba, Ver.",275.51
-96.97,19.55,VER,OTIVC,"Otilpan, Ver.",272.2
-98.176667,22.06,VER,PANUCO,"P·nuco, Ver. SGT*",128.4
-94.3775,18.103611,VER,PB3VC,"Planta de Bombeo 3 de La Cangrejera, Ver.",630.61
-94.193611,17.872778,VER,PCNVC,"Planta de Bombeo 1 de La Cangrejera, Ver.",379.51
-97.814444,21.184444,VER,PEMVC,"Presa el Moralillo, Ver.",186.5
-97.238889,19.580556,VER,PERVC,"Perote, Ver.",119.23
-98.172778,22.053333,VER,PNCVC,"P·nuco, Ver.",131.8
-97.475,20.543333,VER,POZARICA,"Poza Rica, Ver. SGT*",224.3
-97.316667,20.45,VER,PPNVC,"Papantla, Ver.",282.71
-97.478333,20.540833,VER,PRCVC,"Poza Rica, Ver.",164.81
-98.335278,21.293611,VER,PSNVC,"PlatÛn S·nchez, Ver.",172.9
-96.665,19.043333,VER,PTE4CAMINOS,"Puente Cuatro Caminos, Ver. SGT*",150.3
-96.795278,18.888056,VER,PTNVC,"Potrero Nuevo, Ver.",320.52
-95.627778,18.716667,VER,RALVC,"Radar Alvarado, Ver.",390.2
-97.809722,20.887222,VER,SBTVC,"Sombrerete, Ver.",212.4
-95.183333,18.45,VER,SIHVC,"Sihuap·n, Ver.",552.9
-95.133333,17.883333,VER,SJEVC,"San Juan Evangelista, Ver.",143.15
-96.427778,19.043333,VER,SOLEDADDOB,"Soledad de Doblado, Ver. SGT*",55.5
-95.033333,18.516667,VER,SONVC,"Sontecomapan, Ver.",950.72
-95.212778,18.450833,VER,STXVC,"San AndrÈs Tuxtla AC, Ver.",398.3
-96.488889,19.338889,VER,TAMVC,"Tamarindo, Ver.",95
-96.966667,19.45,VER,TAPVC,"Tapachapan, Ver.",276.11
-96.35,18.45,VER,TBLVC,"Tierra Blanca, Ver.",168.1
-96.966667,19.383333,VER,TCOVC,"Teocelo, Ver.",210.01
-96.860556,19.354722,VER,TEPATLAXCO,"Tepatlaxco, Ver. SGT*",642.2
-94.163333,17.571944,VER,TMOVC,"Tierra Morada, Ver.",467
-98.383333,21.517222,VER,TMPVC,"Tempoal, Ver.",106.2
-96.916667,19.811111,VER,TNCVC,"Tenochtitl·n, Ver.",418.6
-97.2225,19.921944,VER,TOMVC,"Tomata, Ver.",561.92
-96.950278,19.233611,VER,TOTVC,"Totutla, Ver.",344.8
-98.139167,21.036944,VER,TRRVC,"Terrerillos, Ver.",280
-97.4,20.955556,VER,TXPVC,"Tuxpan, Ver.",229.11
-95.416667,18.466667,VER,TZAVC,"Tres Zapotes, Ver.",875.41
-95.7,18.075,VER,VAZVC,"Villa Azueta, Ver.",597
-96.111111,19.154167,VER,VERVC,"Veracruz, Ver.",94.92
-96.613889,19.022222,VER,VTEVC,"Villa Tejeda, Ver.",64.02
-96.903889,19.511944,VER,XALAPAob,"Observatorio de Xalapa, Ver. SMN*",17.4
-96.85,19.55,VER,XCFVC,"Xalapa CFE, Ver.",151.04
-96.903889,19.542222,VER,XCRVC,"Xalapa Cristal, Ver.",125.34
-96.935556,19.547222,VER,XMGVC,"Xalapa Magisterial, Ver.",222.83
-96.916667,19.533333,VER,XOBVC,"Observatorio de Xalapa, Ver.",164.93
-96.871667,19.511667,VER,XOLVC,"Xalapa Olmos, Ver.",222.13
-96.894444,19.555833,VER,XSUVC,Xalapa sumidero,71.88
-97.416667,19.433333,VER,ZALVC,"Zalayeta, Ver.",86
-89.681111,20.649444,YUC,ABAYC,"Abala, Yuc.",138.5
-89.218889,19.883056,YUC,BECYC,"BecanchÈn, Yuc.",141
-89.081667,20.463056,YUC,CANYC,"Cantamayec, Yuc.",145.1
-89.829444,20.752778,YUC,CHOYC,"Chochol·, Yuc.",185.3
-89.638056,21.03,YUC,CICYC,"Centro de InvestigaciÛn CientÌfica, Yuc.",153.92
-89.501111,21.078889,YUC,CONYC,"Conkal, Yuc.",168.7
-87.676667,21.5125,YUC,CYOYC,"El Cuyo, Yuc.",121.42
-89.583611,20.983889,YUC,EZAYC,"Emiliano Zapata, Yuc.",79.41
-89.644167,20.935278,YUC,FAEYC,"Fuerza AÈrea, Yuc.",46.02
-89.642778,21.048889,YUC,FIYYC,"Fiuady, Yuc.",104.61
-89.658056,20.984167,YUC,GARYC,"Organismo de Cuenca PenÌnsula de Yucat·n, Yuc.",115.43
-89.651111,20.946389,YUC,MEOYC,"Observatorio de MÈrida, Yuc.",89.24
-89.4375,21.105556,YUC,MOCYC,"Mococha, Yuc.",118
-89.711667,20.493333,YUC,MUNYC,"Muna, Yuc.",129.31
-89.394722,20.290556,YUC,OXKYC,"Oxkutzcab, Yuc.",73.03
-88.930833,20.1325,YUC,PETYC,"Peto, Yuc.",136.04
-89.65,21.3,YUC,PROGRESOob,"Observatorio de Progreso, Yuc. SMN*",103.8
-89.653889,21.275833,YUC,PROYC,"Progreso, Yuc.",121.23
-88.160278,21.571111,YUC,RILYC,"RÌo Lagartos, Yuc. SMN*",80.8
-88.160556,21.571667,YUC,RLAYC,"RÌo Lagartos, Yuc.",89.11
-89.046944,20.030278,YUC,TANYC,"TantaquÌn, Yuc.",178
-89.558056,20.397778,YUC,TICYC,"Ticul, Yuc.",133
-88.1725,21.158611,YUC,TIZYC,"TizimÌn, Yuc.",112.55
-89.047222,20.030278,YUC,TNTYC,"TantaquÌn, Yuc. SMN*",118.64
-88.204167,20.69,YUC,VALYC,"Valladolid, Yuc.",147.81
-103.225278,22.327222,ZAC,ACHZC,"Achimec, Zac.",40.22
-103.459167,21.811389,ZAC,ATGZC,"Atolinga, Zac.",86.5
-102.953333,22.824167,ZAC,BTEZC,"RamÛn LÛpez Velarde, Zac.",81.4
-102.896111,21.997222,ZAC,CHIZC,"El Chique, Zac.",28.4
-103.098333,23.693333,ZAC,ELCZC,"El Cazadero, Zac.",7.9
-102.040833,22.673056,ZAC,ELSZC,"El Saladillo, Zac.",40.5
-103.35,21.645833,ZAC,EXCZC,"Miguel Alem·n, Zac.",94.4
-102.890833,23.173889,ZAC,FREZC,"Fresnillo, Zac.",83.5
-103.093333,22.933333,ZAC,GJAZC,"General JoaquÌn Amaro, Zac.",68.03
-102.506667,22.746667,ZAC,GPEZC,"Guadalupe, Zac.",47.31
-102.46,22.4875,ZAC,GRCZC,"Genaro Codina, Zac.",51.02
-103.397778,24.281667,ZAC,JALZC,"Juan Aldama, Zac.",14.5
-103.001944,22.642778,ZAC,JERZC,"Jerez, Zac.",42.31
-102.566944,22.778889,ZAC,LBUZC,"La Bufa, Zac.",31.5
-103.603056,22.686944,ZAC,LFLZC,"La Florida, Zac.",26.01
-102.660556,22.996944,ZAC,LLBZC,"Llano Blanco, Zac.",23.2
-102.251667,22.438611,ZAC,LMOZC,"Luis Moya, Zac.",7.12
-103.382778,22.845278,ZAC,LOBZC,"Manuel Felgueres, Zac.",40.02
-101.985556,22.264722,ZAC,LORZC,"Loreto, Zac.",26.2
-103.216944,23.18,ZAC,LREZC,"Gobernador Leobardo Reynoso, Zac.",42.11
-103.363889,21.2125,ZAC,MORZC,"Mezquital del Oro, Zac.",106
-103.561667,22.306944,ZAC,MRSZC,"Monte Escobedo, Zac.",112.91
-102.845556,21.3575,ZAC,NCTZC,"Nochistl·n, Zac.",58.9
-102.269444,22.577778,ZAC,OCAZC,"Ojo Caliente, Zac.",39
-102.798056,22.347778,ZAC,PALZC,"Palomas, Zac.",60.3
-101.399167,22.1175,ZAC,PINZC,"Pino Su·rez, Zac.",30.6
-102.903611,21.711111,ZAC,PMOZC,"MoraleÒos, Zac.",45.21
-103.025833,23.816944,ZAC,RGRZC,"RÌo Grande, Zac.",4.4
-102.884444,24.322222,ZAC,SFOZC,"San Francisco, Zac.",1.52
-103.506111,24.288611,ZAC,SGOZC,"Santiago, Zac.",8.93
-103.636667,23.638889,ZAC,SOMZC,"Sombrerete, Zac.",11.8
-103.495833,22.326667,ZAC,STEZC,"Santa Teresa (Independencia Nacional), Zac.",71.8
-103.108889,22.923611,ZAC,STRZC,"Santa Rosa, Zac.",34.41
-102.864167,22.120556,ZAC,TAYZC,"Ing. Juli·n Adame Alatorre, Zac.",48.3
-103.879722,23.471944,ZAC,TCHZC,"Chalchihuites, Zac.",16.5
-103.461944,21.468611,ZAC,TGOZC,"Te˙l de Gonz·lez Ortega, Zac.",65.6
-103.309444,21.773611,ZAC,TLLZC,"Tlaltenango, Zac.",85.11
-101.715833,22.3475,ZAC,VHGZC,"Villa Hidalgo, Zac.",30.8
-103.3375,21.588889,ZAC,VILZC,"JosÈ MarÌa Morelos, Zac.",125.2
-102.506111,22.746667,ZAC,ZA2ZC,"Zacatecas, Zac. SMN*",20.47
-102.566389,22.778333,ZAC,ZACATECASob,"Observatorio de Zacatecas, Zac. SMN*",24.4
-102.576667,22.761389,ZAC,ZACZC,"Zacatecas, Zac.",43.31
