LON,LAT,EDO,CLAVE,ESTACION,JUL
-102.309722,21.895,AGS,AGSAG,"Aguascalientes, Ags.",148.5
-102.712222,21.849167,AGS,CALVILLO,"Calvillo, Ags. SMN*",18.3
-102.676944,21.9975,AGS,CDRAG,"La Codorniz, Ags.",139
-102,21.896389,AGS,CNSAG,"Los Conos, Ags.",100.4
-102.296667,22.362778,AGS,CSOAG,"CosÌo, Ags.",39.3
-102.356944,22.121667,AGS,JCQAG,"Jocoque, Ags.",43.1
-102.788333,21.8075,AGS,MNLAG,"Media Luna, Ags.",131.4
-102.371667,21.78,AGS,NGRAG,"El Niagara, Ags.",173.3
-102.290556,21.850833,AGS,OBSAG,"Observatorio de Aguascalientes, Ags.",145.8
-102.291944,22.1625,AGS,PBLAG,"PabellÛn, Ags.",57.8
-102.417222,22.141111,AGS,PECAG,"Plutarco ElÌas Calles, Ags.",45.3
-102.133333,22.202778,AGS,PTOAG,"Puerto de la ConcepciÛn, Ags.",32
-102.4375,22.235,AGS,PTRAG,"Derivadora PabellÛn, Ags.",61.1
-116.204167,32.271944,BC,AGHBN,"Agua Hechicera, B.C.",45.9
-116.908333,32.444722,BC,ALRBN,"Abelardo L. RodrÌguez, B.C.",0
-114.719167,29.727222,BC,CATAVINA,"CataviÒa, B.C. SMN*",0.8
-115.921667,32.042222,BC,CONST1857,"ConstituciÛn de 1857, B.C. SMN*",46.8
-116.696944,32.479444,BC,CRRBN,"El Carrizo, B.C.",1.4
-116.584444,32.243056,BC,CSRBN,"Carmen Serd·n, B.C.",2.3
-116.828333,32.468056,BC,EFLBN,"El Florido, B.C.",0
-116.6025,31.890278,BC,ELZBN,"Emilio LÛpez Zamora, B.C.",1.6
-115.931389,30.517222,BC,ENBBN,"San QuintÌn (Ejido Nuevo), B.C.",0.1
-115.15,32.411111,BC,ENLBN,"Ejido Nuevo LeÛn, B.C.",0
-116.302778,32.516389,BC,HNGBN,"El Hongo, B.C.",2.4
-114.728056,32.705,BC,JMRBN,"InterconexiÛn JosÈ MarÌa Morelos y PavÛn, B.C.",0
-116.811111,32.101944,BC,LAMBN,"La MisiÛn, B.C.",0
-115.27,32.39,BC,MXCBN,"Mexicali, B.C.",0
-114.729444,32.703889,BC,PDMBN,"Presa Derivadora Morelos, B.C.",0
-117.071389,32.3775,BC,PLAYAROSARITO,"Playa Rosarito, B.C. SMN*",0
-114.85,31.033333,BC,SFLBN,"San Felipe, B.C.",4.2
-116.661667,32.568611,BC,TECATE,"Tecate SMN, B.C.",0
-111.658333,25.001389,BCS,CCNBS,"Ciudad ConstituciÛn, B.C.S.",0.2
-109.9125,22.881944,BCS,CSLBS,"Cabo San Lucas, B.C.S.",0
-113.420833,27.783333,BCS,DORBS,"DÌaz Ordaz, B.C.S.",0
-114.05,27.966667,BCS,GNGBS,"Guerrero Negro, B.C.S.",0
-109.697222,23.680556,BCS,LBABS,"Los Barriles, B.C.S.",0
-110.366667,24.15,BCS,LPZBS,"La Paz, B.C.S.",11.3
-111.341667,26.016667,BCS,LRTBS,"Loreto, B.C.S.",0
-112,26.866667,BCS,MLGBS,"Mulege, B.C.S.",1
-111.829444,24.481111,BCS,PCORTESmar,"Puerto CortÈs SEMAR, B.C.S.",0
-109.983333,24.066667,BCS,PLNBS,"Los Planes, B.C.S.",0
-109.55,23.583333,BCS,RBRBS,"La Ribera, B.C.S.",0
-110.05,23.8,BCS,SANBS,"San Antonio, B.C.S.",55.4
-112.478611,26.2575,BCS,SANJUANICO,"San Juanico SMN, B.C.S.",0
-109.983333,24.066667,BCS,SARBS,"El Sargento, B.C.S.",0
-109.843889,23.738333,BCS,SBABS,"San Bartolo, B.C.S.",18
-109.708333,23.118889,BCS,SJCBS,"San JosÈ del Cabo, B.C.S.",12
-109.998611,23.555556,BCS,SLAGUNA,"Sierra La Laguna, B.C.S. SMN*",40.4
-109.716667,23.45,BCS,SNTBS,"Santiago, B.C.S.",0
-112.283333,27.3,BCS,SRLBS,"Santa RosalÌa, B.C.S.",4.5
-110.216667,23.433333,BCS,TSNBS,"Todos Santos, B.C.S.",0
-89.743889,20.003889,CAMP,BOLCA,"Bolonchen, Camp.",236.5
-90.575556,19.295,CAMP,CANCA,"Canasayab, Camp.",227.4
-91.761389,18.654167,CAMP,CARCA,"El Carmen, Camp.",83.5
-91.765278,18.658056,CAMP,CDCCA,"Ciudad del Carmen, Camp. SMN*",70.8
-90.72,19.361667,CAMP,CHMCA,"ChampotÛn, Camp.",246
-90.544167,19.838333,CAMP,CMPCA,"Campeche, Camp.",218
-91.046111,18.183056,CAMP,CNDCA,"Candelaria, Camp.",204.9
-90.507222,19.838611,CAMP,COBCA,"Observatorio de Campeche, Camp.",174.3
-89.723889,19.4625,CAMP,DZILBACHEN,"DzilbachÈn, Camp. SMN*",80.6
-90.741111,18.604444,CAMP,ESCCA,"Esc·rcega, Camp.",216.1
-90.105556,20.184167,CAMP,HECCA,"Hecelchakan, Camp.",264
-89.848333,19.751944,CAMP,HPOCA,"Hopelchen, Camp.",187.4
-90.820833,18.056944,CAMP,MONCLOVACAMP,"Monclova, Camp. SMN*",217.8
-90.221389,19.605833,CAMP,NYXCA,"Noh-YaxchÈ, Camp.",173.8
-90.374167,19.943333,CAMP,PETENES,"Los Petenes, Camp. SMN*",135.4
-92.086944,18.253056,CAMP,PLZCA,"Palizada, Camp.",68.5
-91.175833,18.972778,CAMP,SBNCA,"Sabancuy, Camp.",197.2
-89.860278,19.664444,CAMP,XCPCA,"Xcupil, Camp.",203.6
-102.585833,22.177222,CAMP,XPJCA,"Xpujil, Camp.",24.2
-107.482778,28.481667,CHIH,AGZCH,"Abraham Gonz·lez, Chih.",84
-107.255556,28.771667,CHIH,BACCH,"BachÌniva, Chih.",87.2
-108.206389,28.208889,CHIH,BSSCH,"Basaseachi, Chih.",361.4
-107.723611,27.033611,CHIH,BTPCH,"Batopilas, Chih.",176.9
-106.5,29.05,CHIH,C08099,"Majalca, Chih.",123
-108.533333,28.133333,CHIH,C08182,"Moris, Chih.",190
-108.083333,29.216667,CHIH,C08219,"PeÒitas, Chih.",114
-107.7,28.75,CHIH,C08243,"Tejolocachi, Chih.",61.8
-105.966667,28.7,CHIH,C08270,"La Mesa, Chih.",37.4
-107.930833,30.376667,CHIH,CAGCH,"Casas Grandes, Chih.",36.2
-105.171389,27.685556,CHIH,CCOCH,"Ciudad Camargo, Chih.",0.2
-105.446944,28.210833,CHIH,CDLCH,"Ciudad Delicias, Chih.",24.6
-106.770556,26.229444,CHIH,CHNCH,"Chinat˙, Chih. SMN*",158.7
-106.167778,28.570556,CHIH,CHUCH,"Chihuahua, Chih.",52.3
-106.400278,31.736667,CHIH,CJZCH,"Ciudad Ju·rez, Chih.",4.6
-105.381667,27.410278,CHIH,CL2CH,"Colina (hidromÈtrica), Chih.",71
-105.382222,27.576389,CHIH,CLNCH,"Ing. Andrew Weiss, Chih.",51
-108.541667,27.416667,CHIH,CNDCH,"Chinipas, Chih.",168
-106.871111,28.418611,CHIH,CUACH,"CuauhtÈmoc, Chih.",0
-106.119444,28.614722,CHIH,ERECH,"El RejÛn, Chih.",52.3
-105.628889,28.166111,CHIH,FIMCH,"Francisco I. Madero, Chih.",31
-107.072222,26.816667,CHIH,GCCCH,"Guachochi, Chih. SMN*",106.4
-108.3,29.2,CHIH,GPCCH,"Guapoca, Chih.",112
-107.072778,26.813056,CHIH,GRCCH,"Guerachi, Chih.",113.9
-107.879167,26.870833,CHIH,IGNCH,"San Ignacio, Chih.",151.5
-104.912778,27.126667,CHIH,JMNCH,"JimÈnez, Chih.",31.6
-105.414167,27.544722,CHIH,LBQCH,"La Boquilla, Chih.",56.5
-107.025833,29.88,CHIH,LJSCH,"Las Lajas, Chih.",30.4
-105.28,28.984444,CHIH,LLNCH,"Ing. Luis L. LeÛn, Chih.",37
-107.994167,27.858611,CHIH,MAGCH,"Maguarichi, Chih. SMN*",92.7
-104.410833,29.565,CHIH,OJNCH,"Ojinaga, Chih.",19
-105.254167,26.546389,CHIH,PAGCH,"Pico del ¡guila, Chih.",95.1
-105.620556,28.165278,CHIH,PFCOIMADERO,"Presa Francisco I. Madero, Chih. SGT*",12.8
-105.675556,26.917778,CHIH,PRRCH,"Parral, Chih.",87.4
-106.085556,28.656944,CHIH,QIJCH,"Observatorio de Chihuahua, Chih.",52.3
-106.383333,26.466667,CHIH,RVGCH,"El Vergel, Chih.",103.5
-107.973333,26.9425,CHIH,TB2CH,"Tubares II, Chih.",121.9
-107.85,28.95,CHIH,TMCCH,"TemÛsachic, Chih.",55.5
-107.384167,29.5625,CHIH,TNTCH,"El Tintero, Chih.",45.6
-107.9125,27.216667,CHIH,URECH,"Urique, Chih.",243.9
-107.916944,27.215556,CHIH,URICH,"Urique, Chih. SMN*",102.4
-105.16,26.738611,CHIH,VICCH,"Villa Coronado, Chih.",95.1
-105.806944,27.454444,CHIH,VZRCH,"Valle de Zaragoza, Chih.",31
-108.166667,29.666667,CHIH,YEPCH,"Yepachic, Chih.",213
-92.804167,16.552778,CHIS,ACACP,"Acala, Chis.",107.6
-92.778889,16.401389,CHIS,ANGCP,"Doctor Belisario DomÌnguez, Chis.",39.8
-92.300278,15.124722,CHIS,ARGOVIA,"Finca Argovia, Chis. OCFS*",247.7
-93.8975,16.241111,CHIS,AROCP,"Arriaga, Chis.",169.4
-92.905833,16.997222,CHIS,BOCHIL,"Bochil, Chis. OCFS*",110.9
-93.15,16.641944,CHIS,BOQCP,"BoquerÛn, Chis.",65.9
-92.716667,15.35,CHIS,CACCP,"Cacaluta, Chis.",395.6
-92.4875,16.308333,CHIS,CASCAJAL,"Cascajal, Chis. SGT*",86.6
-92.479167,16.308333,CHIS,CASCP,"Cascajal, Chis.",68.2
-92.483056,15.969167,CHIS,CATARINITAS,"Catarinitas, Chis. SGT*",55.4
-91.949722,17.85,CHIS,CATAZAJA,"Catazaj· SGT, Chis",11.6
-91.703333,17.472222,CHIS,CHACAMAX,"Chacamax, Chis. SGT*",87.8
-91.710278,16.383056,CHIS,CHAYABE,"Finca ChayabÈ OCFS, Chis.",202.5
-92.281389,15.750278,CHIS,CHICOMUSELO,"Chicomuselo, Chis. SGT*",111.8
-93.100556,16.941667,CHIS,CHICP,"Manuel Moreno Torres, Chis.",57.5
-92.283333,15.75,CHIS,CHMCP,"Chicomuselo, Chis.",91.7
-92.1,16.2,CHIS,COOCP,"Observatorio de Comit·n, Chis.",21.9
-92.575,15.204167,CHIS,DESCP,"Despoblado, Chis.",424.8
-92.925278,16.108333,CHIS,DORADOCFE,"El Dorado, Chis. CFE*",83.9
-92.590833,16.686111,CHIS,ELAGUAJE,"El Aguaje, Chis. SGT*",92.8
-92.95,15.495833,CHIS,ELNCP,"El Novillero, Chis.",366.5
-92.808056,15.656667,CHIS,ELTRIUNFO,"El Triunfo, Chis. SMN*",109.6
-92.755278,15.071111,CHIS,ENCRUCIJADA,"La Encrucijada, Chis. SMN*",270.2
-92.829444,17.373056,CHIS,ESCALONCP,"El EscalÛn SGT, Chis.",167.3
-92.666667,15.316667,CHIS,ESCCP,"Escuintla, Chis.",396.6
-92.67,15.33,CHIS,ESCUINTLA,"Escuintla SMN, Chis.",175.8
-93.125,16.975,CHIS,GRICP,"Grijalva, Chis.",131.6
-92.402778,14.997222,CHIS,HUECP,"Huehuet·n, Chis.",245.2
-92.472222,15.133333,CHIS,HUICP,"Huixtla, Chis.",354.9
-92.471389,15.146944,CHIS,HUIXTLA,"Huixtla, Chis. OCFS*",341.3
-92.184722,14.626111,CHIS,ILRAYON,"Ignacio LÛpez RayÛn, Chis. OCFS*",23.5
-92.72,15.886111,CHIS,JALTENANGO,"Jaltenango, Chis. SGT*",114
-92.725,15.866667,CHIS,JAPCP,"Jaltenango, Chis.",108.1
-93.381389,17.364167,CHIS,JDGCP,"Juan de Grijalva, Chis.",379
-93.381389,17.364167,CHIS,JGRIJALVACFE,"T˙neles Juan de Grijalva, Chis. CFE*",365.2
-92.898611,15.996389,CHIS,JSBCP,"Juan Sabines, Chis.",153.5
-93.598889,17.178611,CHIS,MALCP,"NezahualcÛyotl, Chis.",145.4
-92.883333,15.45,CHIS,MAPCP,"Mapastepec, Chis.",560
-92.0025,16.002222,CHIS,MOZCP,"Mozotal, Chis.",88.1
-93.631667,16.493889,CHIS,NVAPALESTINA,"Nueva Palestina, Chis. SGT*",119
-92.3375,16.851111,CHIS,OXCHUC,"Oxchuc, Chis. SGT*",64
-91.968056,15.848611,CHIS,PCOCP,"Puente Concordia, Chis.",18.9
-93.458611,17.446111,CHIS,PENCP,"¡ngel Albino Corzo, Chis.",280
-93.457778,17.445,CHIS,PENITASCFE,"PeÒitas, Chis. CFE*",271.2
-93.216667,15.691667,CHIS,PIJCP,"Pijijiapan, Chis.",304.8
-93.186667,16.753889,CHIS,PTECLUBCAMP,"Puente Club Campestre, Chis. SGT*",14.2
-93.552778,17.348333,CHIS,RCACP,"RÛmulo Calzada, Chis.",155.1
-92.666667,15.916667,CHIS,REFCP,"Reforma, Chis.",220.1
-93.079167,16.158333,CHIS,REVCP,"RevoluciÛn Mexicana, Chis.",288.7
-93.078889,16.160278,CHIS,REVMEXICANACFE,"Revolucion Mexicana, Chis. CFE*",228.2
-92.35,17.566667,CHIS,SAACP,"Salto de Agua, Chis.",132.8
-92.239167,15.776667,CHIS,SANMIGUELCFE,"San Miguel, Chis. CFE*",113.9
-93.741111,16.699722,CHIS,SANTALUCIAHM,"Santa LucÌa, Chis. SGT*",135
-93.383333,17.425,CHIS,SAYCP,"Sayula, Chis.",290.5
-93.331944,17.402222,CHIS,SAYULACFE,"Sayula, Chis. CFE*",261.5
-92.633333,16.733333,CHIS,SCOCP,"Observatorio de San CristÛbal, Chis.",79.6
-92.616667,16.741667,CHIS,SCRCP,"Puente Morelos (San CristÛbal CabaÒas), Chis.",82
-92.105556,15.775,CHIS,SDOCP,"Santo Domingo, Chis.",101.9
-92.321944,15.558056,CHIS,SILTEPEC,"Siltepec, Chis. SGT*",135.4
-93.55,17.35,CHIS,SITALA,"Sitala, Chis. SGT*",78.7
-92.916667,17.5,CHIS,SJOTB,"San JoaquÌn, Chis.",160.5
-92.239444,15.775,CHIS,SMICP,"San Miguel, Chis.",111
-93.591111,16.152222,CHIS,SMORENACFE,"Sierra Morena, Chis. CFE*",178
-92.820833,16.938889,CHIS,SNACP,"Santa MarÌa, Chis.",101.7
-93.820278,16.924722,CHIS,STAMARIACFE,"Santa MarÌa, Chis. CFE*",99.7
-92.148889,14.698611,CHIS,SUCHIATE,"Suchiate, Chis. SMN*",125.8
-93.034167,16.742778,CHIS,SUMIDEROCFE,"CaÒÛn del Sumidero, Chis. CFE*",93.3
-92.266667,14.9,CHIS,TAMCP,"Tapachula (Malpaso), Chis.",197
-92.183333,14.9,CHIS,TAPCP,"Tapachula, Chis.",129.9
-93.383333,17.425,CHIS,TAPILULA,"Tapilula, Chis. SGT*",179.6
-93.529167,15.875,CHIS,TPICP,"Tres Picos, Chis.",254.7
-93.577778,16.227222,CHIS,TRESPICOSCFE,"Tres Picos, Chis. CFE*",223.3
-93.1,16.761944,CHIS,TUXCP,"Tuxtla Oriente, Chis.",63
-93.086111,16.761667,CHIS,TUXTLACFE,"Tuxtla, Chis. CFE*",48.9
-93.133333,16.75,CHIS,TXOCP,"Observatorio de Tuxtla GutiÈrrez, Chis.",26.2
-93.068056,16.716944,CHIS,TXZCP,"Tuxtla GutiÈrrez Zoomat, Chis.",83.4
-93.270833,16.233333,CHIS,VIFCP,"Villa Flores, Chis.",163
-93.330556,17.116667,CHIS,YAMCP,"YamonhÛ, Chis.",104.7
-93.328333,17.120833,CHIS,YAMONHOCFE,"YamonhÛ, Chis. CFE*",53.6
-92.050556,16.116389,CHIS,ZAPALUTA,"Zapaluta, Chis. SGT*",15.3
-100.837222,28.344444,COAH,ADLCL,"Allende, Coah.",22
-101.057222,29.446944,COAH,AMSCL,"Internacional La Amistad, Coah.",14
-100.929722,25.561111,COAH,ARACL,"Ramos Arizpe Aeropuerto, Coah.",0
-101.116667,29.15,COAH,CBRCL,"Cabeceras, Coah.",0
-102.064444,26.983333,COAH,CCGCL,"Cuatro CiÈnegas, Coah.",4.7
-100.950278,29.327778,COAH,CDACL,"Ciudad AcuÒa, Coah.",4.2
-100.661111,26.844444,COAH,CDLCL,"Candela, Coah.",42
-100.95,29.213611,COAH,CNTCL,"El Centenario, Coah.",2
-103.338333,25.695833,COAH,CUICL,"El Cuije, Coah.",39
-103.469167,25.542222,COAH,CYTCL,"Coyote, Coah.",22.8
-100.920833,25.436111,COAH,ESLCL,"E. C. Saltillo, Coah.",14.4
-103.262778,25.773889,COAH,FIMCL,"Francisco I. Madero, Coah.",10
-100.832222,28.82,COAH,LFGCL,"La Fragua, Coah.",0
-103.228056,25.527778,COAH,MATCL,"Matamoros, Coah.",20
-101.4225,26.908333,COAH,MCVCL,"Monclova, Coah.",68.5
-101.711389,28.013056,COAH,MORELOSMUZQUIZ,"Morelos M˙zquiz, Coah. SMN*",27
-101.33,27.92,COAH,NUEVAROSITA,"Nueva Rosita, Coah. SMN*",12.5
-102.181667,25.440833,COAH,PARCL,"Parras, Coah.",5.2
-100.5325,28.706667,COAH,PNGCL,"Piedras Negras, Coah.",7.4
-101.002222,27.422222,COAH,PRSCL,"Progreso, Coah.",9.5
-100.634444,28.898611,COAH,RioSanRodrigoC,"Rio San Rodrigo cerca El Moral. Piedras Negras Coah., CILA*",10.8
-100.575556,25.273333,COAH,SAACL,"San Antonio de las Alazanas, Coah.",30
-101.016667,25.376389,COAH,SALCL,"Observatorio de Saltillo, Coah.",68.9
-100.730833,29.071944,COAH,SANDIEGOC,"San Diego Jimenez, Coah. CILA*",3.3
-101.213056,28.399444,COAH,SANTACECILIA,"Santa Cecilia, Coah. SMN*",11.7
-101.122778,27.846667,COAH,SBNCL,"Sabinas, Coah.",67
-100.953889,29.034167,COAH,SMGCL,"San Miguel, Coah.",0
-103.699722,27.285278,COAH,SMJCL,"Sierra Mojada, Coah.",52
-102.979444,25.7575,COAH,SPECL,"San Pedro, Coah.",20.9
-101.016667,25.376389,COAH,STOCL,"Saltillo, Coah.",16.1
-103.45,25.541667,COAH,TORCL,"Observatorio de TorreÛn, Coah.",10.1
-100.616111,27.515,COAH,VCRCL,"Venustiano Carranza, Coah.",21
-100.898889,29.033889,COAH,ZPTCL,"Zapata, Coah.",0
-103.611389,19.248611,COL,BVSCM,"Buena Vista, Col.",393.3
-103.723611,18.754722,COL,CDOCM,"Cerro de Ortega, Col.",162.8
-103.702778,19.295,COL,CHNCM,"El Chanal, Col.",276.5
-103.6325,18.813056,COL,CLLCM,"Callejones, Col.",277.7
-103.757222,19.3175,COL,CMLCM,"Comala, Col.",223
-103.804167,19.2125,COL,CQMCM,"Coquimatl·n, Col.",152.7
-103.6,19.325,COL,CUACM,"CuauhtÈmoc, Col.",248.4
-103.884444,19.111389,COL,DJLCM,"Derivadora Jala (Madrid), Col.",118.8
-103.866389,19.17,COL,LAECM,"La Esperanza, Col.",79.3
-103.774167,18.809167,COL,LDACM,"Laguna de Amela, Col.",175.4
-103.725278,19.223333,COL,LPSCM,"La Posta, Col.",126.6
-104.297778,19.069167,COL,MANZANILLOmar,"Manzanillo, Col. SEMAR*",115.8
-104.318333,19.044444,COL,MNZCM,"Manzanillo, Col.",92.6
-103.816667,19.266667,COL,PNTCM,"PeÒitas, Col.",204.1
-103.725278,19.223333,COL,RDRCM,"Radar, Col.",100.5
-103.700833,19.408333,COL,SCHCM,"Suchitl·n, Col.",129.1
-103.9175,19.463611,COL,SMANANTLANI,"Sierra Manatl·n 1, Col. SMN*",145.4
-103.882778,18.925556,COL,TCMCM,"Tecom·n, Col.",107
-103.396667,18.967222,COL,TRJCM,"Solidaridad, Col.",195.1
-103.663333,19.2775,COL,TRPCM,"Trapiche, Col.",312
-99.210278,19.218611,DF,AJSDF,"Ajusco, Cd. de MÈx.",102.6
-99.171667,19.453333,DF,CBIDF,"Escuela Nacional de Ciencias BiolÛgicas IPN, Cd. de MÈx. SMN*",144
-99.180556,19.346667,DF,CCUDF,"Centro Universitario, Cd. de MÈx.",190
-98.999444,19.357222,DF,CDMDF,"C·rcel de Mujeres, Cd. de MÈx.",143
-99.1125,19.407778,DF,CDVDF,"Ciudad Deportiva, Cd. de MÈx.",169.2
-99.1375,19.516667,DF,CEADF,"Campamento Amealco, Cd. de MÈx.",173
-99.208333,19.155556,DF,CFSDF,"Caseta Forestal, Cd. de MÈx.",207.5
-99.1375,19.469722,DF,CMTDF,"Cien Metros, Cd. de MÈx.",302
-99.183333,19.486389,DF,CMYDF,"Campamento Mecoaya, Cd. de MÈx.",195.8
-99.09,19.190278,DF,CTNDF,"San Salvador Cuautenco, Cd. de MÈx.",184.4
-99.09,19.484167,DF,CYLDF,"Coyol, Cd. de MÈx.",132.9
-99.205,19.3,DF,DATDF,"DesviaciÛn Alta, Cd. de MÈx.",57
-99.131389,19.431111,DF,DDFDF,"Gobierno del D.F., Cd. de MÈx.",189
-99.309167,19.313333,DF,DTLDF,"Desierto de los Leones, Cd. de MÈx.",49.5
-99.15,19.383333,DF,DVLDF,"Del Valle, Cd. de MÈx.",109.7
-99.151944,19.300556,DF,EAZDF,"Estadio Azteca, Cd. de MÈx.",199.9
-99.286389,19.3625,DF,EYQDF,"El Yaqui, Cd. de MÈx.",342.2
-99.352222,19.295,DF,EZCDF,"El Zarco, Cd. de MÈx.",351.3
-99.091667,19.478056,DF,GCNDF,"km 6+250 (Gran Canal), Cd. de MÈx.",144.4
-99.2625,19.308056,DF,HYTDF,"Huayatla, Cd. de MÈx.",21.6
-99.066667,19.377778,DF,LU4DF,"Lumbrera 4 RÌos, Cd. de MÈx.",168.7
-99.3,19.340556,DF,LVNDF,"La Venta, Cd. de MÈx.",288
-99.283333,19.216667,DF,MAGDF,"Monte Alegre, Cd. de MÈx.",261.4
-99.133889,19.403333,DF,MCRDF,"Marcos Carrillo, Cd. de MÈx.",214.5
-99.026944,19.187222,DF,MLPDF,"Milpa Alta, Cd. de MÈx.",20.6
-99.233056,19.187778,DF,MZTDF,"Calle Mezontepec (Abasolo), Cd. de MÈx.",257.4
-99.096389,19.316389,DF,OCSDF,"Organismo de Cuenca AVM Sur, Cd. de MÈx.",182.1
-99.100278,19.379167,DF,PBADF,"Planta de Bombeo Aculco, Cd. de MÈx.",34.5
-99.057778,19.433333,DF,PBCDF,"Planta de Bombeo Churubusco L., Cd. de MÈx.",126.5
-99.119444,19.486667,DF,PBLDF,"Planta de Bombeo Lindavista, Cd. de MÈx.",147.1
-99.037778,19.38,DF,PBODF,"Planta de Bombeo U. E. de Oriente, Cd. de MÈx.",179.8
-99.170556,19.435556,DF,PBTDF,"Planta de Bombeo Tizoc, Cd. de MÈx.",159.5
-99.2,19.413056,DF,PCHDF,"Puerta Chapultepec, Cd. de MÈx.",230.6
-99.097222,19.455833,DF,PGNDF,"Planta Generadora 101, Cd. de MÈx.",152.9
-99.076389,19.336944,DF,PLEDF,"Planta de Tratamiento La Estrella, Cd. de MÈx.",164.8
-99.068333,19.420278,DF,PLMDF,"Planta de Bombeo LÛpez Mateos, Cd. de MÈx.",199.9
-99.126389,19.365278,DF,PMLDF,"Planta de Bombeo Municipio Libre, Cd. de MÈx.",161.8
-99.090833,19.246389,DF,PNTDF,"Planta Nativitas, Cd. de MÈx.",66.3
-99.154444,19.513056,DF,PRMDF,"Planta de Tratamiento RÌo Magdalena, Cd. de MÈx.",295.1
-99.154444,19.513056,DF,PRRDF,"Planta de Tratamiento RÌo Remedios, Cd. de MÈx.",184.7
-99.023056,19.299167,DF,PSCDF,"Planta de Tratamiento Santa Catarina, Cd. de MÈx.",140.2
-99.05,19.233333,DF,PSLDF,"Planta San Luis, Cd. de MÈx.",83.8
-99.163889,19.468889,DF,PSNDF,"Planta de Bombeo Nueva Santa MarÌa, Cd. de MÈx.",161.8
-99.171111,19.263056,DF,PSPDF,"Pueblo San Pedro M·rtir, Cd. de MÈx.",214.1
-99.190278,19.509167,DF,PTRDF,"Planta de Tratamiento Rosario, Cd. de MÈx.",209.3
-99.126111,19.285833,DF,PVCDF,"Planta de Bombeo Villa Coapa, Cd. de MÈx.",232.2
-99.143056,19.331944,DF,PXTDF,"Planta Xotepingo, Cd. de MÈx.",66.6
-99.194167,19.296111,DF,RBTDF,"Rebombeo Bosque Tlalpan, Cd. de MÈx.",233.2
-99.17,19.4,DF,RCMDF,"Radio ComunicaciÛn, Cd. de MÈx.",260.9
-99.275,19.328611,DF,SBADF,"San Bartolo Ameyalco, Cd. de MÈx.",252.7
-99.028889,19.338333,DF,SCMDF,"Santa Cruz Meyehualco, Cd. de MÈx.",214.1
-99.122222,19.572222,DF,SGDDF,"Sierra Guadalupe, Cd. de MÈx.",59.4
-99.066667,19.466667,DF,SJADF,"San Juan de AragÛn, Cd. de MÈx.",144.9
-99.009722,19.281389,DF,SPPDF,"San Pedro Tl·huac, Cd. de MÈx.",101.6
-98.960556,19.320833,DF,SSCDF,"SubestaciÛn ElÈctrica Santa Catarina, Cd. de MÈx.",195.3
-99.1425,19.556111,DF,TCMDF,"Tanque Chalmita, Cd. de MÈx.",234.2
-99.272222,19.373056,DF,TECDF,"Tanque el Cartero, Cd. de MÈx.",384.7
-99.246389,19.333889,DF,TELDF,"Tanque el Lienzo, Cd. de MÈx.",238.7
-99.098889,19.385556,DF,TEZDF,"Tezontle, Cd. de MÈx. SMN*",92
-99.211667,19.399167,DF,TNGDF,"Tri·ngulo, Cd. de MÈx.",90.4
-99.135833,19.199444,DF,TPJDF,"Topilejo, Cd. de MÈx.",270.8
-99.084722,19.440833,DF,TPNDF,"Tanque PeÒÛn, Cd. de MÈx.",177.8
-99.2125,19.361944,DF,TRGDF,"Tarango, Cd. de MÈx.",214.4
-99.248611,19.316667,DF,TSFDF,"Tanque San Francisco, Cd. de MÈx.",237.2
-99.228611,19.436389,DF,TSJDF,"Tanque San JoaquÌn, Cd. de MÈx.",208
-99.264444,19.359722,DF,TSLDF,"Trif. Santa LucÌa, Cd. de MÈx.",391.2
-98.970833,19.210278,DF,TTLDF,"Tetelco, Cd. de MÈx.",67.6
-99.211667,19.510278,DF,VDCDF,"Vaso de Cristo, MÈx.",229.9
-104.066111,25.263333,DGO,AM2DR,"AgustÌn Melgar, Dgo. SMN*",7.3
-104.7,24,DGO,CAGDR,"Campo AgrÌcola, Dgo.",80.2
-104.8,24.516667,DGO,CB2DR,"Caboraca (hidro), Dgo.",47.4
-104.810278,24.538333,DGO,CBRDR,"Caboraca, Dgo.",51.7
-104.123333,26.521667,DGO,CEBDR,"Ceballos, Dgo.",16.6
-104.121111,24.4375,DGO,CGVDR,"Ciudad Guadalupe Victoria, Dgo.",100.1
-103.521667,25.533333,DGO,CLRDR,"Ciudad Lerdo, Dgo.",21.1
-103.698889,24.871944,DGO,CNCDR,"CuencamÈ, Dgo.",25
-104.75,24.5,DGO,CNTDR,"Canatl·n, Dgo.",85
-104.666667,24.033333,DGO,DRGDR,"Durango, Dgo.",83
-103.960278,24.001667,DGO,FV2DR,"Francisco Villa (hidro), Dgo.",102.5
-103.960833,24.001667,DGO,FVLDR,"Francisco Villa, Dgo.",104.5
-103.773611,25.270833,DGO,FZRDR,"Francisco Zarco, Dgo.",29
-105.25,25.5,DGO,GESDR,"General Escobedo, Dgo.",72.1
-105.955556,25.934722,DGO,GNCDR,"Guanacevit, Dgo.",27
-104.9225,24.803889,DGO,GUADR,"GuatimapÈ, Dgo",107.5
-104.753056,23.961111,DGO,GVCDR,"Presidente Guadalupe Victoria, Dgo.",142.3
-104.751944,23.960278,DGO,GVHDR,"Guadalupe Victoria, Dgo. (hidro)",132.9
-103.983333,26.549722,DGO,LAFLOR,"La Flor de Jimulco, Dgo. SMN*",18
-105.015833,25.594167,DGO,LCRDR,"L·zaro C·rdenas, Dgo.",50.4
-103.283889,25.068056,DGO,LFLDR,"La Flor, Dgo.",16
-105.466111,24.185833,DGO,LVEDR,"Las Vegas, Dgo. SMN*",132.2
-104.246944,23.387778,DGO,MICHILIA,"La Michilia, Dgo. SMN*",109.6
-103.85,25.816667,DGO,MPMDR,"MapimÌ, Dgo.",35
-105.0475,23.899167,DGO,NAVDR,"NavÌos Viejos, Dgo.",84.9
-104.113889,25.225556,DGO,NZSDR,"Nazas, Dgo.",12
-104.655556,24.237222,DGO,PA2DR,"PeÒa del ¡guila, Dgo. (hidro)",85.5
-104.656667,24.203889,DGO,PAGDR,"PeÒa del ¡guila, Dgo.",85.5
-104.333056,24.538333,DGO,PDCDR,"P·nuco de Coronado, Dgo.",16.6
-104.558333,25.181944,DGO,RDODR,"Rodeo, Dgo.",42.5
-105.443056,25.225,DGO,SACDR,"SalomÈ Acosta, Dgo.",89.6
-105.331111,26.433056,DGO,SANANTONIO,"San Antonio, Dgo. SGT*",62.3
-104.673889,23.873333,DGO,SB2DR,"Santiago Bayacora (hidro), Dgo.",51.6
-105.526667,26.004444,DGO,SBEDR,"San Bernardo, Dgo.",15.5
-104.675833,23.874444,DGO,SBYDR,"Santiago Bayacora, Dgo.",78.6
-103.353056,24.469167,DGO,SCLDR,"Santa Clara, Dgo.",67
-103.079722,24.608333,DGO,SELDR,"Santa Elena, Dgo.",70
-105.560833,26.436667,DGO,SGBDR,"San Gabriel, Dgo.",74.4
-102.778056,24.630556,DGO,SJGDR,"San Juan de Guadalupe, Dgo.",20
-105.666667,23.75,DGO,SLTDR,"El Salto, Dgo.",240.5
-105.366667,25.953333,DGO,SMODR,"Santa MarÌa del Oro, Dgo.",78
-104.2925,25.564167,DGO,SPGDR,"San Pedro del Gallo, Dgo.",32.2
-105.422222,25.0375,DGO,SPPDR,"Santiago Papasquiaro, Dgo.",25.4
-105.566667,26.084444,DGO,SRDDR,"Sardinas, Dgo.",55.6
-106.538056,24.702222,DGO,TDRDR,"El Tule del Real, Dgo.",153.9
-103.441667,26.1125,DGO,THODR,"Tlahualilo, Dgo.",33
-106.975,24.933333,DGO,TMZDR,"Tamazula, Dgo.",226.8
-103.979722,24.810833,DGO,VGCDR,"Vicente Guerrero, Dgo.",62.1
-104.928889,26.2425,DGO,VHGDR,"Villa Hidalgo, Dgo.",89
-105.5025,26.440556,DGO,VILLAOCAMPO,"Villa Ocampo, Dgo. SMN*",67
-105.506111,26.447778,DGO,VOCDR,"Villa Ocampo, Dgo.",87
-99.906667,16.849722,GRO,ACAGR,"Acapulco, Gro.",154.3
-99.749167,16.762778,GRO,ACUGR,"Acapulco, Gro. SMN*",87
-99.516944,17.576389,GRO,AERGR,"Aeropuerto de Chilpancingo, Gro.",102.2
-100.5175,18.075833,GRO,AFIGR,"AndrÈs Figueroa, Gro.",120.6
-98.975278,17.719722,GRO,AHUGR,"Ahuacuotzingo, Gro.",91.5
-100.5,18.154167,GRO,AJCGR,"Ajuchitl·n, Gro.",134.9
-99.799722,16.751111,GRO,AOMGR,"Observatorio de Aeropuerto de Acapulco, Gro.",65.5
-100.44,17.209444,GRO,ATOYAC,"Atoyac SMN, Gro.",53.8
-100.433333,17.210278,GRO,ATYGR,"Atoyac, Gro.",95.8
-99.1,16.949444,GRO,AYUGR,"Ayutla, Gro.",186.6
-99.2,18.2,GRO,BVSGR,"Buena Vista, Gro.",254
-100.664444,18.359444,GRO,CALGR,"Ciudad Altamirano, Gro.",201
-99.936667,16.728333,GRO,CBTGR,"CBTIS 14, Gro.",85.5
-99.701111,17.672222,GRO,CCHGR,"Chichihualco, Gro.",94
-100.089444,17.008889,GRO,CDBGR,"Coyuca de BenÌtez, Gro.",44
-99.5,17.545278,GRO,CHIGR,"Chilpancingo, Gro.",147.3
-99.175833,17.608611,GRO,CHLGR,"Chilapa, Gro.",141
-98.411944,16.47,GRO,CNLGR,"Cuajinicuilapa, Gro.",107.9
-99.914722,16.879722,GRO,CPRGR,"Colonia Progreso (Calle Durango), Gro.",109.4
-99.851944,16.903889,GRO,CSMGR,"Colonia SimÛn BolÌvar, Gro.",20.5
-99.831944,16.855556,GRO,CUHGR,"Coloso (Unidad Habitacional el Coloso), Gro.",128
-101.054444,17.376944,GRO,CYQGR,"Coyuquilla, Gro.",38
-99.995556,17.947778,GRO,ECAGR,"Ing. Carlos RamÌrez Ulloa, Gro.",243.2
-99.878889,16.874444,GRO,GTAGR,"La Garita (T˙nel Alto), Gro.",151.3
-99.332778,18.3025,GRO,HTZGR,"Huitzuco, Gro.",317.4
-99.55,18.349722,GRO,IGLGR,"Iguala, Gro.",270.4
-99.524167,18.360278,GRO,IGUALA,"Iguala, Gro. SMN*",196.3
-98.513333,17.6225,GRO,IXTGR,"Ixcateopan de Tlapa, Gro.",139.1
-99.925278,16.873611,GRO,JNAGR,"Juan N. ¡lvarez, Gro.",141.8
-99.783333,16.966667,GRO,K21GR,"km 21, Gro.",71.5
-99.845556,16.932222,GRO,LCIGR,"L·zaro C·rdenas (Col. Industrial), Gro.",63.1
-101.003056,18.418611,GRO,LCLGR,"La Calera, Gro.",83.6
-100.018056,16.958333,GRO,LDCGR,"Laguna de Coyuca, Gro.",76
-99.235,16.76,GRO,LDGGR,"Las Vigas, Gro.",146.2
-99.503056,18.363333,GRO,LDTGR,"Laguna de Tuxpan, Gro.",270.4
-99.918889,16.855,GRO,LMRGR,"La Mira, Gro.",174
-99.887778,16.895833,GRO,MAGGR,Magallanes (4 Etapa FOVISSSTE) Gro.,54.9
-99.369167,17.471111,GRO,MCHGR,"Mochitl·n, Gro.",403.2
-99.799722,16.8,GRO,ODAGR,"Observatorio de Acapulco, Gro.",85.5
-99.5,17.6,GRO,ODZGR,"Observatorio de Zumpango, Gro.",113.5
-98.735,17.777222,GRO,OLNGR,"Olinala, Gro.",307
-98.433333,16.683333,GRO,OMEGR,"Ometepec, Gro.",389.1
-99.433333,17.984444,GRO,PETGR,"Petaquillas, Gro.",204
-99.915556,16.885,GRO,PSCGR,"Palma Sola-CamarÛn, Gro.",240
-98.500556,16.655833,GRO,QTZGR,"Quetzala, Gro.",265.8
-99.166111,16.823611,GRO,RMEGR,"RevoluciÛn Mexicana, Gro.",145.5
-100.472778,17.139444,GRO,SJEGR,"San JerÛnimo, Gro.",51.5
-99.482778,16.796389,GRO,SNMGR,"San Marcos, Gro.",258.5
-99.605278,18.554444,GRO,TAXGR,"Taxco, Gro.",190.7
-99.526389,17.1675,GRO,TCOGR,"Tierra Colorada, Gro.",84.8
-99.976389,17.789722,GRO,TLAGR,"Tlacotepec, Gro.",214.7
-98.6,17.5,GRO,TLPGR,"Tlapa, Gro.",108.6
-99.399444,17.568056,GRO,TXTGR,"Tixtla, Gro.",208.4
-100.265833,18.382778,GRO,VGRGR,"Vicente Guerrero, Gro.",200.8
-99.466111,18.295833,GRO,VTRGR,"Valerio Trujano, Gro.",250.1
-98.488333,17.903889,GRO,XXHGR,"Xochihuehuetl·n, Gro.",141.4
-99.933333,17.603333,GRO,YXTGR,"Yextla, Gro.",112.3
-101.545,17.863333,GRO,ZHTGR,"Zihuatanejo, Gro.",191.4
-101.516667,20.433333,GTO,ABSGJ,"Abasolo, Gto.",203.5
-100.716667,20.033333,GTO,ACNGJ,"Ac·mbaro, Gto.",165.1
-100.683333,20.533333,GTO,AEGGJ,"Apaseo el Grande, Gto.",129.2
-100.583333,20.55,GTO,AMCGJ,"Ameche, Gto.",100.3
-100.620833,20.454167,GTO,APSGJ,"Apaseo el Alto, Gto.",111.6
-101.625556,20.499167,GTO,ATBGJ,"Agua Tibia, Gto.",186.1
-101.631667,21.2925,GTO,BARBOSA,"Barbosa, Gto. ProtecciÛn Civil*",170.2
-101.833333,21.05,GTO,BRRGJ,"El Barrial, Gto.",149.4
-100.899722,20.280278,GTO,CBOGJ,"El Cubo, Gto. SGT*",27
-100.816667,20.533333,GTO,CLYGJ,"Celaya, Gto.",158.6
-101.474722,21.068056,GTO,COMGJ,"Comanjilla, Gto.",243
-100.363333,20.198333,GTO,CORGJ,"Coroneo, Gto.",154.6
-101.630278,20.506667,GTO,CORRALEJO,"Corralejo Hidalgo, Gto. ProtecciÛn Civil*",172.5
-101.666667,20.616667,GTO,CRMGJ,"Cuer·maro, Gto.",241.3
-100.95,20.483333,GTO,CRTGJ,"Cort·zar, Gto.",120.8
-100.9,20.95,GTO,CSRGJ,"Cinco SeÒores, Gto.",110.2
-101.666667,21.2,GTO,CSTGJ,"Los Castillos, Gto.",162.1
-100.933333,21.15,GTO,DHGGJ,"Dolores Hidalgo, Gto.",70
-101.835278,21.05,GTO,EBAGJ,"El Barrial, Gto.",130.9
-100.5,20.2,GTO,ECBGJ,"El Cubo, Gto.",195.1
-101.2,20.9,GTO,ECHGJ,"El ChapÌn, Gto.",186.3
-101.366667,20.733333,GTO,ECNGJ,"El Conejo, Gto.",179.2
-101.688056,21.173333,GTO,EPLGJ,"El Palote, Gto.",165.2
-101.7425,20.439167,GTO,GLNGJ,"La Golondrina, Gto.",228
-101.265,21.012222,GTO,GTOGJ,"Guanajuato, Gto.",190.7
-100.825833,20.848056,GTO,IALGJ,"Ignacio Allende, Gto.",80.2
-101.35,20.683333,GTO,IRPGJ,"Irapuato, Gto.",200.5
-100.516667,20.133333,GTO,JCRGJ,"JerÈcuaro, Gto.",150.1
-100.525833,20.610278,GTO,LADGJ,"Las Adjuntas, Gto.",209.3
-101.073056,20.286944,GTO,LDYGJ,"Laguna de Yuriria, Gto.",190.1
-101.666667,21.1,GTO,LENGJ,"LeÛn, Gto.",188
-100.866667,20.383333,GTO,LGVGJ,"Puente la Gavia, Gto.",211
-101.358889,20.276111,GTO,LJIGJ,"Las JÌcamas, Gto.",114
-101.106944,21.3225,GTO,LQMGJ,"La Quemada, Gto.",71.5
-101.931944,20.504444,GTO,MABGJ,"Mariano Abasolo, Gto.",137.5
-101.516667,21.633333,GTO,OCMGJ,"Ocampo, Gto.",88
-100.9,21.1,GTO,PDLGJ,"Puente Dolores, Gto.",51
-101.133333,20.516667,GTO,PERGJ,"Pericos, Gto.",152.3
-100.878333,21.105,GTO,PNLGJ,"PeÒuelitas, Gto.",105.5
-100.496111,21.22,GTO,POZGJ,"Pozos, Gto.",41.7
-101.287778,20.867222,GTO,PRSGJ,"La PurÌsima, Gto.",244
-101.216667,21.483333,GTO,SFEGJ,"San Felipe, Gto.",82.9
-101.016667,20.4,GTO,SJLGJ,"Santa Julia, Gto.",185.6
-101.199444,20.565278,GTO,SLMGJ,"Salamanca, Gto.",193.6
-100.516667,21.3,GTO,SLPGJ,"San Luis de la Paz, Gto.",44.9
-100.667222,20.051667,GTO,SLSGJ,"SolÌs, Gto.",126.1
-100.884722,20.214167,GTO,SLVGJ,"Salvatierra, Gto.",120.7
-101.016389,20.430833,GTO,SMAGJ,"San Miguel de Allende, Gto.",134.3
-100.745833,20.577778,GTO,SMOGJ,"San Miguel Octopan, Gto.",102.3
-101.066667,20.3,GTO,SRTGJ,"Santa Rita, Gto.",138.5
-100.75,20.283333,GTO,TARGJ,"Tarimoro, Gto.",162.1
-101.3,20.6,GTO,TEMGJ,"TemascatÌo, Gto.",243.9
-100.8,20.5,GTO,TGRGJ,"Tres Guerras, Gto.",154.5
-101.182222,20.388611,GTO,VDSGJ,"Valle de Santiago, Gto.",183.5
-100.0925,21.298889,GTO,XICGJ,"Xich˙, Gto.",19
-98.941667,20.268056,HGO,ACTHD,"Actopan, Hgo.",46.4
-98.333333,21.016667,HGO,ATCHD,"Atlapexco, Hgo.",110.5
-99.36,20.163889,HGO,ENDHD,"EndhÛ, Hgo.",69.5
-98.416667,21.15,HGO,HJTHD,"Huejutla, Hgo.",72
-99.220833,20.481944,HGO,IXMHD,"Ixmiquilpan, Hgo.",33.2
-98.128889,20.136111,HGO,LAGUNASGT,"La Laguna, Hgo. SGT*",155.5
-99.348056,20.056667,HGO,LASROSAS,"Las Rosas, Hgo. OCAVM*",11.8
-98.757222,20.591667,HGO,LMTHD,"Metztitl·n, Hgo.",70
-99.218611,20.2375,HGO,MXQHD,"Mixquiahuala, Hgo.",85.5
-98.6,21.166667,HGO,ORZHD,"San Felipe Orizatl·n, Hgo.",122.3
-98.7475,20.123333,HGO,PCOHD,"Observatorio de Pachuca, Hgo.",80.5
-98.334722,20.0575,HGO,PERHD,"La Esperanza, Hgo.",30.2
-99.329444,20.359722,HGO,PRGHD,"Javier Rojo GÛmez, Hgo.",21
-99.310833,19.963056,HGO,PRQHD,"Requena, Hgo.",70.5
-99.375833,20.435556,HGO,PVAHD,"Vicente Aguirre, Hgo.",21
-98.369444,20.083333,HGO,TLGHD,"Tulancingo, Hgo.",53.1
-99.385,19.835278,HGO,TXMHD,"Taxhimay, Hgo.",154
-99.501111,20.663333,HGO,ZMPHD,"Ing. Fernando Hiriart Balderrama, Hgo.",1.8
-98.647222,20.652778,HGO,ZXTHD,"Zacualtip·n, Hgo.",150.5
-103.133333,20.316667,JAL,ACHAPALAGDL,"Acueducto Chapala-Guadalajara, Jal. SGT*",147.4
-102.436944,21.599444,JAL,AJJJL,"Ajoj˙car, Jal.",132.5
-103.091944,20.397222,JAL,ATQJL,"Atequiza, Jal.",232.2
-103.446389,20.746667,JAL,BAZJL,"Base AÈrea Zapopan, Jal.",297.9
-104.061111,19.913611,JAL,BBAJL,"Basilio Vadillo, Jal.",286.5
-103.726111,22.4,JAL,BCSJL,"Bocas, Jal.",120.7
-103.783611,21.830556,JAL,BLNJL,"BolaÒos, Jal.",162.9
-103.465278,19.697778,JAL,CGZJL,"Ciudad Guzm·n, Jal.",220.9
-103.201944,20.290556,JAL,CHAJL,"Chapala 1 SMN, Jal.",288.6
-105.044722,19.498611,JAL,CHAMELA,"Chamela-Cuixmala, Jal. SMN*",157.4
-104.554444,19.628611,JAL,CHFJL,"El ChiflÛn, Jal",231.6
-104.566667,19.233333,JAL,CIHJL,"Cihuatl·n, Jal.",215.2
-103.25,22.133333,JAL,CLTJL,"Colotl·n, Jal.",128
-105.129722,19.9975,JAL,CPEJL,"CajÛn de PeÒa, Jal.",256.6
-104.780833,20.479722,JAL,CRNJL,"Corrinchis, Jal.",208.9
-101.7375,21.497778,JAL,CRTJL,"El Cuarenta, Jal.",94.4
-105.05,20.583333,JAL,CULJL,"Cuale, Jal.",476
-102.85,21.133333,JAL,CUNJL,"La CuÒa, Jal.",281.3
-103.45,21.066667,JAL,CXTJL,"Cuixtla, Jal.",240.2
-104.285278,19.845833,JAL,ELCJL,"El Corcovado, Jal.",77.4
-103.333333,20.733333,JAL,EXPJL,"La Experiencia, Jal.",354.6
-103.373889,20.672778,JAL,GUAJL,"Guadalajara Centro, Jal.",362
-103.4,20.7,JAL,GUCJL,"Guadalajara los Colomos, Jal.",367.8
-104.497222,19.238333,JAL,HIGJL,"Higuera Blanca, Jal.",122.4
-103.651111,20.466944,JAL,HRTJL,"Hurtado, Jal.",244.5
-102.25,20.483333,JAL,HUAJL,"Huascato, Jal.",241
-102.705833,20.293889,JAL,JMYJL,"Jamay, Jal.",166.8
-103.644167,20.676389,JAL,LAPRIMAVERA,"La Primavera, Jal. SMN*",206.4
-103.12,20.18,JAL,LDCJL,"Lago de Chapala, Jal.",277.3
-101.919722,21.359722,JAL,LDMJL,"Lagos de Moreno, Jal.",175.3
-103.590833,19.592222,JAL,NEVADOCOLIMA,"Nevado de Colima, Jal. SMN*",76.2
-101.916667,21.366667,JAL,OLMJL,"Observatorio de Lagos de Moreno, Jal.",163.4
-103.361667,20.583889,JAL,PITJL,"ProtecciÛn a Infraestructura y AtenciÛn a Emergencias, Jal.",268.7
-104.105833,21.196944,JAL,PLYJL,"La Yesca, Jal.",126.2
-102.231944,20.491111,JAL,POLJL,"Ing. Guillermo Lugo Sanabria, Jal.",237.5
-104.05,20.55,JAL,RAMJL,"RÌo Ameca, Jal.",180.9
-101.835556,21.359167,JAL,SA1JL,"La Sauceda, Jal.",161.9
-101.85,21.35,JAL,SAUCEDACFE,"Sauceda, Jal. CFE*",21
-101.85,21.35,JAL,SAUJL,"La Sauceda, Jal.",161.9
-102.5,21.3,JAL,SGRJL,"San Gaspar de los Reyes, Jal.",232
-103.705556,20.908889,JAL,SRSJL,"Santa Rosa, Jal.",102.1
-102.583333,21.45,JAL,TCAJL,"Teocaltiche, Jal.",259.4
-104.320278,20.036111,JAL,TCTJL,"Tacot·n, Jal.",180.4
-103.198611,22.171944,JAL,TENJL,"Tenasco, Jal.",119.1
-103.316667,20.583333,JAL,TLAJL,"Tlaquepaque, Jal.",216.9
-103.419444,20.4425,JAL,TLAJOMULCO,"Tlajomulco, Jal. SMN*",248.2
-103.845833,20.596389,JAL,VEGJL,"Ing. Santiago Camarena, Jal.",272.5
-103.366667,20.716667,JAL,ZPPJL,"Zapopan, Jal.",282
-99.377222,19.377222,MEX,2RSMX,"Dos RÌos, MÈx.",334.3
-99.216667,19.566667,MEX,ARBMX,"Las Arboledas, MÈx.",209.4
-98.912222,19.543611,MEX,ATEMX,"Atenco (RÌo Xalapan), MÈx.",112.8
-99.866667,19.783333,MEX,ATPMX,"Atlacomulco Prepa., MÈx.",242.1
-99.589444,19.775,MEX,BUFMX,"La ConcepciÛn, Mex.",244.3
-99.7,19.333333,MEX,CALMX,"Calixtlahuaca, MÈx.",124.4
-99.298611,19.406667,MEX,CDBMX,"CaÌda del Borracho, MÈx.",226.6
-99.511667,19.205,MEX,CGCMX,"Gerencia Conagua CODAGEM, MÈx.",149.1
-98.888611,19.494167,MEX,CHAPINGO,"Chapingo, MÈx. SGT*",84.6
-99.4675,18.795833,MEX,CHDMX,"Ciudad Hidalgo, MÈx",131.1
-100.116667,19.2,MEX,CHIMX,"Chilesdo, MÈx.",161.9
-98.884722,19.483333,MEX,CHPMX,"Chapingo, MÈx.",90.3
-99.239444,19.534167,MEX,CLYMX,"Calacoaya, MÈx.",204.6
-99.304444,19.695,MEX,CNPMX,"La ConcepciÛn, MÈx.",244.3
-99.631667,19.292222,MEX,COBMX,"Observatorio de Estado de MÈxico, MÈx.",114.5
-100.183333,19.101667,MEX,COLMX,"Colorines, MÈx.",176.6
-99.559722,19.884722,MEX,DNXMX,"DanxhÛ, MÈx.",142
-99.238333,19.453611,MEX,EMOMX,"El Molinito RÌo Hondo, MÈx.",217
-98.916944,19.578889,MEX,GRDMX,"La Grande, MÈx.",123.7
-99.696944,20.046389,MEX,HPNMX,"Huapango, MÈx.",101.6
-99.769444,19.5675,MEX,IXCMX,"Ixtlahuaca, MÈx.",138.2
-99.05,19.633333,MEX,K27MX,"km 27+250, MÈx.",183.3
-100.075833,19.383333,MEX,LBEMX,"Los Berros, MÈx.",195.6
-99.220833,19.477778,MEX,MBLMX,"Molino Blanco, MÈx.",188.5
-99.683333,19.116667,MEX,NEVMX,"Nevado de Toluca, MÈx. SMN*",148.1
-99.193611,19.616667,MEX,OBSMX,"San MartÌn Obispo, MÈx.",131.7
-99.175,19.575,MEX,PBTMX,"Planta Barrientos, MÈx.",202.2
-99.025,19.65,MEX,PCCMX,"Planta Chiconautla 2, MÈx.",185.4
-99.181944,19.743056,MEX,PCGMX,"Puente Colgante, MÈx.",147.6
-99.010278,19.636944,MEX,PCTMX,"Planta Chiconautla 1, MÈx.",156.7
-99.790278,19.829167,MEX,PFBMX,"Francisco JosÈ Trinidad Fabela, MÈx.",234
-99.775,19.461667,MEX,PIRMX,"Ignacio RamÌrez, MÈx.",178.2
-99.248889,19.429444,MEX,PLMMX,"Palmas, MÈx.",107.9
-99.260833,19.526944,MEX,PMDMX,"MadÌn, MÈx.",204.6
-99.739722,20.124167,MEX,PMNMX,"El Molino, MÈx.",125
-99.864444,20.038611,MEX,PNDMX,"—adÛ, MÈx.",179.1
-99.268056,19.524444,MEX,PREMX,"Presa MadÌçn, MÈx. SMN*",147.8
-99.213333,19.408333,MEX,PTLMX,"Presa Totolica, MÈx.",218.9
-99.603333,19.213333,MEX,RECMX,"RectorÌa, MÈx.",119.2
-98.911111,19.530556,MEX,SADMX,"San AndrÈs (Texcoco), MÈx.",132.1
-99.704722,19.465833,MEX,SBBMX,"JosÈ Antonio Alzate, MÈx.",252
-99.764722,19.238333,MEX,SJHMX,"San Juan de las Huertas, MÈx.",143.3
-98.870833,19.190278,MEX,SLAMX,"San Luis Ameca, MÈx.",102
-99.741667,19.591667,MEX,SLBMX,"San Bartolo del Llano, MÈx.",171.5
-99.8,19.633333,MEX,SMLMX,"Santa MarÌa del Llano, MÈx.",327
-98.858611,19.644722,MEX,SNLMX,"San Lucas, Mex.",157.8
-99.8,19.333333,MEX,TBRMX,"Tres Barrancas, MÈx.",132.4
-99.935833,18.931389,MEX,TESMX,"Texcaltitl·n, MÈx.",176.8
-98.900833,19.443611,MEX,TJCMX,"El Tejocote, MÈx.",181.1
-100.022778,19.904444,MEX,TM2MX,"Temascalcingo, MÈx.*",199.2
-99.283333,19.453889,MEX,TOTMX,"Totolica, Mex.",218.9
-99.961389,19.660833,MEX,TPTMX,"San AndrÈs Tepetitl·n, MÈx.",212.4
-100.283333,19.1,MEX,TROMX,"Trojes, MÈx.",245.2
-99.283056,19.4525,MEX,TTLMX,"Totolica (hidro), MÈx.",168.5
-99.123889,19.904722,MEX,TTQMX,"Tajo de Tequixquiac, Mex.",142.1
-100.18,19.2075,MEX,VBRMX,"Valle de Bravo, MÈx.",199.1
-99.334167,19.382222,MEX,VNDMX,"El Venado, MÈx.",325.6
-100.055556,19.461667,MEX,VVCMX,"Villa Victoria, MÈx.",198.6
-101.99,20.231389,MICH,ADUMC,"Adjuntas, Mich.",204.8
-100.608889,19.579722,MICH,AGOMC,"Agostitl·n, Mich.",229.9
-101.661111,19.926111,MICH,AMEMC,"Aristeo Mercado, Mich.",111.8
-102.371667,19.082778,MICH,APAMC,"Apatzing·n, Mich. SMN*",101
-102.371111,19.083056,MICH,APTMC,"Apatzing·n, Mich.",177.5
-101.669722,19.925556,MICH,ARMMC,"Aristeo Mercado SGT, Mich.",189.4
-102.419167,20.183889,MICH,BIBMC,"Barraje de Ibarra, Mich.",174
-101.459167,20.319444,MICH,CBLMC,"Casa Blanca, Mich.",164.5
-102.265278,19.973611,MICH,CHAMC,"Chaparaco, Mich.",190
-100.55,19.7,MICH,CHIMC,"Ciudad Hidalgo, Mich.",227.6
-102.774167,19.287778,MICH,CHLMC,"ConstituciÛn de Apatzing·n, Mich.",92
-100.9,18.5,MICH,CMNMC,"Caimanera, Mich.",117.3
-101.259167,19.629722,MICH,COIMC,"CoÌntzio, Mich.",209.4
-101.861667,20.207222,MICH,CORMC,"Corrales, Mich.",138.9
-100.421111,19.387778,MICH,DBOMC,"El Bosque, Mich.",129.6
-102.436944,20.304444,MICH,DGNMC,"De Gonzalo, Mich.",22
-100.45,19.966667,MICH,EGIMC,"El Gigante, Mich.",169.9
-102.541389,19.979167,MICH,GUAMC,"Guaracha, Mich.",262.5
-101.883333,18.266667,MICH,INFMC,"Infiernillo, Mich.",39.3
-102.601944,19.958333,MICH,JARMC,"Jaripo, Mich.",253.5
-101.626667,20.248889,MICH,LANMC,"Los ¡ngeles, Mich.",45.1
-102.865556,19.210833,MICH,LOLMC,"Los Olivos, Mich.",83
-102.751389,20.146667,MICH,LPAMC,"La Palma, Mich.",32.2
-102.004444,20.354444,MICH,LPDMC,"La Piedad, Mich.",170
-102.9,18.8,MICH,LPNMC,"Los Panches, Mich.",71.1
-102.2,18.8,MICH,LPSMC,"La PastorÌa, Mich.",103.5
-101.2,18.8,MICH,LPZMC,"Los Pinzanes, Mich.",100.8
-101.1,19.7,MICH,MCEMC,"Morelia Centro, Mich.",117.5
-101.461389,20.323333,MICH,MKZMC,"Markazuza, Mich. SGT*",60.2
-102.2,17.899167,MICH,MLCMC,"Melchor Ocampo L. C., Mich.",195
-100.873611,19.829167,MICH,MLPMC,"MalpaÌs, Mich.",117.3
-101.2,19.7,MICH,MNOMC,"Morelia Norte, Mich.",207.6
-101.724444,20.127222,MICH,MOCMC,"Melchor Ocampo, Mich.",184
-101.176111,19.688611,MICH,MORMC,"Morelia, Mich.",177.4
-100.879167,19.835556,MICH,MPSMC,"MalpaÌs, Mich. SGT*",119.4
-100.439167,19.890833,MICH,MRVMC,"MaravatÌo, Mich.",317.5
-100.618889,20.277778,MICH,P3MEZQUITES,"Presa Tres Mezquites, Mich. SGT*",54.8
-101.05,19.49,MICH,PDBMC,"Planta de Bombeo, Mich.",84
-102.601389,19.959167,MICH,PDEGONZALO,"Presa de Gonzalo, Mich. SGT*",33.2
-101.6,20.3,MICH,PORMC,"Pastor Ortiz, Mich.",158.3
-100.684167,19.621389,MICH,PUCMC,"Pucuato, Mich.",181.6
-102.136944,19.961389,MICH,PUREPETIRO,"Presa Urepetiro, Mich. SGT*",164.4
-102.716667,20.066667,MICH,SAHMC,"Sahuayo, Mich.",193.8
-102.464722,20.208333,MICH,SCRMC,"San CristÛbal, Mich.",147.2
-102.651389,19.839444,MICH,SJUMC,"San Juanico, Mich.",246.1
-102.4,20.1,MICH,SSIMC,"San SimÛn, Mich.",288
-100.229167,20.000278,MICH,TEPMC,"Tepuxtepec, Mich.",78.7
-102.137778,19.962222,MICH,UREMC,"Urepetiro, Mich.",184.7
-102.180278,18.048333,MICH,VILMC,"JosÈ MarÌa Morelos y PavÛn, Mich.",186.7
-101.45,19.55,MICH,VJIMC,"Villa JimÈnez, Mich.",200.6
-102.242222,20.339444,MICH,YURMC,"YurÈcuraro, Mich.",158.4
-102.284167,20.006667,MICH,ZAMMC,"Zamora, Mich.",157.6
-101.795,19.805278,MICH,ZCAMC,"Zacapu, Mich.",204.1
-101.931944,18.921111,MICH,ZICMC,"Zicuir·n, Mich.",107.5
-100.828611,19.860278,MICH,ZINMC,"ZinapÈcuaro, Mich.",104.4
-98.829167,18.947222,MOR,ACHMR,"Achichipico, Mor.",236.4
-99.265833,18.735,MOR,ALUMR,"Alpuyeca, Mor.",158.1
-99.4,18.6,MOR,AMCMR,"Amacuzac, Mor.",261.5
-99.463611,18.68,MOR,APAMR,"Apacingo, Mor.",234.2
-98.928056,18.948889,MOR,ATLMR,"Atlatlahucan, Mor.",121.7
-98.9,18.8,MOR,CUAMR,"Cuautla, Mor.",171.2
-99.2,18.9,MOR,CUEMR,"Cuernavaca, Mor.",246
-98.786667,18.690556,MOR,ELPMR,"El PeÒÛn, Mor.",111.3
-99.180278,18.573889,MOR,HIGMR,"HiguerÛn, Mor.",164.9
-99.424167,18.608333,MOR,HUAMR,"Huajintl·n, Mor.",182.5
-98.75,18.883333,MOR,HUEMR,"Hueyapan, Mor.",191.4
-99.015833,19.028889,MOR,HUIMR,"Huitzilac, Mor.",404.8
-99.025,18.441389,MOR,HUTMR,"Huautla, Mor.",133.2
-98.781667,18.936667,MOR,HUXMR,"Huecahuaxco, Mor.",205.3
-99.158611,18.883611,MOR,IMTMR,"Instituto Mexicano de TecnologÌa del Agua, Mor. SMN*",186.5
-98.8,18.7,MOR,JNCMR,"Jonacatepec, Mor.",148.2
-99.2,18.6,MOR,JOJMR,"Jojutla, Mor.",128.9
-98.916667,18.683333,MOR,LCUMR,"La Cuera, Mor.",137.3
-99.4,18.7,MOR,MIAMR,"Miacatl·n, Mor.",174
-99.004722,18.727222,MOR,MYOMR,"Moyotepec, Mor.",76.8
-99.140833,18.519444,MOR,NEXMR,"Nexpa, Mor.",84
-99.258333,18.734722,MOR,OACMR,"Oacalco, Mor.",140.3
-98.901389,18.900556,MOR,OAXMR,"Oaxtepec, Mor.",143.1
-99.219167,18.908889,MOR,OBSMR,"Observatorio de Morelos, Mor.",182.1
-98.758611,18.8825,MOR,OCTMR,"Ocuituco, Mor.",231
-99.322778,18.633333,MOR,PIXMR,"Puente de Ixtla, Mor.",213.6
-99.156944,18.771111,MOR,PROMR,"Progreso (IMTA), Mor.",247.3
-99.331389,18.765278,MOR,RODMR,"El Rodeo, Mor.",155.5
-98.936111,18.541389,MOR,SHUAUTLA,"Sierra de Huautla, Mor. SMN*",110.2
-99.190556,18.918333,MOR,SLDMR,"Solidaridad, Mor.",154.7
-99.042778,18.580278,MOR,SPHMR,"San Pablo Hidalgo, Mor.",160.9
-99.2,18.9,MOR,TEMMR,"Temixco, Mor.",154.2
-98.710278,18.876389,MOR,TETMR,"Tetela del Volc·n, Mor.",187.8
-99.1,18.794167,MOR,TICMR,"Ticum·n, Mor.",178.5
-99.306111,18.487778,MOR,TILMR,"Tilzapotla, Mor.",179.7
-98.943611,19.038056,MOR,TLCMR,"Tlacualera, Mor.",269.5
-98.75,18.813333,MOR,TLOMR,"Tlacotepec, Mor.",103.2
-98.786944,18.778056,MOR,TMCMR,"Temoac, Mor.",71.9
-98.92,18.9875,MOR,TOTMR,"Totoloapan, Mor.",131.4
-98.843611,18.596389,MOR,TPLMR,"Tepalcingo, Mor.",93.3
-99.250278,18.611111,MOR,TQGMR,"Tequesquitengo, Mor.",197.1
-99.188333,18.521111,MOR,XICMR,"Xicatlacotla, Mor.",107
-99.25,18.683333,MOR,XXOMR,"Xoxocotla, Mor.",177.9
-99.1,18.9,MOR,YAHMR,"Yautepec, Mor.",148.7
-99.200833,18.636667,MOR,ZCTMR,"Zacatepec, Mor.",170.4
-105.354167,22.49,NAY,ACANR,"Acaponeta, Nay.",161.4
-105.403333,22.479444,NAY,ACAPONETA,"Acaponeta, Nay. SMN*",90.3
-104.802222,21.839167,NAY,AGMNR,"Aguamilpa Solidaridad, Nay.",113
-105.1125,21.831111,NAY,CAPNR,"Capomal, Nay.",370.1
-104.450833,21.428333,NAY,CJNNR,"Leonardo RodrÌguez Alcaine, Nay.",210.8
-105.136667,20.889722,NAY,GAVNR,"Gaviotas, Nay.",345.1
-104.516944,22.250833,NAY,JMANR,"Jes˙s MarÌa, Nay.",238.4
-105.341667,22.558333,NAY,LESNR,"La Estancia, Nay.",150.4
-105.020833,22.377778,NAY,PAJNR,"Pajaritos, Nay.",305.7
-105.211667,22.119722,NAY,ROMNR,"Rosa Morada, Nay.",134.8
-104.8,21.8,NAY,RSRNR,"Reguladora San Rafael, Nay.",251.7
-105.1425,21.958333,NAY,RUINR,"Ruiz, Nay.",301.9
-104.891944,21.489444,NAY,TEPNR,"Tepic, Nay.",259.9
-99.680556,24.883333,NL,ADJNL,"Las Adjuntas, N.L.",5
-99.680556,24.897222,NL,ADJUNTASHUALA,"Las Adjuntas, N.L. SGT*",5
-100.011944,25.272778,NL,AL2NL,"Allende Dos, N. L.",61.3
-100.134444,27.24,NL,ANHNL,"An·huac, N.L.",38
-99.816667,24.1,NL,ARRNL,"Aramberri, N.L.",27.9
-99.911667,24.321944,NL,ASCNL,"La AscensiÛn, N.L.",71
-99.743889,24.99,NL,CABNL,"Cabezones, N.L.",37.5
-99.579444,24.876111,NL,CAMACHO,"Camacho, N.L. SGT*",32.3
-99.578889,24.871944,NL,CAMNL,"Camacho, N.L.",99.3
-100.274722,25.800556,NL,CANNL,"El Canad·, N.L.",15.8
-99.439444,24.976111,NL,CARNL,"Carmen de los Elizondo Linares, N. L.",27
-99.276944,25.711667,NL,CCHNL,"Cuchillo-Solidaridad, N.L.",16
-100.172222,25.952222,NL,CDFNL,"CiÈnega de Flores, N.L.",19
-99.975,25.590278,NL,CDRNL,"Cadereyta, N.L.",40.3
-99.399722,24.9375,NL,CPRNL,"JosÈ LÛpez Portillo, N.L.",83
-99.6975,24.783611,NL,CRUNL,"Crucitas, N.L.",0
-99.614167,26.091389,NL,CRVNL,"Cerralvo, N.L.",7.6
-100.172778,23.676389,NL,DARNL,"Doctor Arroyo, N.L.",65
-100.198056,25.5175,NL,ECSNL,"El Cerrito, N.L.",58
-100.308333,25.576944,NL,ELDIENTE,"El Diente SMN, N. L.",57.8
-100.083333,24.833333,NL,GALNL,"Galeana, N.L.",94
-99.975556,25.765,NL,LAARENA,"La Arena, N.L. SGT*",66.5
-100.128056,25.428056,NL,LBCNL,"La Boca, N.L.",66
-99.527222,25.497222,NL,LERNL,"Las Enramadas, N.L.",44
-99.195833,26.023611,NL,LOSALDAMA,"Los Aldama, N.L. SMN*",20
-99.401389,25.898333,NL,LosHerrera,"Los Herrera, N.L. SGT*",8.3
-99.196667,26.022222,NL,MDRNL,"Madero, N.L.",31.3
-99.833333,25.174167,NL,MTMNL,"Montemorelos, N.L.",12.7
-100.271667,25.6825,NL,MTRNL,"Monterrey, N.L.",19.5
-100.118056,23.4225,NL,MYNNL,"Mier y Noriega, N.L.",38.6
-100.304722,25.733611,NL,OBSNL,"Observatorio de Nuevo LeÛn, N.L.",19.5
-99.221667,24.992778,NL,PAMNL,"La Pamona, N.L.",47
-100.372222,27.429167,NL,PSANL,"Salinillas, N.L.",21
-100.271667,26.509722,NL,RADIOSONDEOMTY,"Radiosondeo, Monterrey N.L. SGT*",50.5
-100.551111,25.028333,NL,SRANL,"San Rafael, N.L.",63.6
-99.77,25.503611,NL,Tepehuaje,"Cadereyta, N.L. SGT*",87
-99.777778,23.981389,NL,ZRGNL,"Zaragoza, N.L.",138
-102.184167,21.738611,OAX,AMTOX,San Antonino Monte Verde,70
-95.698889,16.009167,OAX,ASTOX,"Astata, Oax.",121.1
-96.53,17.43,OAX,ATEOX,"Atepec, Oax.",61.5
-96.1,17.016667,OAX,AYUOX,"Ayutla, Oax.",66.1
-96.716667,17.066667,OAX,BAEOX,"Base AÈrea, Oax.",118.7
-95.929167,16.647222,OAX,BOQOX,"Boquilla 1, Oax.",71.5
-98.278333,17.532778,OAX,CALOX,"Calihual·, Oax.",185.5
-96.263611,17.999167,OAX,CDOOX,"Miguel de la Madrid Hurtado, Oax.",290.2
-94.816667,16.583333,OAX,CHIOX,"Chicapa, Oax.",156
-102.712222,21.849167,OAX,COZOX,"San Francisco Cozoaltepec, Oax.",130.1
-96.658333,18.492778,OAX,CSPOX,"Cosolapa, Oax.",130
-96.416667,18.233333,OAX,DPSOX,"Dique Pescaditos, Oax.",239.8
-95.424722,16.436389,OAX,EMAOX,"El MarquÈs (RÌo Tehuantepec), Oax.",27.6
-97.766667,17.808333,OAX,HDLOX,"Huajuapan de LeÛn, Oax.",167.5
-97.783333,17.8,OAX,HLOOX,"Observatorio de Huajuapan de LeÛn, Oax.",199.8
-95.1,16.583333,OAX,IXTOX,"Ixtepec, Oax.",56.7
-96.2,17.866667,OAX,JACOX,"Jacatepec, Oax.",398
-95.397778,16.445556,OAX,JDMOX,"Presidente Benito Ju·rez, Oax.",40
-95.033333,16.433333,OAX,JUCOX,"Juchitan, Oax.",41.2
-95.2,16.6,OAX,KM1OX,"km 33+190, Oax.",63.1
-95.716667,16.416667,OAX,KM2OX,"km 51+740, Oax.",213.9
-96.905556,18.210556,OAX,LCAOX,"La Carbonera, Oax.",146.3
-97.688333,15.966667,OAX,LCHACAHUA,"Laguna Chacahua, Oax. SMN*",77.4
-95.3,16.4,OAX,LPIOX,"Las Pilas, Oax.",43.5
-95.483333,17.45,OAX,MAROX,"MarÌa Lombardo, Oax.",294.2
-95.036389,16.882778,OAX,MROOX,"MatÌas Romero, Oax. SMN*",142.5
-96.779722,18.360278,OAX,NAROX,"Naranjastitla, Oax.",274.8
-96.733333,17.066667,OAX,OACOX,"Oaxaca Centro, Oax.",54.6
-96.7,17,OAX,OAOOX,"Observatorio de Aeropuerto Oaxaca, Oax.",196.7
-94.4,16.5,OAX,OSTOX,"Ostuta, Oax.",171
-96.083333,18.166667,OAX,PAPOX,"Papaloapan, Oax.",282.1
-96.483333,15.666667,OAX,PTAOX,"Puerto ¡ngel, Oax.",27.9
-95.281389,16.476111,OAX,RHOOX,"RÌo Hondo, Oax.",102.8
-95.916667,17.733333,OAX,RMLOX,"RÌo Manso Lalana, Oax.",495.8
-97.725,16.102778,OAX,RVEOX,"RÌo Verde, Oax.",90.8
-102.197222,22.007222,OAX,SACOX,"San AndrÈs Chicahuaxtla, Oax.",187.9
-95.165,16.283056,OAX,SBLOX,"San Blas Atempa, Oax.",114.2
-97.895,17.905833,OAX,SCHOX,"Santiago Chilixtlahuaca, Oax.",250.3
-96.55,17.266667,OAX,SCIOX,"Ixtepeji (S. Catarina I.), Oax.",89.5
-95.2,16.183333,OAX,SCROX,"Salina Cruz, Oax.",102.3
-96.533333,17.883333,OAX,SFUOX,"San Felipe Usila, Oax.",290
-102.189167,21.826667,OAX,SLAOX,"Silacayo·pam, Oax.",166.2
-96.453611,17.1175,OAX,SMAOX,"San Antonio Cuajimoloyas, Oax.",93.3
-97.680278,18.188611,OAX,SNCOX,"Santiago Chazumba, Oax.",181.8
-96.55,18.05,OAX,STDOX,"Santo Domingo, Oax.",222.6
-102,21.896389,OAX,STTOX,"Santiago Teotongo, Oax.",105.4
-95.2,16.3,OAX,TEHOX,"Tehuantepec, Oax.",64
-96.412222,18.232222,OAX,TEMOX,"Presidente Alem·n, Oax.",171.6
-97.424444,17.550556,OAX,TEPOX,"San Juan Teposcolula, Oax.",229.8
-95.6,16.416667,OAX,TEQOX,"Tequisistl·n, Oax.",49.2
-102.356944,22.121667,OAX,TSLOX,"Heroica Villa Tezoatl·n de Segura y Luna, Oax.",128.5
-96.133333,18.083333,OAX,TUXOX,"Tuxtepec, Oax.",499
-96.381389,17.925556,OAX,UCFOX,"CFE-Usila, Oax.",293.4
-94.833333,16.45,OAX,UHGOX,"UniÛn Hidalgo, Oax.",81
-96.3,17.776389,OAX,VANOX,"Valle Nacional, Oax.",303
-97.826111,17.724444,OAX,YOSOX,"Yosocuta, Oax.",102.5
-95.93,17.15,OAX,ZACOX,"Zacatepec, Oax.",210.6
-98.389444,17.755278,OAX,ZALOX,"Zapotitl·n Lagunas, Oax.",106.2
-94.216111,16.4025,OAX,ZANOX,"Zanatepec, Oax.",179.9
-102.788333,21.8075,OAX,ZAPOX,"Zapotitl·n Palmas, Oax.",264.5
-97.418056,19.45,PUE,ACHPB,"Alchichilca, Pue.",19.7
-97.934167,19.0625,PUE,ACJPB,"Acajete, Pue.",201.6
-98.055,18.277222,PUE,ADOPB,"Acatl·n de Osorio, Pue.",77.2
-98.135833,18.9425,PUE,AFRPB,"Africam, Pue.",295.1
-97.920833,18.854167,PUE,AHAPB,"Ahuatepec, Pue.",158
-98.148056,20.033056,PUE,AHUPB,"Ahuazontepec, Pue.",61.5
-97.845,20.406944,PUE,APAPB,"Apapantilla, Pue.",132.6
-98.420833,18.921111,PUE,ATXPB,"Atlixco, Pue.",171.4
-97.881111,20.385833,PUE,AVCPB,"¡vila Camacho, Pue.",117
-97.503333,19.961389,PUE,BAIPB,"Buenos Aires, Pue. CFE.",236.1
-98.108611,18.9125,PUE,BDDPB,"Manuel ¡vila Camacho, Pue.",229.9
-97.441667,18.987222,PUE,CDSPB,"Ciudad Serd·n, Pue.",58
-97.958333,18.968889,PUE,CEMPB,"Cemex, Pue.",222
-98.579167,18.516111,PUE,CHIPB,"Chietla, Pue.",115.4
-98.318056,19.068611,PUE,CHLPB,"Cholula, Pue.",141.2
-98.567778,18.109722,PUE,CHSPB,"Chila de la Sal, Pue.",152.9
-98.198611,19.022778,PUE,CNAPB,"Conagua, Pue.",284.4
-98.049722,19.743333,PUE,CNGPB,"Chignahuapan, Pue.",111.1
-98.164722,18.612778,PUE,COAPB,"Coatzingo, Pue.",145.9
-98.059444,19.092778,PUE,CPLPB,"Capulac, Pue.",285.9
-97.516667,20.033333,PUE,CTZPB,"Cuetzalan, Pue.",418
-98.275556,18.966111,PUE,ECHPB,"EcheverrÌa, Pue.",193
-98.456111,19.101111,PUE,HJTPB,"Huejotzingo, Pue.",158.7
-98.540278,18.772222,PUE,HQCPB,"Huaquechula, Pue.",144.1
-98.050833,20.176389,PUE,HUAPB,"Huauchinango, Pue.",268.6
-97.815833,19.621667,PUE,IXTPB,"Ixtacamaxtitl·n, Pue.",81.2
-98.466389,18.610833,PUE,IZMPB,"Iz˙car de Matamoros, Pue.",113
-97.691111,19.457222,PUE,LIBPB,"Libres, Pue.",122
-98.231111,19.010556,PUE,MAYPB,"Mayorazgo 21 Poniente, Pue.",203.8
-97.850278,20.733056,PUE,MTLPB,"Metlaltoyuca, Pue.",127.6
-98.002222,20.216389,PUE,NECAXASGT,"Necaxa, Pue. SGT*",236
-98.000556,20.216667,PUE,NNEPB,"Necaxa, Pue.",385.6
-97.533333,19.7,PUE,OYAPB,"Oyameles, Pue.",21.1
-98.156667,20.2775,PUE,PAHUATLAN,"Pahuatl·n de Valle, Pue. SGT*",149.3
-97.251389,18.918056,PUE,PCRPB,"Paso Carretas, Pue.",76
-98.264722,18.2,PUE,PIXPB,"Piaxtla, Pue.",130.3
-97.883333,20.233333,PUE,PTLPB,"Patla, Pue.",176.6
-98.166667,19.05,PUE,PUOPB,"Observatorio de Puebla, Pue.",230.8
-97.616667,19.25,PUE,QUIPB,"Quimixtl·n, Pue.",184.7
-97.401667,20.116111,PUE,RNAPB,"Rancho Nuevo (Ayotoxco), Pue.",70.5
-98.22,19.113056,PUE,SCRPB,"San CristÛbal Caleras, Pue.",181.9
-97.91,18.735,PUE,SMCPB,"San Miguel Canoa, Pue.",285.1
-97.446667,19.960833,PUE,SOLPB,"La Soledad, Pue.",258.5
-98.582222,19.330278,PUE,SRTPB,"Santa Rita Tlahuapan, Pue.",148.1
-97.486389,19.952778,PUE,STLPB,"Sontalaco, Pue. CFE.",176.6
-97.7925,20.004444,PUE,TDRPB,"Tepango de RodrÌguez, Pue.",298
-97.7525,18.878889,PUE,TECPB,"Tecamachalco, Pue.",61.7
-97.395556,18.479167,PUE,TEHPB,"Tehuac·n, Pue.",25.5
-98.777222,18.451944,PUE,TELPB,"Teotlalco, Pue.",109.7
-97.805833,19.829444,PUE,TEOPB,"Tetela de Ocampo, Pue.",88.1
-97.794167,20.000833,PUE,TEPPB,"Tepexic, Pue.",354.1
-97.430556,18.468889,PUE,TETPB,"Teopilco, Pue.",7
-97.390556,19.887778,PUE,TEZIUTLAN,"Teziutl·n, Pue. SMN*",183.8
-97.956944,19.815278,PUE,TEZPB,"Teziutl·n, Pue.",57
-96.849722,18.405,PUE,TLPPB,"Tlacotepec de DÌaz, Pue.",389.5
-98.040556,20.374167,PUE,TLXPB,"Tlaxco, Pue.",50
-97.491944,19.489167,PUE,TPYPB,"Tepeyahualco, Pue.",84
-96.861389,18.483611,PUE,TYAPB,"Tepeyac, Pue.",456.9
-97.675833,20.510278,PUE,VENPB,"Venustiano Carranza, Pue.",122.9
-97.956944,20.277222,PUE,XDJPB,"Xicotepec de Ju·rez, Pue.",363.4
-97.585,19.859722,PUE,ZCPPB,"Zacapoaxtla, Pue.",45
-97.011389,18.332222,PUE,ZOQPB,"Zoquitl·n, Pue.",241
-97.832778,20.178611,PUE,ZRGPB,"Zaragoza, Pue.",101
-100.269444,20.704167,QRO,AMZQT,"Amazcala, Qro. SGT*",42.6
-100.354167,20.5025,QRO,BATQT,"El Bat·n, Qro.",109
-100.435556,20.604167,QRO,CARQT,"Carrillo, Qro.",73
-100.080278,20.418611,QRO,CNSQT,"ConstituciÛn de 1917, Qro.",42.4
-100.453333,20.535,QRO,EPUQT,"El Pueblito, Qro.",76
-100.366667,20.566667,QRO,GHQQT,"Gerencia Hidalgo, Qro.",65
-99.9625,20.198611,QRO,IDFQT,"San Ildefonso, Qro.",48.7
-100.45,20.7,QRO,JRQQT,"Juriquilla, Qro.",104.3
-100.23,20.62,QRO,MARQT,"El MarquÈs, Qro.",57.3
-100.366667,20.566667,QRO,OBSQT,"Observatorio de QuerÈtaro, Qro.",100.2
-99.815,21.055833,QRO,PMLQT,"PeÒamiller, Qro.",24.2
-100,20.3625,QRO,SJSQT,"San JosÈ, Qro.",47.5
-86.886944,21.142778,QROO,CANCUN_ESIME,"Canc˙n, Q. Roo. SMN* ESIME",5.8
-86.820278,21.156667,QROO,CANQR,"Canc˙n, Q. Roo.",7.3
-88.3275,18.500556,QROO,CHOQR,"Chetumal, Q. Roo.",27
-86.946111,20.51,QROO,COZQR,"Cozumel, Q. Roo.",22.9
-87.077778,20.634444,QROO,PDCQR,"Playa del Carmen, Q. Roo.",64.9
-106.654167,24.047222,SIN,ACTSI,"Acatit·n, Sin.",143.9
-109.183333,25.916667,SIN,AHMSI,"Ahome, Sin.",15.5
-107.383333,25.090278,SIN,AL2SI,"El Varejonal (hidro), Sin.",189.6
-107.388333,25.101389,SIN,ALMSI,"Adolfo LÛpez Mateos, Sin.",155.5
-107.466667,25.033333,SIN,AWSSI,"Andrew Weiss, Sin.",245
-107.5375,25.333333,SIN,BDRSI,"Badiraguato, Sin.",287.5
-108.329167,26.736111,SIN,CHXSI,"Choix EstaciÛn, Sin.",176.1
-107.4,24.816667,SIN,CLCSI,"Culiac·n, Sin.",108.8
-109.333333,26.1,SIN,CRRSI,"El Carrizo, Sin.",44
-108.065556,25.484722,SIN,EBLSI,"Lic. Eustaquio Buelna, Sin.",48
-108.616667,26.433333,SIN,EFTSI,"El Fuerte, Sin.",136.5
-108.316667,26.083333,SIN,GB2SI,"El Sabinal (hidro), Sin.",18
-108.3275,28.95,SIN,GBESI,"Ing. Guillermo Blake Aguilar, Sin.",18
-107.911944,25.855278,SIN,GD2SI,"Bacurato (hidro) presa Gustavo Diaz Ord·z, Sin.",142.2
-107.911111,25.856667,SIN,GDOSI,"Gustavo DÌaz Ordaz, Sin.",137
-108.091667,25.469444,SIN,GMCSI,"Guam˙chil, Sin.",59
-108.466667,25.716667,SIN,GSVSI,"Guasave, Sin.",115.4
-109.333333,25.983333,SIN,HDZSI,"Higuera de Zaragoza, Sin.",8.3
-106.595833,23.955556,SIN,IXPSI,"Ixpalino, Sin.",88.4
-107.059444,24.753611,SIN,JGRSI,"Juan Guerrero Alcocer, Sin.",164
-106.807222,24.571667,SIN,JLPSI,"JosÈ LÛpez Portillo, Sin.",225
-108.7025,26.426944,SIN,JORSI,"Josefa Ortiz de DomÌnguez, Sin.",43.7
-106.9,23.916667,SIN,LCRSI,"La Cruz, Sin.",70
-108.35,26.904167,SIN,LD2SI,HUITES (HIDRO),76.8
-108.367778,26.844722,SIN,LDCSI,"Luis Donaldo Colosio, Sin.",150.3
-109,25.8,SIN,MCHSI,"Los Mochis, Sin.",20.2
-106.4,23.233333,SIN,MZTSI,"Mazatl·n, Sin.",101.7
-107.440556,24.634722,SIN,OBSSI,"Observatorio de Culiac·n, Sin.",36.8
-108.58,26.509722,SIN,PMHSI,"Miguel Hidalgo, Sin.",147.9
-106.466667,23.5625,SIN,QLTSI,"Quelite, Sin.",111.1
-107.755833,25.124722,SIN,RAVSI,"EstaciÛn Rancho Viejo, Sin.",46.1
-105.85,22.983333,SIN,RSRSI,"Rosario, Sin.",83
-106.952778,24.484722,SIN,SCRSI,"Santa Cruz, Sin.",93.1
-107.5,25.3,SIN,SJNSI,"San Juan, Sin.",193.6
-107.1,24.8,SIN,SLRSI,"San Lorenzo, Sin.",35.5
-106.695833,24.121944,SIN,SLTSI,"Ing. Aurelio Benassini Vizcaino, Sin.",179
-107.158333,24.813889,SIN,SN2SI,"Sanalona (hidro), Sin.",184.2
-107.151389,24.815,SIN,SNLSI,"Sanalona, Sin.",110.3
-106.25,23.35,SIN,SQRSI,"Siqueros, Sin.",119.4
-108.129167,26.9,SIN,TBRSI,"San Francisco, Sin.",100.9
-105.846944,23.088333,SIN,TORSI,"Las Tortugas, Sin.",111.5
-107.059722,24.7475,SIN,VINSI,"Vinoramas, Sin.",218
-108.359722,25.741667,SIN,ZOPSI,"El Zopilote, Sin.",76.5
-98.955833,21.748889,SLP,BLMSL,"Ballesmi, S.L.P.",19.8
-99.016667,21.983333,SLP,CDVSL,"Ciudad Valles, S.L.P.",1
-99.239444,21.906944,SLP,GANSL,"Gallinas, S.L.P.",9
-100.820556,21.88,SLP,IVGSL,"ValentÌn Gama, S.L.P.",16.7
-100.642778,23.656944,SLP,MATSL,"Matehuala, S.L.P.",34.1
-99.159444,22.12,SLP,MICSL,"Micos, S.L.P.",63
-98.8,21.333333,SLP,MTPSL,"Matlapa, S.L.P.",49.2
-99.32,22.523333,SLP,NRJSL,"Naranjos, S.L.P.",74.4
-100.762222,21.849722,SLP,OCTSL,"Ojo Caliente, S.L.P.",16.7
-99.830556,21.651111,SLP,PMYSL,"Pedro Montoya (San Ciro), S.L.P.",3.2
-98.939722,21.847222,SLP,PUJSL,"El Pujal, S.L.P.",22.4
-98.888611,21.425,SLP,RQTSL,"Requetemu, S.L.P.",18.4
-99.995,21.931389,SLP,RVDSL,"RÌo Verde, S.L.P.",7.3
-98.611667,21.68,SLP,SANVICENTE,"San Vicente, S.L.P. SGT*",19.8
-101,22.2,SLP,SGRSL,"Soledad Graciano, S.L.P.",6.8
-101.019167,22.148056,SLP,SLPSL,"San Luis PotosÌ, S.L.P.",14.5
-99.055833,22.02,SLP,STRSL,"Santa Rosa, S.L.P.",19.4
-98.617222,21.692778,SLP,SVTSL,"San Vicente, S.L.P.",19.8
-98.857222,21.246667,SLP,TBLSL,"Tierra Blanca, S.L.P.",58.6
-98.773333,22.003611,SLP,TMISL,"TamuÌn, S.L.P.",78.6
-98.758889,21.241111,SLP,TMTSL,"Temamatla, S.L.P.",26.4
-110.226111,29.825,SON,ACNSO,"Aconchi, Son.",157.5
-102.371667,21.78,SON,AGCSO,"Agua Caliente, Son.",71
-108.937778,27.021667,SON,ALMSO,"¡lamos, Son.",236.1
-111.733333,30.716667,SON,ALTSO,"Altar, Son.",24.2
-109.8925,27.8225,SON,AOBSO,"¡lvaro ObregÛn, Son.",53.6
-109.106667,27.226111,SON,ARCSO,"Adolfo RuÌz CortÌnes, Son.",163.2
-109.088611,30.07,SON,ARISO,"Aribabi, Son.",148.3
-110.92,29.076667,SON,ARLSO,"Abelardo RodrÌguez Lujan, Son.",87.1
-110.1675,30.335833,SON,ARZSO,"Arizpe, Son.",178
-110.238611,30.598889,SON,BCNSO,"Bacanuchi, Son.",97.5
-108.931667,30.355278,SON,BCRSO,"Bacerac, Son.",123
-109.666667,26.95,SON,BSCSO,"Basconcobe, Son.",22
-109.968333,27.3,SON,C1CSO,"Calle Mil Doscientos y Canal Bajo, Son.",11.5
-110.013056,27.483889,SON,C2CSO,"Calle Doscientos y Canal Bajo, Son.",94.1
-109.979722,27.410278,SON,C6CSO,"Calle Seiscientos y Canal Bajo, Son.",33.1
-109.625,27.416667,SON,CCRSO,"Cocoraque, Son.",156.4
-109.904444,27.776667,SON,CHCSO,"Chiculi, Son.",25.5
-111.516389,30.873333,SON,CHTSO,"CuauhtÈmoc, Son.",6.5
-109.495,27.011944,SON,CINSO,"Casa del Ciano, Son.",69
-110.736389,29.472222,SON,CJNSO,"El CajÛn, Son.",103.9
-110.290833,30.98,SON,CNNSO,"Cananea, Son.",54.3
-109.938056,27.5,SON,COBSO,"Ciudad ObregÛn, Son.",118.8
-110.180278,27.300556,SON,CP1SO,"Calle Cuatro y ProlongaciÛn Doce, Son.",5.1
-110.248611,27.425556,SON,CP6SO,"Calle Cuatro y ProlongaciÛn Seis, Son.",22.6
-109.636944,27.244167,SON,CRCSO,"C·rcamo, Son.",67
-108.7625,26.603611,SON,CZNSO,"Cazanate, Son.",109.5
-109.233333,29.2,SON,ECBSO,"El Cubil, Son.",114.6
-110.8,27.95,SON,EPLSO,"Empalme, Son.",26.5
-109.629167,26.906944,SON,ETCSO,"Etchojoa, Son.",44.5
-110.85,27.95,SON,GYMSO,"Guaymas, Son.",17.4
-110.916667,29.066667,SON,HM2SO,"Observatorio de Hermosillo, Son.",87.1
-110.925833,29.073056,SON,HMNSO,"Hermosillo, Son.",95.9
-109.904167,27.713056,SON,HORSO,"Hornos, Son.",40
-108.957222,30.210556,SON,HSHSO,"Huachinera, Son.",185
-109.630556,26.822778,SON,HTBSO,"Huatabampo, Son.",12.6
-110.886944,30.761667,SON,IMRSO,"Imuris, Son.",37.2
-110.396944,28.426389,SON,IRASO,"Ignacio R. Alatorre, Son.",52.3
-109.701944,26.801944,SON,JPRSO,"J˙pare, Son.",3
-109.6,27.1,SON,K10SO,"km 108 de Canal Alto, Son.",50.5
-109.896389,27.706667,SON,K14SO,"km 14 de Canal Alto, Son.",60.5
-108.8725,27.642222,SON,K25SO,"km 25 de Canal Alto, Son.",28.1
-109.873889,27.560278,SON,K39SO,"km 39 de Canal Alto, Son.",117
-109.858611,27.354444,SON,K68SO,"km 68 de Canal Alto, Son.",31.5
-109.933333,27.483333,SON,K91SO,"km 91 de Canal Alto, Son.",68
-109.378889,30.437778,SON,LCDSO,"L·zaro C·rdenas, Son.",76.4
-109.710833,26.878611,SON,LNDSO,"Lindero, Son.",15
-109.402222,26.806667,SON,MMNSO,"Mumuncuera, Son.",10
-110.137778,29.003611,SON,MZTSO,"Mazat·n, Son.",126.5
-109.542778,27.076944,SON,NCHSO,"Nachuquis, Son.",52
-110.947222,31.318889,SON,NGLSO,"Nogales, Son.",112
-109.443333,27.071944,SON,NVJSO,"Navojoa, Son.",78.1
-112.85,31.866667,SON,NYNSO,"Sonoyta, Son.",31.8
-110.706111,29.229722,SON,ORGSO,"El Oregano, Son.",69.7
-109.083333,29.433333,SON,PDNSO,"Paso Nacori, Son.",139.7
-109.642222,28.976667,SON,PECSO,"Plutarco ElÌas Calles, Son.",130.3
-109.930278,27.598333,SON,PFDSO,"Porfirio DÌaz, Son.",27.1
-110.725556,29.2125,SON,PMOSO,"Ing. Rodolfo FÈlix ValdÈs, Son.",44
-110.308333,28.472222,SON,PTASO,"Punta de Agua 2, Son.",108.7
-112.116667,30.697778,SON,PTQSO,"Pitiquito, Son.",35.5
-111.021389,30.050556,SON,QRBSO,"Querobabi, Son.",85.7
-108.876667,27.411944,SON,SBNSO,"San Bernardo, Son.",140
-110.239167,28.713333,SON,SJPSO,"San JosÈ de Pimas, Son.",131.5
-114.783333,32.483333,SON,SLCSO,"San Luis RÌo Colorado, Son.",0
-109.453333,26.918333,SON,SNHSO,"Sinahuiza, Son.",40
-109.623611,27.025833,SON,SPESO,"San Pedro, Son.",51
-111.445278,30.394722,SON,SRSSO,"Santa Rosa 2, Son.",38.9
-109.358333,27.171111,SON,TESSO,"Tesia, Son.",54.6
-109.5,29.534722,SON,TPCSO,"Tepache, Son.",120.1
-109.2125,27.658333,SON,TSOSO,"Tesocoma, Son.",129.9
-110.289722,27.643611,SON,VCMSO,"VÌcam, Son.",42
-109.841944,27.125556,SON,VJZSO,"Villa Ju·rez, Son.",16
-108.927778,28.371389,SON,YCRSO,"YÈcora, Son.",194.7
-93.488333,17.546667,TAB,AMACONITE2ASEC,"Amacohite 2a SecciÛn P. Civil, Tab.",90
-91.483333,17.433333,TAB,BDCTB,"Boca del Cerro, Tab.",77
-93.413611,17.808889,TAB,CARTB,"C·rdenas, Tab.",104
-91.229167,17.289722,TAB,CUSUMACINTA,"CaÒÛn Usumacinta, Tab. SMN*",87.2
-92.916667,17.98,TAB,EMUTB,"Villahermosa Muelle, Tab.",65.6
-92.814722,18.043611,TAB,EPOTB,"El Porvenir, Tab.",103.5
-93,17.975,TAB,GONTB,"Gonz·lez, Tab.",94.6
-92.807778,18.037222,TAB,LAGSANJULIAN,"Laguna San Julian, Tab. SGT*",8.8
-92.6,17.766667,TAB,MACTB,"Macuspana, Tab.",122.6
-92.753333,17.391667,TAB,OXOTB,"Oxolot·n, Tab.",134
-93.33,18.42,TAB,PARAISO,"ParaÌso, Tab. SMN*",35
-93.386111,17.769444,TAB,PAREDON,"ParedÛn HC, Tab. SGT*",125.4
-92.646389,18.406389,TAB,PCENTLA,"Pantanos de Centla, Tab. SMN*",83.2
-92.879167,17.854167,TAB,PNVTB,"Pueblo Nuevo, Tab.",64.3
-92.930556,17.546389,TAB,PUYACATENGO,"Puyacatengo, Tab. SGT*",130.1
-92.9375,17.566667,TAB,PUYTB,"Puyacatengo, Tab.",118.8
-93.291667,17.979167,TAB,SAMTB,"Samaria, Tab.",157.8
-91.158333,17.791667,TAB,SPTTB,"San Pedro, Tab.",110.3
-92.816667,17.466667,TAB,TAPTB,"Tapijulapa, Tab.",122.2
-92.950833,17.559722,TAB,TEAPA,"Teapa, Tab. SGT*",122.3
-92.966667,17.566667,TAB,TEATB,"Teapa, Tab.",121.9
-92.96,17.96,TAB,VIEJOMEZCALAPA,"Viejo Mezcalapa, Tab. SGT*",1.8
-93.8325,17.965556,TAB,ZAMAPA2ASECC,"Zamapa 2a. SecciÛn, Tab. ProtecciÛn Civil*",45.8
-99.145,22.988611,TAMS,AHLTP,"Ahualulco, Tamps.",76.9
-99.148889,22.987778,TAMS,AHUALULCOTP,"Ahualulco, Tamps. SGT*",76.9
-97.926944,22.386111,TAMS,BALTP,"Bombas Altamira, Tamps.",12
-99.123333,24.079444,TAMS,BARRETALII,"Barretal 2, Tamps. SGT*",47.7
-99.123056,24.080556,TAMS,BR1TP,"El Barretal 1, Tamps.",76
-99.215,24.1025,TAMS,BRRTP,"El Barretal, Tamps.",47.7
-97.772222,23.051944,TAMS,BTORDO,"Barra del Tordo, Tamps. SMN*",13.5
-98.5975,26.238056,TAMS,CDOTP,"S-J-2-18 Ciudad DÌaz Ordaz, Tamps.",5.1
-98.8,26.25,TAMS,CMGTP,"S-J-2-11 Camargo, Tamps.",0
-99.25,26.416667,TAMS,CMRTP,"Mier, Tamps.",20.3
-97.818333,25.638889,TAMS,CONTP,"Control, Tamps.",9.6
-98.936389,23.937778,TAMS,CORONA,"Corona, Tamps. SGT*",27.7
-98.935833,23.939167,TAMS,CORTP,"Corona, Tamps.",27.7
-99.166667,23.716667,TAMS,CVCTP,"Observatorio de Ciudad Victoria, Tamps.",22.1
-99.1875,23.730278,TAMS,CVTTP,"Ciudad Victoria (Gerencia), Tamps.",27.5
-99.083333,23.383333,TAMS,ENNTP,"La Encantada, Tamps.",23.8
-98.691667,22.605,TAMS,ERCTP,"Estudiante Ramiro Caballero Dorantes, Tamps.",5.4
-98.1575,24.842778,TAMS,FD2TP,"San Fernando, Tamps. SMN*",47.5
-98.158333,24.843889,TAMS,FDOTP,"San Fernando, Tamps.",59.4
-99.170556,26.560278,TAMS,FLCTP,"Internacional FalcÛn, Tamps.",3.5
-99.148889,23.023056,TAMS,GOMEZFARIAS,"GÛmez FarÌas, Tamps. SGT*",92.6
-99.548333,26.816944,TAMS,LASTORTILLASC,"Las Tortillas RÌo Salado, Tamps. SGT*",4.6
-99.233611,26.408889,TAMS,LBLTP,"Derivadora Las Blancas, Tamps.",0.5
-99.116667,22.833333,TAMS,LSRTP,"La Servilleta, Tamps.",64.6
-98.713611,22.796944,TAMS,MAGISCATZIN,MagiscatzÌn Tamps. SGT*,59.6
-99.551111,24.566667,TAMS,MAGTP,"Magueyes, Tamps.",24.8
-99.546944,24.570278,TAMS,MAGUEYES,"Magueyes, Tamps. SGT*",24.8
-97.522778,25.833333,TAMS,MATTP,"Matamoros, Tamps.",61
-97.844167,22.283889,TAMS,MDRTP,"Madero, Tamps.",3.5
-99.040833,26.374167,TAMS,MGATP,"S-J-1-2 Miguel Alem·n, Tamps.",0
-98.705556,22.795833,TAMS,MGSTP,"MagiscatzÌn Dos, Tamps.",59.6
-99.434444,24.2525,TAMS,MHGTP,"Miguel Hidalgo, Tamps.",80.2
-98.925556,26.204722,TAMS,MRGTP,"Marte Rodolfo GÛmez, Tamps.",3.6
-99.53,27.44,TAMS,NUEVOLAREDO,"Nuevo Laredo, Tamps. SGT*",0.5
-99.490278,27.495556,TAMS,NVLTP,"Nuevo Laredo, Tamps.",0
-98.9,24.05,TAMS,PADTP,"Padilla, Tamps.",8.7
-97.8,25.8,TAMS,PANTP,"Pueblo An·huac, Tamps.",78.3
-98.742778,23.725556,TAMS,PASOMOLINA,"Paso de Molina, Tamps. SGT*",17.4
-98.745833,23.726667,TAMS,PDMTP,"Paso de Molina, Tamps.",22.2
-98.901667,24.138333,TAMS,PILTP,"PilÛn, Tamps.",18.1
-99.555833,24.2475,TAMS,PJMTP,"Pedro JosÈ MÈndez, Tamps.",70.9
-99.219444,26.406111,TAMS,PLASBLANCAS,"Presa Las Blancas SGT, Tamps.",0.8
-99.5975,24.184167,TAMS,PTODEVALLES,"Puerto de Valles, Tamps. SGT*",49.3
-99.583333,24.183333,TAMS,PVLTP,"Puerto de Valles, Tamps.",49.3
-99.004167,22.845278,TAMS,RFRTP,"RÌo FrÌo, Tamps.",124
-98,25.966667,TAMS,RIBTP,"RÌo Bravo, Tamps.",45.7
-99.026111,22.843056,TAMS,RIOFRIO,"RÌo FrÌo, Tamps. SGT*",76.4
-97.991944,23.259444,TAMS,RSPTP,"Rep˙blica EspaÒola, Tamps.",61.2
-98.285833,26.079722,TAMS,RYATP,"S-J-3-42 Reynosa, Tamps.",4
-98.883333,26.166667,TAMS,RYNTP,"S-J-2-9 Reynosa, Tamps.",4
-99.094444,23.022778,TAMS,SBNTP,"Sabinas, Tamps.",83
-98.869444,22.784444,TAMS,SDATP,"Saca de Agua, Tamps.",51.3
-98.787222,23.083611,TAMS,SGBTP,"San Gabriel, Tamps.",51
-98.210833,23.7675,TAMS,SLMTP,"Soto la Marina, Tamps.",9.4
-98.791389,22.943889,TAMS,SLZTP,"Lic. Emilio Portes Gil, Tamps.",74
-99.274167,24.0225,TAMS,STETP,"Santa Engracia, Tamps.",56.5
-98.421944,22.413889,TAMS,TAMESI,"Tamesi, Tamps. SGT*",27.2
-97.878889,22.238611,TAMS,TMPTP,"Tampico, Tamps.",5.4
-98.422778,22.423889,TAMS,TMSTP,"TamesÌ, Tamps.",28
-97.804167,25.906111,TAMS,VCATP,"Villa C·rdenas, Tamps.",74.2
-98.666389,23.959444,TAMS,VGRTP,"Vicente Guerrero, Tamps.",38.1
-97.8,25.7,TAMS,VHMTP,"Valle Hermoso, Tamps.",45.7
-99.551111,24.566667,TAMS,VSMTP,"Victoria-San Marcos, Tamps.",30
-98.563889,19.586111,TLAX,CPPTL,"Calpulalpan, Tlax.",95.4
-97.769722,19.298889,TLAX,CUATL,"Cuapiaxtla, Tlax.",96
-97.6475,19.318056,TLAX,ECTTL,"El Carmen Tequexquitla, Tlax.",89.5
-97.911111,19.315833,TLAX,HMTTL,"Huamantla, Tlax.",123
-98.2,19.4,TLAX,OBSTL,"Observatorio de Tlaxcala, Tlax.",227.3
-98.200556,19.556111,TLAX,SJATL,"San JosÈ Atlanga, Tlax.",163.7
-98.243056,19.219444,TLAX,ZACTL,"Zacatelco, Tlax.",235.9
-97.908056,19.200278,TLAX,ZITTL,"Zitlaltepec, Tlax.",167
-96.843889,19.695833,VER,ACAVC,"Acatl·n, Ver.",80.5
-96.583056,19.161111,VER,ACTOPANVER,"Actopan, Ver SGT*",25.4
-96.5875,19.495,VER,ACTVC,"Actopan, Ver.",91.6
-97.68,20.93,VER,ALAVC,"¡lamo Temapache, Ver.",21
-97.234722,19.7625,VER,ALTVC,"Altotonga, Ver.",133.5
-95.4375,18.583333,VER,ARCVC,"¡ngel Rosario Cabada, Ver.",34.3
-96.944444,19.588889,VER,BANVC,"Banderillas, Ver.",54
-96.933333,19.483333,VER,BRIVC,"Briones, Ver.",221.9
-94.253889,17.954444,VER,CB2VC,"Planta de Bombeo 2 de La Cangrejera, Ver.",175
-95.8,18.3,VER,CCLVC,"Chacaltianguis, Ver.",98.7
-96.994444,19.332778,VER,CDCVC,"Cosautl·n de Carvajal, Ver.",208
-96.697778,19.433056,VER,CEGVC,"Cerro Gordo, Ver.",42
-96.853611,18.563333,VER,CHMVC,"Chicomapa, Ver.",311.7
-98.155833,21.7375,VER,CHYVC,"Paso de Piedras, Ver.",44.9
-94.406667,18.149722,VER,COATZACOALCOmar,"Coatzacoalcos, Ver. SEMAR*",128.5
-96.939444,19.453889,VER,COAVC,"Coatepec, Ver.",135.7
-96.923056,18.89,VER,CORDOBASGT,"CÛrdoba, Ver. SGT*",213.8
-94.4,18.1,VER,COTVC,"Coatzacoalcos, Ver.",85.3
-96.374444,19.364722,VER,CRDVC,"Cardel, Ver.",75.7
-96.647222,19.320278,VER,CRRVC,"Carrizal, Ver.",62.5
-95.295833,18.144444,VER,CTTVC,"Coatotolapan, Ver.",186.5
-97.458611,21.773611,VER,ELHIGO,"El Higo, Ver. SGT*",108
-98.503889,21.832222,VER,ELOLIVO,"El Olivo, Ver. SGT*",54.4
-96.36,19.405833,VER,ENRVC,"El Naranjillo, Ver.",82.5
-96.158333,19.068889,VER,ETEVC,"El Tejar, Ver.",184.8
-95.556944,18.270556,VER,GARVC,"Garro, Ver.",103.5
-98.443889,21.777222,VER,HGOVC,"El Higo, Ver.",108.6
-98.274167,21.160556,VER,HLSVC,"Los Hules, Ver.",20
-96.950833,19.181667,VER,HTSVC,"Huatusco, Ver.",269.9
-98.483333,20.533333,VER,HUYVC,"Huayacocotla, Ver.",97
-96.554167,19.404167,VER,IDOVC,"Õdolos, Ver.",94.4
-96.884444,19.604722,VER,INCVC,"Ingenio ConcepciÛn, Ver.",53.8
-97.2175,21.471667,VER,ISLALOBOSmar,"Isla Lobos, Ver. SEMAR*",95.9
-94.666667,17.95,VER,JALVC,"Jaltip·n, Ver.",131.3
-96.241389,19.042778,VER,JAMAPA,"Jamapa, Ver. SGT*",152.2
-95.033333,17.433333,VER,JCRVC,"Jes˙s Carranza, Ver.",106
-94.088889,17.873611,VER,JDCVC,"San JosÈ del Carmen, Ver.",177.8
-97.3,19.816667,VER,JLNVC,"Jalacingo, Ver.",167
-97.021111,19.603611,VER,JOYVC,"La Joya, Ver.",357
-95.35,18.25,VER,LAUVC,"Lauchapan, Ver.",428.1
-94.330833,18.109444,VER,LCAVC,"La Cangrejera, Ver.",144
-95.118333,18.415833,VER,LDCVC,"Canseco, Ver.",104.8
-97.231944,18.922778,VER,LGRVC,"Loma Grande, Ver.",190
-96.978333,20.051944,VER,LIBVC,"Libertad, Ver.",18.4
-96.411111,19.261389,VER,LOFVC,"Loma Fina, Ver.",127
-94.916667,17.416667,VER,LPEVC,"Las Perlas, Ver.",159.2
-97.1,19.65,VER,LVRVC,"Las Vigas de RamÌrez, Ver.",149.4
-97.048333,20.0675,VER,MDTVC,"MartÌnez de la Torre, Ver.",42
-96.333333,19.15,VER,MFAVC,"Manlio Fabio Altamirano, Ver.",129
-98.045,20.8325,VER,MILVC,"Milcahual, Ver.",114.1
-94.771111,18.135278,VER,MNZVC,"Minzapan, Ver.",92
-96.833333,19.933333,VER,MZNVC,"Misantla, Ver.",154.9
-96.872222,19.65,VER,NAOVC,"Naolinco, Ver.",86.5
-95.516667,18.633333,VER,NLTVC,"Naranjal, Lerdo de Tejada, Ver.",67.3
-98.5125,21.840278,VER,OLVVC,"El Olivo, Ver.",54.4
-97.1,18.85,VER,ORZVC,"Orizaba, Ver.",167.1
-96.97,19.55,VER,OTIVC,"Otilpan, Ver.",121.8
-94.692222,18.263889,VER,PAJVC,"Pajap·n, Ver.",147
-98.176667,22.06,VER,PANUCO,"P·nuco, Ver. SGT*",12.8
-94.3775,18.103611,VER,PB3VC,"Planta de Bombeo 3 de La Cangrejera, Ver.",114.4
-94.193611,17.872778,VER,PCNVC,"Planta de Bombeo 1 de La Cangrejera, Ver.",208
-97.814444,21.184444,VER,PEMVC,"Presa el Moralillo, Ver.",46
-97.268333,19.545,VER,PEROTESMN,"Perote, Ver. SMN*",3.8
-97.238889,19.580556,VER,PERVC,"Perote, Ver.",18.2
-98.172778,22.053333,VER,PNCVC,"P·nuco, Ver.",12.8
-97.475,20.543333,VER,POZARICA,"Poza Rica, Ver. SGT*",60.2
-97.316667,20.45,VER,PPNVC,"Papantla, Ver.",45
-97.478333,20.540833,VER,PRCVC,"Poza Rica, Ver.",45.8
-98.335278,21.293611,VER,PSNVC,"PlatÛn S·nchez, Ver.",32
-96.665,19.043333,VER,PTE4CAMINOS,"Puente Cuatro Caminos, Ver. SGT*",57.3
-96.795278,18.888056,VER,PTNVC,"Potrero Nuevo, Ver.",337.2
-95.627778,18.716667,VER,RALVC,"Radar Alvarado, Ver.",60.5
-97.809722,20.887222,VER,SBTVC,"Sombrerete, Ver.",112.9
-95.183333,18.45,VER,SIHVC,"Sihuap·n, Ver.",71.9
-95.133333,17.883333,VER,SJEVC,"San Juan Evangelista, Ver.",186.7
-95.033333,18.516667,VER,SONVC,"Sontecomapan, Ver.",253
-95.212778,18.450833,VER,STXVC,"San AndrÈs Tuxtla AC, Ver.",40.4
-96.488889,19.338889,VER,TAMVC,"Tamarindo, Ver.",10
-96.966667,19.45,VER,TAPVC,"Tapachapan, Ver.",167
-96.35,18.45,VER,TBLVC,"Tierra Blanca, Ver.",169.4
-96.966667,19.383333,VER,TCOVC,"Teocelo, Ver.",259
-98.409444,21.499722,VER,TEMPOAL,"Tempoal Veracruz, Ver. SGT*",0
-96.860556,19.354722,VER,TEPATLAXCO,"Tepatlaxco SGT, Ver.",574.4
-94.163333,17.571944,VER,TMOVC,"Tierra Morada, Ver.",226.8
-98.383333,21.517222,VER,TMPVC,"Tempoal, Ver.",36.9
-96.916667,19.811111,VER,TNCVC,"Tenochtitl·n, Ver.",199.8
-97.2225,19.921944,VER,TOMVC,"Tomata, Ver.",163.2
-96.950278,19.233611,VER,TOTVC,"Totutla, Ver.",237.2
-98.139167,21.036944,VER,TRRVC,"Terrerillos, Ver.",30.6
-97.4,20.955556,VER,TXPVC,"Tuxpan, Ver.",28
-95.416667,18.466667,VER,TZAVC,"Tres Zapotes, Ver.",70.5
-95.7,18.075,VER,VAZVC,"Villa Azueta, Ver.",109
-96.111111,19.154167,VER,VERVC,"Veracruz, Ver.",170.9
-96.613889,19.022222,VER,VTEVC,"Villa Tejeda, Ver.",32
-96.85,19.55,VER,XCFVC,"Xalapa CFE, Ver.",121.7
-96.935556,19.547222,VER,XMGVC,"Xalapa Magisterial, Ver.",113.9
-96.916667,19.533333,VER,XOBVC,"Observatorio de Xalapa, Ver.",99.3
-96.871667,19.511667,VER,XOLVC,"Xalapa Olmos, Ver.",47.5
-96.894444,19.555833,VER,XSUVC,Xalapa sumidero,57.2
-97.416667,19.433333,VER,ZALVC,"Zalayeta, Ver.",33
-89.681111,20.649444,YUC,ABAYC,"Abala, Yuc.",205
-89.218889,19.883056,YUC,BECYC,"BecanchÈn, Yuc.",68.5
-89.081667,20.463056,YUC,CANYC,"Cantamayec, Yuc.",210.9
-90.3825,20.858056,YUC,CELYC,"Celestun, Yuc. SMN*",0
-89.829444,20.752778,YUC,CHOYC,"Chochol·, Yuc.",135.8
-89.638056,21.03,YUC,CICYC,"Centro de InvestigaciÛn CientÌfica, Yuc.",129.9
-89.501111,21.078889,YUC,CONYC,"Conkal, Yuc.",125
-87.676667,21.5125,YUC,CYOYC,"El Cuyo, Yuc.",18.5
-89.583611,20.983889,YUC,EZAYC,"Emiliano Zapata, Yuc.",218
-89.644167,20.935278,YUC,FAEYC,"Fuerza AÈrea, Yuc.",53.8
-89.658056,20.984167,YUC,GARYC,"Organismo de Cuenca PenÌnsula de Yucat·n, Yuc.",175.7
-89.651111,20.946389,YUC,MEOYC,"Observatorio de MÈrida, Yuc.",97.4
-89.4375,21.105556,YUC,MOCYC,"Mococha, Yuc.",152.1
-89.711667,20.493333,YUC,MUNYC,"Muna, Yuc.",178.4
-89.394722,20.290556,YUC,OXKYC,"Oxkutzcab, Yuc.",71
-88.930833,20.1325,YUC,PETYC,"Peto, Yuc.",118
-89.653889,21.275833,YUC,PROYC,"Progreso, Yuc.",71.4
-88.160278,21.571111,YUC,RILYC,"RÌo Lagartos, Yuc. SMN*",69
-88.160556,21.571667,YUC,RLAYC,"RÌo Lagartos, Yuc.",75.6
-89.046944,20.030278,YUC,TANYC,"TantaquÌn, Yuc.",130.1
-89.558056,20.397778,YUC,TICYC,"Ticul, Yuc.",156.6
-88.1725,21.158611,YUC,TIZYC,"TizimÌn, Yuc.",121.3
-88.204167,20.69,YUC,VALYC,"Valladolid, Yuc.",107.9
-103.225278,22.327222,ZAC,ACHZC,"Achimec, Zac.",96.6
-103.459167,21.811389,ZAC,ATGZC,"Atolinga, Zac.",238.5
-102.953333,22.824167,ZAC,BTEZC,"RamÛn LÛpez Velarde, Zac.",56.8
-102.896111,21.997222,ZAC,CHIZC,"El Chique, Zac.",232.2
-102.347222,22.453056,ZAC,CUAZC,"Ciudad CuauhtÈmoc, Zac.",38.5
-103.098333,23.693333,ZAC,ELCZC,"El Cazadero, Zac.",59.7
-102.040833,22.673056,ZAC,ELSZC,"El Saladillo, Zac.",38.6
-103.35,21.645833,ZAC,EXCZC,"Miguel Alem·n, Zac.",334
-102.890833,23.173889,ZAC,FREZC,"Fresnillo, Zac.",32.1
-103.093333,22.933333,ZAC,GJAZC,"General JoaquÌn Amaro, Zac.",261
-102.506667,22.746667,ZAC,GPEZC,"Guadalupe, Zac.",68.2
-102.46,22.4875,ZAC,GRCZC,"Genaro Codina, Zac.",65.5
-103.397778,24.281667,ZAC,JALZC,"Juan Aldama, Zac.",45.4
-103.001944,22.642778,ZAC,JERZC,"Jerez, Zac.",98.5
-102.566944,22.778889,ZAC,LBUZC,"La Bufa, Zac.",81.8
-103.603056,22.686944,ZAC,LFLZC,"La Florida, Zac.",136.1
-102.660556,22.996944,ZAC,LLBZC,"Llano Blanco, Zac.",59.4
-102.251667,22.438611,ZAC,LMOZC,"Luis Moya, Zac.",70.1
-103.382778,22.845278,ZAC,LOBZC,"Manuel Felgueres, Zac.",121.2
-101.985556,22.264722,ZAC,LORZC,"Loreto, Zac.",42.9
-103.216944,23.18,ZAC,LREZC,"Gobernador Leobardo Reynoso, Zac.",44.8
-103.363889,21.2125,ZAC,MORZC,"Mezquital del Oro, Zac.",211.5
-103.561667,22.306944,ZAC,MRSZC,"Monte Escobedo, Zac.",129.9
-102.845556,21.3575,ZAC,NCTZC,"Nochistl·n, Zac.",198.1
-102.269444,22.577778,ZAC,OCAZC,"Ojo Caliente, Zac.",13
-102.798056,22.347778,ZAC,PALZC,"Palomas, Zac.",156.9
-101.399167,22.1175,ZAC,PINZC,"Pino Su·rez, Zac.",81.5
-102.903611,21.711111,ZAC,PMOZC,"MoraleÒos, Zac.",175.4
-103.025833,23.816944,ZAC,RGRZC,"RÌo Grande, Zac.",98.3
-102.884444,24.322222,ZAC,SFOZC,"San Francisco, Zac.",20.4
-103.506111,24.288611,ZAC,SGOZC,"Santiago, Zac.",52.6
-103.636667,23.638889,ZAC,SOMZC,"Sombrerete, Zac.",73.2
-103.495833,22.326667,ZAC,STEZC,"Santa Teresa (Independencia Nacional), Zac.",162.1
-103.108889,22.923611,ZAC,STRZC,"Santa Rosa, Zac.",81.2
-102.864167,22.120556,ZAC,TAYZC,"Ing. Juli·n Adame Alatorre, Zac.",110.1
-103.879722,23.471944,ZAC,TCHZC,"Chalchihuites, Zac.",173
-103.461944,21.468611,ZAC,TGOZC,"Te˙l de Gonz·lez Ortega, Zac.",198.4
-103.309444,21.773611,ZAC,TLLZC,"Tlaltenango, Zac.",227.8
-102.344167,23.288611,ZAC,VCOZC,"Villa de Cos, Zac.",43
-101.916944,22.520278,ZAC,VGOZC,"Villa Gonz·lez Ortega, Zac.",58.8
-101.715833,22.3475,ZAC,VHGZC,"Villa Hidalgo, Zac.",72.4
-103.3375,21.588889,ZAC,VILZC,"JosÈ MarÌa Morelos, Zac.",213.2
-102.576667,22.761389,ZAC,ZACZC,"Zacatecas, Zac.",59
