Estado,Localidad,Lon,Lat,Clave,2020,2018,2019
AGS,"Aguascalientes, Ags.",-102.309722,21.895,AGSAG,31.1,112.5,44.19
AGS,"Calvillo, Ags. SMN*",-102.712222,21.849167,CALVILLO,39.4,201.5,101.27
AGS,"Cosío, Ags.",-102.296667,22.362778,CSOAG,39.5,208.04,17.28
AGS,"Derivadora Pabellón, Ags.",-102.4375,22.235,PTRAG,31.8,279.83,46.85
AGS,"El Niagara, Ags.",-102.371667,21.78,NGRAG,29.4,260.01,19.96
AGS,"Jocoque, Ags.",-102.356944,22.121667000000002,JCQAG,46.0,199.41,24.32
AGS,"La Codorniz, Ags.",-102.67694399999999,21.9975,CDRAG,52.0,250.0,35.0
AGS,"Los Conos, Ags.",-102.0,21.896389000000003,CNSAG,17.2,289.11,46.72
AGS,"Media Luna, Ags.",-102.788333,21.8075,MNLAG,53.7,208.51,96.42
AGS,"Observatorio de Aguascalientes, Ags.",-102.29055600000001,21.850832999999998,OBSAG,31.5,263.9,39.64
AGS,"Pabellón, Ags.",-102.291944,22.1625,PBLAG,44.0,184.1,24.73
AGS,"Plutarco Elías Calles, Ags.",-102.417222,22.141111,PECAG,37.5,225.5,48.03
AGS,"Puerto de la Concepción, Ags.",-102.133333,22.202778,PTOAG,85.5,334.72,32.6
BC,"Abelardo L. Rodríguez, B.C.",-116.90833300000001,32.444722,ALRBN,7.4,0.0,0.01
BC,"Carmen Serdán, B.C.",-116.58444399999999,32.243056,CSRBN,0.0,0.0,0.0
BC,"Cataviña, B.C. SMN*",-114.719167,29.727221999999998,CATAVINA,4.5,0.0,0.0
BC,"El Carrizo, B.C.",-116.69694399999999,32.479444,CRRBN,5.1,0.01,0.0
BC,"El Florido, B.C.",-116.828333,32.468056,EFLBN,8.7,0.0,0.0
BC,"El Hongo, B.C.",-116.302778,32.516389000000004,HNGBN,4.2,0.0,0.0
BC,"Emilio López Zamora, B.C.",-116.6025,31.890278000000002,ELZBN,12.2,0.01,0.0
BC,"Playa Rosarito, B.C. SMN*",-117.071389,32.3775,PLAYAROSARITO,15.2,0.0,0.4
BC,"San Quintín (Ejido Nuevo), B.C.",-115.931389,30.517221999999997,ENBBN,0.5,0.0,0.0
BCS,"Ciudad Constitución, B.C.S.",-111.65833300000001,25.001389,CCNBS,2.4,0.0,0.0
BCS,"Díaz Ordaz, B.C.S.",-113.420833,27.783333000000002,DORBS,0.1,0.01,0.0
BCS,"El Sargento, B.C.S.",-109.983333,24.066667000000002,SARBS,0.0,23.2,0.01
BCS,"Guerrero Negro, B.C.S.",-114.05,27.966666999999998,GNGBS,7.1,0.02,0.0
BCS,"La Paz, B.C.S.",-110.36666699999999,24.15,LPZBS,0.0,7.41,0.01
BCS,"La Ribera, B.C.S.",-109.55,23.583333,RBRBS,2.3,74.0,0.0
BCS,"Loreto, B.C.S.",-111.34166699999999,26.016667,LRTBS,0.1,33.9,0.0
BCS,"Los Barriles, B.C.S.",-109.697222,23.680556,LBABS,10.0,38.7,0.0
BCS,"Los Planes, B.C.S.",-109.983333,24.066667000000002,PLNBS,1.0,42.2,0.0
BCS,"San Antonio, B.C.S.",-110.05,23.8,SANBS,12.8,36.0,0.01
BCS,"San Bartolo, B.C.S.",-109.84388899999999,23.738332999999997,SBABS,3.0,133.2,0.0
BCS,"San José del Cabo, B.C.S.",-109.70833300000001,23.118889000000003,SJCBS,0.0,145.2,0.0
BCS,"Santiago, B.C.S.",-109.71666699999999,23.45,SNTBS,4.6,82.13,0.0
BCS,"Sierra La Laguna, B.C.S. SMN*",-109.99861100000001,23.555556,SLAGUNA,2.6,123.4,0.0
BCS,"Todos Santos, B.C.S.",-110.21666699999999,23.433332999999998,TSNBS,0.0,24.6,0.0
CAMP,"Bolonchen, Camp.",-89.743889,20.003889,BOLCA,11.0,159.0,264.0
CAMP,"Campeche, Camp.",-90.544167,19.838333,CMPCA,18.0,246.0,309.5
CAMP,"Canasayab, Camp.",-90.575556,19.295,CANCA,29.4,140.81,351.72
CAMP,"Candelaria, Camp.",-91.046111,18.183056,CNDCA,22.1,215.4,446.71
CAMP,"Champotón, Camp.",-90.72,19.361667,CHMCA,23.0,141.511,233.51
CAMP,"Ciudad del Carmen, Camp. SMN*",-91.76527800000001,18.658056,CDCCA,24.2,124.6,162.0
CAMP,"Dzilbachén, Camp. SMN*",-89.723889,19.4625,DZILBACHEN,12.0,10.4,219.2
CAMP,"El Carmen, Camp.",-91.76138900000001,18.654167,CARCA,34.2,204.9,304.1
CAMP,"Escárcega, Camp.",-90.741111,18.604444,ESCCA,35.9,139.2,275.11
CAMP,"Hecelchakan, Camp.",-90.105556,20.184167000000002,HECCA,30.0,251.0,310.0
CAMP,"Hopelchen, Camp.",-89.848333,19.751944,HPOCA,10.4,196.0,154.1
CAMP,"Los Petenes, Camp. SMN*",-90.374167,19.943333,PETENES,15.0,134.8,190.8
CAMP,"Monclova, Camp. SMN*",-90.820833,18.056944,MONCLOVACAMP,31.2,131.2,355.8
CAMP,"Noh-Yaxché, Camp.",-90.221389,19.605832999999997,NYXCA,14.2,90.9,133.3
CAMP,"Observatorio de Campeche, Camp.",-90.507222,19.838611,COBCA,9.4,406.91,296.61
CAMP,"Palizada, Camp.",-92.08694399999999,18.253056,PLZCA,42.5,157.0,360.5
CAMP,"Sabancuy, Camp.",-91.175833,18.972777999999998,SBNCA,5.2,244.17,248.81
CAMP,"Xpujil, Camp.",-102.585833,22.177222,XPJCA,39.0,58.4,141.5
CHIH,"Abraham González, Chih.",-107.482778,28.481666999999998,AGZCH,1.5,63.56,15.52
CHIH,"Bachíniva, Chih.",-107.255556,28.771666999999997,BACCH,1.0,31.0,8.5
CHIH,"Basaseachi, Chih.",-108.20638899999999,28.208889000000003,BSSCH,14.0,144.9,43.9
CHIH,"Batopilas, Chih.",-107.723611,27.033610999999997,BTPCH,10.6,55.91,8.2
CHIH,"Casas Grandes, Chih.",-107.930833,30.376666999999998,CAGCH,4.6,20.13,66.3
CHIH,"Chihuahua, Chih.",-106.167778,28.570556,CHUCH,0.0,15.42,24.4
CHIH,"Chinatú, Chih. SMN*",-106.770556,26.229444,CHNCH,13.9,104.03,54.79
CHIH,"Chinipas, Chih.",-108.54166699999999,27.416666999999997,CNDCH,4.0,78.51,2.0
CHIH,"Ciudad Delicias, Chih.",-105.44694399999999,28.210833,CDLCH,3.0,14.03,3.03
CHIH,"Ciudad Juárez, Chih.",-106.400278,31.736666999999997,CJZCH,8.0,14.0,47.0
CHIH,"El Rejón, Chih.",-106.119444,28.614721999999997,ERECH,0.0,15.42,24.4
CHIH,"El Tintero, Chih.",-107.38416699999999,29.5625,TNTCH,2.2,19.52,16.15
CHIH,"Francisco I. Madero, Chih.",-105.62888899999999,28.166110999999997,FIMCH,7.5,26.02,14.03
CHIH,"Guachochi, Chih. SMN*",-107.072222,26.816667,GCCCH,4.4,45.4,22.2
CHIH,"Guapoca, Chih.",-108.3,29.2,GPCCH,6.2,79.44,3.73
CHIH,"Ing. Luis L. León, Chih.",-105.28,28.984444,LLNCH,2.0,31.43,45.53
CHIH,"La Boquilla, Chih.",-105.41416699999999,27.544721999999997,LBQCH,3.5,41.02,67.02
CHIH,"La Mesa, Chih.",-105.96666699999999,28.7,C08270,1.7,24.53,30.23
CHIH,"Las Lajas, Chih.",-107.025833,29.88,LJSCH,3.1,12.23,19.31
CHIH,"Maguarichi, Chih. SMN*",-107.99416699999999,27.858611,MAGCH,14.2,81.02,15.49
CHIH,"Majalca, Chih.",-106.5,29.05,C08099,0.0,19.5,10.0
CHIH,"Observatorio de Chihuahua, Chih.",-106.08555600000001,28.656944,QIJCH,0.0,16.22,24.4
CHIH,"Ojinaga, Chih.",-104.410833,29.565,OJNCH,11.8,33.0,57.0
CHIH,"Parral, Chih.",-105.675556,26.917778000000002,PRRCH,1.4,43.37,68.4
CHIH,"Pico del Águila, Chih.",-105.254167,26.546389,PAGCH,2.0,43.08,7.04
CHIH,"San Ignacio, Chih.",-107.879167,26.870833,IGNCH,6.5,122.5,4.0
CHIH,"Tejolocachi, Chih.",-107.7,28.75,C08243,3.0,27.2,68.0
CHIH,"Temósachic, Chih.",-107.85,28.95,TMCCH,2.5,41.64,6.43
CHIH,"Urique, Chih.",-107.9125,27.216666999999998,URECH,4.0,120.6,35.5
CHIH,"Valle de Zaragoza, Chih.",-105.806944,27.454444,VZRCH,1.5,38.54,43.51
CHIH,"Villa Coronado, Chih.",-105.16,26.738611,VICCH,2.0,46.08,7.04
CHIH,"Yepachic, Chih.",-108.16666699999999,29.666666999999997,YEPCH,8.0,28.0,13.0
CHIS,"Acala, Chis.",-92.804167,16.552778,ACACP,10.6,139.01,142.21
CHIS,"Arriaga, Chis.",-93.8975,16.241111,AROCP,0.0,418.91,411.02
CHIS,"Bochil, Chis. OCFS*",-92.905833,16.997222,BOCHIL,9.9,72.2,170.4
CHIS,"Boquerón, Chis.",-93.15,16.641944,BOQCP,0.8,283.4,99.6
CHIS,"Cacaluta, Chis.",-92.716667,15.35,CACCP,2.3,382.64,523.51
CHIS,"Cascajal, Chis.",-92.479167,16.308332999999998,CASCP,0.0,161.82,174.73
CHIS,"Cascajal, Chis. SGT*",-92.4875,16.308332999999998,CASCAJAL,14.8,184.0,149.6
CHIS,"Catarinitas, Chis. SGT*",-92.483056,15.969167,CATARINITAS,1.4,232.2,255.4
CHIS,"Chacamax, Chis. SGT*",-91.703333,17.472222,CHACAMAX,93.6,106.0,296.8
CHIS,"Chicomuselo, Chis.",-92.283333,15.75,CHMCP,4.5,174.9,194.4
CHIS,"Chicomuselo, Chis. SGT*",-92.281389,15.750278,CHICOMUSELO,3.0,222.0,197.6
CHIS,"Despoblado, Chis.",-92.575,15.204167000000002,DESCP,0.0,382.61,317.52
CHIS,"Doctor Belisario Domínguez, Chis.",-92.778889,16.401389,ANGCP,0.0,357.0,181.61
CHIS,"El Aguaje, Chis. SGT*",-92.59083299999999,16.686111,ELAGUAJE,12.2,223.0,170.8
CHIS,"El Novillero, Chis.",-92.95,15.495833,ELNCP,16.0,207.02,404.02
CHIS,"El Triunfo, Chis. SMN*",-92.80805600000001,15.656667,ELTRIUNFO,29.4,315.6,620.8
CHIS,"Escuintla, Chis.",-92.666667,15.316667,ESCCP,18.0,535.82,522.6
CHIS,"Grijalva, Chis.",-93.125,16.975,GRICP,0.0,249.21,88.02
CHIS,"Huehuetán, Chis.",-92.402778,14.997222,HUECP,0.0,389.04,397.22
CHIS,"Huixtla, Chis.",-92.472222,15.133332999999999,HUICP,0.0,342.52,456.2
CHIS,"Huixtla, Chis. OCFS*",-92.471389,15.146944,HUIXTLA,4.5,516.9,442.9
CHIS,"Ignacio López Rayón, Chis. OCFS*",-92.184722,14.626110999999998,ILRAYON,2.5,236.5,128.0
CHIS,"Jaltenango, Chis.",-92.725,15.866667000000001,JAPCP,1.5,228.3,310.96
CHIS,"Jaltenango, Chis. SGT*",-92.72,15.886110999999998,JALTENANGO,1.6,240.4,335.0
CHIS,"Juan Sabines, Chis.",-92.898611,15.996389,JSBCP,0.0,166.1,312.13
CHIS,"Juan de Grijalva, Chis.",-93.381389,17.364167000000002,JDGCP,208.3,80.93,334.4
CHIS,"La Encrucijada, Chis. SMN*",-92.755278,15.071110999999998,ENCRUCIJADA,0.0,227.4,142.0
CHIS,"Manuel Moreno Torres, Chis.",-93.10055600000001,16.941667000000002,CHICP,0.5,193.2,124.81
CHIS,"Mapastepec, Chis.",-92.883333,15.45,MAPCP,0.0,214.03,465.53
CHIS,"Nezahualcóyotl, Chis.",-93.598889,17.178611,MALCP,39.0,98.12,168.1
CHIS,"Observatorio de Comitán, Chis.",-92.1,16.2,COOCP,13.0,117.22,144.21
CHIS,"Observatorio de San Cristóbal, Chis.",-92.633333,16.733333,SCOCP,2.0,198.1,224.0
CHIS,"Observatorio de Tuxtla Gutiérrez, Chis.",-93.133333,16.75,TXOCP,0.0,200.2,118.81
CHIS,"Ocotepec, Chis.",-93.15055600000001,17.220556,OCOCP,117.4,179.1,260.1
CHIS,"Oxchuc, Chis. SGT*",-92.3375,16.851111,OXCHUC,93.8,181.8,143.2
CHIS,"Pijijiapan, Chis.",-93.216667,15.691667,PIJCP,6.4,205.72,299.21
CHIS,"Puente Club Campestre, Chis. SGT*",-93.186667,16.753889,PTECLUBCAMP,0.0,266.7,151.0
CHIS,"Puente Concordia, Chis.",-91.968056,15.848610999999998,PCOCP,0.0,181.51,90.61
CHIS,"Puente Morelos (San Cristóbal Cabañas), Chis.",-92.616667,16.741667,SCRCP,2.4,167.03,286.61
CHIS,"Reforma, Chis.",-92.666667,15.916667000000002,REFCP,0.0,418.31,272.6
CHIS,"Revolución Mexicana, Chis.",-93.079167,16.158333,REVCP,2.6,238.11,260.8
CHIS,"Salto de Agua, Chis.",-92.35,17.566667000000002,SAACP,163.9,77.9,424.2
CHIS,"San Miguel, Chis.",-92.23944399999999,15.775,SMICP,1.3,147.93,102.65
CHIS,"Santa Lucía, Chis. SGT*",-93.741111,16.699722,SANTALUCIAHM,4.2,159.0,102.6
CHIS,"Santa María, Chis.",-92.820833,16.938889,SNACP,83.3,225.0,149.01
CHIS,"Santo Domingo, Chis.",-92.105556,15.775,SDOCP,0.0,283.7,195.9
CHIS,"Sayula, Chis.",-93.383333,17.425,SAYCP,148.3,145.3,403.6
CHIS,"Siltepec, Chis. SGT*",-92.32194399999999,15.558056,SILTEPEC,44.0,232.2,272.6
CHIS,"Sitala, Chis. SGT*",-93.55,17.35,SITALA,61.3,177.2,251.2
CHIS,"Tapachula (Malpaso), Chis.",-92.266667,14.9,TAMCP,0.0,682.0,722.51
CHIS,"Tapachula, Chis.",-92.18333299999999,14.9,TAPCP,0.0,359.91,324.3
CHIS,"Tres Picos, Chis.",-93.529167,15.875,TPICP,4.0,159.81,375.2
CHIS,"Tuxtla Oriente, Chis.",-93.1,16.761944,TUXCP,0.0,176.04,231.21
CHIS,"Yamonhó, Chis.",-93.330556,17.116667,YAMCP,34.6,86.11,157.3
CHIS,"Zapaluta, Chis. SGT*",-92.050556,16.116389,ZAPALUTA,7.6,140.5,119.7
CHIS,"Ángel Albino Corzo, Chis.",-93.458611,17.446111,PENCP,141.5,73.0,284.83
COAH,"Allende, Coah.",-100.837222,28.344444,ADLCL,17.4,0.0,38.0
COAH,"Cabeceras, Coah.",-101.116667,29.15,CBRCL,11.0,33.0,88.0
COAH,"Candela, Coah.",-100.661111,26.844444,CDLCL,0.0,42.0,26.0
COAH,"Ciudad Acuña, Coah.",-100.950278,29.327778000000002,CDACL,24.0,6.0,228.02
COAH,"Coyote, Coah.",-103.469167,25.542222,CYTCL,13.3,11.94,34.13
COAH,"Cuatro Ciénegas, Coah.",-102.064444,26.983333000000002,CCGCL,4.3,78.11,31.31
COAH,"E. C. Saltillo, Coah.",-100.920833,25.436111,ESLCL,54.7,62.21,59.71
COAH,"El Centenario, Coah.",-100.95,29.213611,CNTCL,22.0,0.0,176.6
COAH,"Francisco I. Madero, Coah.",-103.262778,25.773889,FIMCL,10.5,7.02,11.0
COAH,"Internacional La Amistad, Coah.",-101.057222,29.446944000000002,AMSCL,22.3,3.0,130.51
COAH,"La Fragua, Coah.",-100.832222,28.82,LFGCL,14.9,0.0,12.5
COAH,"Monclova, Coah.",-101.4225,26.908333000000002,MCVCL,1.0,34.7,64.2
COAH,"Nueva Rosita, Coah. SMN*",-101.33,27.92,NUEVAROSITA,0.0,1.5,106.75
COAH,"Observatorio de Saltillo, Coah.",-101.016667,25.376389,SALCL,58.8,240.301,61.01
COAH,"Observatorio de Torreón, Coah.",-103.45,25.541667,TORCL,14.6,21.21,34.31
COAH,"Parras, Coah.",-102.181667,25.440832999999998,PARCL,26.4,8.07,51.3
COAH,"Piedras Negras, Coah.",-100.5325,28.706667,PNGCL,33.4,0.0,100.3
COAH,"Progreso, Coah.",-101.002222,27.422221999999998,PRSCL,0.0,4.0,54.02
COAH,"Ramos Arizpe Aeropuerto, Coah.",-100.929722,25.561111,ARACL,57.0,50.3,23.9
COAH,"Sabinas, Coah.",-101.122778,27.846667,SBNCL,1.0,1.01,122.51
COAH,"Saltillo, Coah.",-101.016667,25.376389,STOCL,51.5,91.03,24.32
COAH,"San Antonio de las Alazanas, Coah.",-100.575556,25.273332999999997,SAACL,66.0,66.0,28.0
COAH,"San Miguel, Coah.",-100.953889,29.034167,SMGCL,22.0,0.0,150.0
COAH,"San Pedro, Coah.",-102.979444,25.7575,SPECL,10.2,16.05,20.34
COAH,"Sierra Mojada, Coah.",-103.699722,27.285278,SMJCL,0.0,32.8,16.0
COAH,"Venustiano Carranza, Coah.",-100.616111,27.515,VCRCL,1.0,0.02,9.52
COAH,"Zapata, Coah.",-100.898889,29.033889000000002,ZPTCL,32.0,0.0,164.0
COL,"Buena Vista, Col.",-103.611389,19.248611,BVSCM,24.0,138.0,147.01
COL,"Callejones, Col.",-103.6325,18.813056,CLLCM,20.0,344.22,64.51
COL,"Cerro de Ortega, Col.",-103.723611,18.754722,CDOCM,25.2,393.61,46.62
COL,"Comala, Col.",-103.757222,19.3175,CMLCM,78.3,140.22,73.83
COL,"Coquimatlán, Col.",-103.804167,19.2125,CQMCM,54.2,165.33,50.2
COL,"Derivadora Jala (Madrid), Col.",-103.88444399999999,19.111389000000003,DJLCM,22.2,155.93,49.21
COL,"El Chanal, Col.",-103.70277800000001,19.295,CHNCM,61.7,233.72,80.11
COL,"La Esperanza, Col.",-103.866389,19.17,LAECM,14.5,111.7,26.8
COL,"La Posta, Col.",-103.725278,19.223333,LPSCM,34.7,97.34,80.81
COL,"Laguna de Amela, Col.",-103.774167,18.809167000000002,LDACM,60.5,310.04,52.74
COL,"Manzanillo, Col.",-104.318333,19.044444,MNZCM,62.7,135.7,38.8
COL,"Manzanillo, Col. SEMAR*",-104.29777800000001,19.069167,MANZANILLOmar,69.8,21.76,15.23
COL,"Peñitas, Col.",-103.81666700000001,19.266667,PNTCM,106.5,107.7,95.0
COL,"Radar, Col.",-103.725278,19.223333,RDRCM,34.7,157.92,21.8
COL,"Sierra Manatlán 1, Col. SMN*",-103.9175,19.463611,SMANANTLANI,87.0,118.8,50.6
COL,"Solidaridad, Col.",-103.39666700000001,18.967222,TRJCM,23.0,203.84,126.31
COL,"Suchitlán, Col.",-103.70083299999999,19.408333,SCHCM,30.2,258.9,95.3
COL,"Tecomán, Col.",-103.882778,18.925556,TCMCM,23.0,232.02,55.01
COL,"Trapiche, Col.",-103.663333,19.2775,TRPCM,24.0,168.54,90.91
DF,"Ajusco, Cd. de Méx.",-99.210278,19.218611,AJSDF,1.8,95.23,35.81
DF,"Calle Mezontepec (Abasolo), Cd. de Méx.",-99.233056,19.187778,MZTDF,31.5,137.97,164.83
DF,"Campamento Amealco, Cd. de Méx.",-99.1375,19.516667,CEADF,4.7,233.51,157.42
DF,"Campamento Mecoaya, Cd. de Méx.",-99.18333299999999,19.486389000000003,CMYDF,3.3,207.8,57.66
DF,"Caseta Forestal, Cd. de Méx.",-99.208333,19.155556,CFSDF,21.1,174.01,142.48
DF,"Centro Universitario, Cd. de Méx.",-99.18055600000001,19.346667,CCUDF,1.5,175.97,157.73
DF,"Cien Metros, Cd. de Méx.",-99.1375,19.469722,CMTDF,0.0,252.46,209.02
DF,"Ciudad Deportiva, Cd. de Méx.",-99.1125,19.407778,CDVDF,5.3,86.06,165.12
DF,"Coyol, Cd. de Méx.",-99.09,19.484167000000003,CYLDF,1.0,171.95,146.79
DF,"Cárcel de Mujeres, Cd. de Méx.",-98.999444,19.357222,CDMDF,5.3,160.82,137.41
DF,"Del Valle, Cd. de Méx.",-99.15,19.383333,DVLDF,1.8,151.36,30.98
DF,"Desierto de los Leones, Cd. de Méx.",-99.309167,19.313333,DTLDF,0.0,271.98,41.91
DF,"Desviación Alta, Cd. de Méx.",-99.205,19.3,DATDF,3.0,68.4,33.0
DF,"El Yaqui, Cd. de Méx.",-99.286389,19.3625,EYQDF,15.8,93.01,130.31
DF,"El Zarco, Cd. de Méx.",-99.352222,19.295,EZCDF,14.7,195.7,74.68
DF,"Estadio Azteca, Cd. de Méx.",-99.151944,19.300556,EAZDF,1.5,132.67,140.98
DF,"Gobierno del D.F., Cd. de Méx.",-99.131389,19.431110999999998,DDFDF,1.8,160.0,115.81
DF,"Huayatla, Cd. de Méx.",-99.2625,19.308056,HYTDF,22.9,201.94,2.25
DF,"La Venta, Cd. de Méx.",-99.3,19.340556,LVNDF,19.1,205.25,174.21
DF,"Lumbrera 4 Ríos, Cd. de Méx.",-99.06666700000001,19.377778,LU4DF,5.6,119.12,104.9
DF,"Marcos Carrillo, Cd. de Méx.",-99.133889,19.403333,MCRDF,6.9,247.91,84.33
DF,"Milpa Alta, Cd. de Méx.",-99.026944,19.187222,MLPDF,15.2,42.11,9.62
DF,"Monte Alegre, Cd. de Méx.",-99.283333,19.216667,MAGDF,38.4,217.12,250.7
DF,"Organismo de Cuenca AVM Sur, Cd. de Méx.",-99.096389,19.316389,OCSDF,6.1,120.16,156.53
DF,"Planta Generadora 101, Cd. de Méx.",-99.097222,19.455833,PGNDF,1.5,148.33,131.86
DF,"Planta Nativitas, Cd. de Méx.",-99.09083299999999,19.246389,PNTDF,29.5,100.86,119.65
DF,"Planta San Luis, Cd. de Méx.",-99.05,19.233333,PSLDF,14.0,53.56,135.37
DF,"Planta Xotepingo, Cd. de Méx.",-99.143056,19.331944,PXTDF,5.1,161.09,51.07
DF,"Planta de Bombeo Aculco, Cd. de Méx.",-99.100278,19.379167000000002,PBADF,3.8,52.31,53.85
DF,"Planta de Bombeo Churubusco L., Cd. de Méx.",-99.057778,19.433332999999998,PBCDF,0.0,100.85,112.78
DF,"Planta de Bombeo Lindavista, Cd. de Méx.",-99.119444,19.486667,PBLDF,2.5,204.75,127.7
DF,"Planta de Bombeo López Mateos, Cd. de Méx.",-99.068333,19.420278,PLMDF,3.8,86.3,160.54
DF,"Planta de Bombeo Municipio Libre, Cd. de Méx.",-99.126389,19.365278,PMLDF,4.3,206.72,127.78
DF,"Planta de Bombeo Nueva Santa María, Cd. de Méx.",-99.163889,19.468889,PSNDF,0.0,229.89,112.77
DF,"Planta de Bombeo Tizoc, Cd. de Méx.",-99.170556,19.435556,PBTDF,7.9,176.27,134.39
DF,"Planta de Bombeo U. E. de Oriente, Cd. de Méx.",-99.037778,19.38,PBODF,9.9,111.0,130.78
DF,"Planta de Bombeo Villa Coapa, Cd. de Méx.",-99.126111,19.285833,PVCDF,9.4,124.15,207.27
DF,"Planta de Tratamiento La Estrella, Cd. de Méx.",-99.076389,19.336944,PLEDF,8.1,145.48,109.22
DF,"Planta de Tratamiento Rosario, Cd. de Méx.",-99.190278,19.509167,PTRDF,5.8,303.25,116.33
DF,"Planta de Tratamiento Río Magdalena, Cd. de Méx.",-99.154444,19.513056,PRMDF,2.0,251.66,133.35
DF,"Planta de Tratamiento Río Remedios, Cd. de Méx.",-99.154444,19.513056,PRRDF,3.6,308.86,156.45
DF,"Planta de Tratamiento Santa Catarina, Cd. de Méx.",-99.02305600000001,19.299167,PSCDF,0.0,96.06,109.45
DF,"Pueblo San Pedro Mártir, Cd. de Méx.",-99.171111,19.263056,PSPDF,22.6,30.73,161.04
DF,"Puerta Chapultepec, Cd. de Méx.",-99.2,19.413056,PCHDF,10.4,215.13,148.57
DF,"Radio Comunicación, Cd. de Méx.",-99.17,19.4,RCMDF,4.8,190.72,146.8
DF,"Rebombeo Bosque Tlalpan, Cd. de Méx.",-99.19416700000001,19.296111,RBTDF,16.3,127.44,125.71
DF,"San Bartolo Ameyalco, Cd. de Méx.",-99.275,19.328611,SBADF,17.0,248.16,194.79
DF,"San Juan de Aragón, Cd. de Méx.",-99.06666700000001,19.466667,SJADF,1.5,149.93,128.15
DF,"San Pedro Tláhuac, Cd. de Méx.",-99.009722,19.281389,SPPDF,8.6,66.79,90.15
DF,"San Salvador Cuautenco, Cd. de Méx.",-99.09,19.190278,CTNDF,93.2,113.3,173.99
DF,"Santa Cruz Meyehualco, Cd. de Méx.",-99.028889,19.338333,SCMDF,4.1,101.9,195.84
DF,"Sierra Guadalupe, Cd. de Méx.",-99.122222,19.572222,SGDDF,0.0,48.77,30.73
DF,"Subestación Eléctrica Santa Catarina, Cd. de Méx.",-98.96055600000001,19.320833,SSCDF,4.3,132.07,152.91
DF,"Tanque Chalmita, Cd. de Méx.",-99.1425,19.556110999999998,TCMDF,4.6,173.4,143.77
DF,"Tanque Peñón, Cd. de Méx.",-99.084722,19.440832999999998,TPNDF,1.5,97.54,134.11
DF,"Tanque San Francisco, Cd. de Méx.",-99.248611,19.316667000000002,TSFDF,0.0,170.68,170.43
DF,"Tanque San Joaquín, Cd. de Méx.",-99.228611,19.436389000000002,TSJDF,8.4,238.81,119.38
DF,"Tanque el Cartero, Cd. de Méx.",-99.272222,19.373056,TECDF,15.5,200.9,130.81
DF,"Tanque el Lienzo, Cd. de Méx.",-99.24638900000001,19.333889000000003,TELDF,0.0,189.43,190.74
DF,"Tarango, Cd. de Méx.",-99.2125,19.361944,TRGDF,9.2,108.4,165.35
DF,"Tetelco, Cd. de Méx.",-98.970833,19.210278,TTLDF,0.0,24.9,78.73
DF,"Tezontle, Cd. de Méx. SMN*",-99.098889,19.385556,TEZDF,5.8,95.52,117.88
DF,"Topilejo, Cd. de Méx.",-99.13583299999999,19.199444,TPJDF,13.5,156.46,127.26
DF,"Trif. Santa Lucía, Cd. de Méx.",-99.264444,19.359722,TSLDF,13.5,198.09,149.58
DF,"Triángulo, Cd. de Méx.",-99.211667,19.399167000000002,TNGDF,6.4,142.73,115.3
DF,"Vaso de Cristo, Méx.",-99.211667,19.510278,VDCDF,5.8,229.11,78.22
DF,"km 6+250 (Gran Canal), Cd. de Méx.",-99.091667,19.478056,GCNDF,1.4,189.7,162.8
DGO,"Caboraca (hidro), Dgo.",-104.8,24.516667,CB2DR,24.5,101.14,26.03
DGO,"Caboraca, Dgo.",-104.810278,24.538332999999998,CBRDR,24.5,101.13,18.03
DGO,"Campo Agrícola, Dgo.",-104.7,24.0,CAGDR,0.9,100.0,8.91
DGO,"Canatlán, Dgo.",-104.75,24.5,CNTDR,36.4,155.9,34.4
DGO,"Ceballos, Dgo.",-104.123333,26.521666999999997,CEBDR,0.0,40.59,15.54
DGO,"Ciudad Guadalupe Victoria, Dgo.",-104.121111,24.4375,CGVDR,25.5,93.42,36.93
DGO,"Ciudad Lerdo, Dgo.",-103.52166700000001,25.533333,CLRDR,13.2,30.41,34.53
DGO,"Cuencamé, Dgo.",-103.69888900000001,24.871944,CNCDR,0.0,17.5,11.51
DGO,"Durango, Dgo.",-104.666667,24.033333,DRGDR,53.4,84.83,8.14
DGO,"El Tule del Real, Dgo.",-106.53805600000001,24.702222,TDRDR,14.7,246.02,1.8
DGO,"Francisco Villa (hidro), Dgo.",-103.960278,24.001667,FV2DR,26.0,153.74,54.02
DGO,"Francisco Villa, Dgo.",-103.960833,24.001667,FVLDR,26.0,153.75,52.0
DGO,"Francisco Zarco, Dgo.",-103.773611,25.270833,FZRDR,16.0,6.09,22.52
DGO,"General Escobedo, Dgo.",-105.25,25.5,GESDR,6.0,99.06,4.75
DGO,"Guadalupe Victoria, Dgo. (hidro)",-104.751944,23.960278,GVHDR,44.5,116.21,19.83
DGO,"Guanacevit, Dgo.",-105.955556,25.934722,GNCDR,3.0,64.63,17.91
DGO,"La Flor de Jimulco, Dgo. SMN*",-103.983333,26.549721999999996,LAFLOR,0.4,32.8,7.6
DGO,"La Flor, Dgo.",-103.283889,25.068056,LFLDR,0.0,59.7,50.01
DGO,"La Michilia, Dgo. SMN*",-104.246944,23.387778,MICHILIA,37.6,205.0,84.8
DGO,"Las Vegas, Dgo. SMN*",-105.46611100000001,24.185833,LVEDR,44.3,165.43,65.4
DGO,"Lázaro Cárdenas, Dgo.",-105.015833,25.594167000000002,LCRDR,0.0,15.59,21.75
DGO,"Mapimí, Dgo.",-103.85,25.816667000000002,MPMDR,0.0,56.52,73.51
DGO,"Peña del Águila, Dgo.",-104.656667,24.203889,PAGDR,44.1,89.11,2.51
DGO,"Peña del Águila, Dgo. (hidro)",-104.655556,24.237222,PA2DR,44.1,86.41,2.53
DGO,"Presidente Guadalupe Victoria, Dgo.",-104.753056,23.961111,GVCDR,44.5,105.21,18.81
DGO,"Rodeo, Dgo.",-104.55833299999999,25.181944,RDODR,20.0,36.5,40.51
DGO,"Salomé Acosta, Dgo.",-105.443056,25.225,SACDR,15.0,40.13,30.34
DGO,"San Antonio, Dgo. SGT*",-105.331111,26.433056,SANANTONIO,4.0,72.5,75.75
DGO,"San Bernardo, Dgo.",-105.52666699999999,26.004444,SBEDR,1.0,80.5,40.0
DGO,"San Gabriel, Dgo.",-105.560833,26.436667,SGBDR,1.0,37.02,23.01
DGO,"San Juan de Guadalupe, Dgo.",-102.778056,24.630556,SJGDR,36.0,28.07,13.04
DGO,"San Pedro del Gallo, Dgo.",-104.2925,25.564167,SPGDR,0.0,13.04,10.53
DGO,"Santa Elena, Dgo.",-103.079722,24.608333,SELDR,34.0,99.01,25.02
DGO,"Santa María del Oro, Dgo.",-105.36666699999999,25.953332999999997,SMODR,0.4,56.91,55.8
DGO,"Santiago Bayacora (hidro), Dgo.",-104.673889,23.873333,SB2DR,62.5,86.33,17.0
DGO,"Santiago Bayacora, Dgo.",-104.675833,23.874444,SBYDR,62.5,86.33,17.0
DGO,"Santiago Papasquiaro, Dgo.",-105.42222199999999,25.0375,SPPDR,8.8,44.97,4.83
DGO,"Sardinas, Dgo.",-105.566667,26.084444,SRDDR,0.0,46.55,36.04
DGO,"Tamazula, Dgo.",-106.975,24.933332999999998,TMZDR,10.9,178.05,2.73
DGO,"Tlahualilo, Dgo.",-103.44166700000001,26.1125,THODR,14.5,44.82,59.0
DGO,"Villa Hidalgo, Dgo.",-104.92888899999998,26.2425,VHGDR,6.5,51.01,98.01
DGO,"Villa Ocampo, Dgo.",-105.506111,26.447778000000003,VOCDR,1.5,37.02,45.01
GRO,"Acapulco, Gro.",-99.906667,16.849722,ACAGR,0.0,356.8,147.3
GRO,"Acapulco, Gro. SMN*",-99.749167,16.762778,ACUGR,0.2,200.8,112.4
GRO,"Aeropuerto de Chilpancingo, Gro.",-99.516944,17.576389000000002,AERGR,2.3,103.2,121.1
GRO,"Ahuacuotzingo, Gro.",-98.975278,17.719722,AHUGR,4.4,90.8,72.4
GRO,"Andrés Figueroa, Gro.",-100.5175,18.075833,AFIGR,0.0,129.5,173.0
GRO,"Atoyac, Gro.",-100.43333299999999,17.210278,ATYGR,0.0,239.1,149.3
GRO,"Ayutla, Gro.",-99.1,16.949444,AYUGR,3.7,403.4,302.0
GRO,"Buena Vista, Gro.",-99.2,18.2,BVSGR,5.0,344.6,236.0
GRO,"Chichihualco, Gro.",-99.701111,17.672222,CCHGR,0.0,174.0,117.5
GRO,"Chilapa, Gro.",-99.175833,17.608611,CHLGR,4.5,139.0,130.0
GRO,"Chilpancingo, Gro.",-99.5,17.545278,CHIGR,1.9,147.2,103.9
GRO,"Ciudad Altamirano, Gro.",-100.66444399999999,18.359444,CALGR,0.0,295.1,146.7
GRO,"Coyuquilla, Gro.",-101.05444399999999,17.376944,CYQGR,0.0,192.0,81.0
GRO,"Cuajinicuilapa, Gro.",-98.41194399999999,16.47,CNLGR,0.0,468.3,76.7
GRO,"Huitzuco, Gro.",-99.332778,18.3025,HTZGR,0.0,266.6,196.2
GRO,"Iguala, Gro.",-99.55,18.349722,IGLGR,3.8,277.0,187.1
GRO,"Ing. Carlos Ramírez Ulloa, Gro.",-99.99555600000001,17.947778,ECAGR,0.7,165.0,57.4
GRO,"Ixcateopan de Tlapa, Gro.",-98.51333299999999,17.6225,IXTGR,0.3,135.4,184.9
GRO,"La Calera, Gro.",-101.003056,18.418611,LCLGR,0.0,232.0,60.5
GRO,"Laguna de Coyuca, Gro.",-100.018056,16.958333,LDCGR,0.0,398.7,203.0
GRO,"Laguna de Tuxpan, Gro.",-99.503056,18.363332999999997,LDTGR,3.8,302.4,184.5
GRO,"Las Vigas, Gro.",-99.235,16.76,LDGGR,0.0,321.0,143.0
GRO,"Mochitlán, Gro.",-99.369167,17.471110999999997,MCHGR,62.2,116.3,188.7
GRO,"Observatorio de Acapulco, Gro.",-99.799722,16.8,ODAGR,0.0,275.7,110.3
GRO,"Observatorio de Zumpango, Gro.",-99.5,17.6,ODZGR,0.6,140.4,118.5
GRO,"Olinala, Gro.",-98.735,17.777222000000002,OLNGR,0.0,341.5,364.0
GRO,"Ometepec, Gro.",-98.43333299999999,16.683332999999998,OMEGR,0.0,313.4,205.0
GRO,"Petaquillas, Gro.",-99.43333299999999,17.984444,PETGR,3.0,176.5,137.5
GRO,"Quetzala, Gro.",-98.500556,16.655832999999998,QTZGR,1.3,433.3,198.8
GRO,"Revolución Mexicana, Gro.",-99.166111,16.823611,RMEGR,0.0,308.0,140.5
GRO,"San Jerónimo, Gro.",-100.472778,17.139444,SJEGR,3.0,369.0,60.7
GRO,"San Marcos, Gro.",-99.482778,16.796389,SNMGR,17.0,420.0,202.0
GRO,"Taxco, Gro.",-99.605278,18.554444,TAXGR,4.0,229.6,261.8
GRO,"Tierra Colorada, Gro.",-99.526389,17.1675,TCOGR,4.0,177.2,51.1
GRO,"Tixtla, Gro.",-99.39944399999999,17.568056,TXTGR,6.4,168.8,118.7
GRO,"Tlacotepec, Gro.",-99.976389,17.789722,TLAGR,11.0,305.4,140.3
GRO,"Tlapa, Gro.",-98.6,17.5,TLPGR,0.0,80.2,141.8
GRO,"Vicente Guerrero, Gro.",-100.265833,18.382778,VGRGR,0.0,189.4,147.5
GRO,"Xochihuehuetlán, Gro.",-98.488333,17.903889000000003,XXHGR,0.0,320.5,177.0
GRO,"Zihuatanejo, Gro.",-101.545,17.863332999999997,ZHTGR,0.0,269.1,74.2
GTO,"Abasolo, Gto.",-101.516667,20.433332999999998,ABSGJ,0.0,198.54,56.01
GTO,"Acámbaro, Gto.",-100.716667,20.033333,ACNGJ,4.0,250.02,114.07
GTO,"Agua Tibia, Gto.",-101.625556,20.499167,ATBGJ,0.0,307.7,100.02
GTO,"Ameche, Gto.",-100.583333,20.55,AMCGJ,8.0,244.52,86.52
GTO,"Apaseo el Alto, Gto.",-100.62083299999999,20.454167,APSGJ,8.0,202.5,98.52
GTO,"Apaseo el Grande, Gto.",-100.68333299999999,20.533333,AEGGJ,4.0,155.8,114.3
GTO,"Barbosa, Gto. Protección Civil*",-101.63166700000001,21.2925,BARBOSA,21.5,425.01,113.14
GTO,"Celaya, Gto.",-100.81666700000001,20.533333,CLYGJ,3.8,277.4,64.91
GTO,"Cinco Señores, Gto.",-100.9,20.95,CSRGJ,4.5,319.24,90.36
GTO,"Coroneo, Gto.",-100.363333,20.198332999999998,CORGJ,11.9,234.7,89.9
GTO,"Corralejo Hidalgo, Gto. Protección Civil*",-101.630278,20.506667,CORRALEJO,1.5,306.87,92.31
GTO,"Cortázar, Gto.",-100.95,20.483333,CRTGJ,7.0,229.8,146.0
GTO,"Cuerámaro, Gto.",-101.666667,20.616667,CRMGJ,0.0,259.6,82.1
GTO,"Dolores Hidalgo, Gto.",-100.93333299999999,21.15,DHGGJ,0.0,253.53,52.52
GTO,"El Barrial, Gto.",-101.833333,21.05,BRRGJ,4.2,320.43,27.05
GTO,"El Barrial, Gto.",-101.835278,21.05,EBAGJ,3.7,290.13,9.81
GTO,"El Chapín, Gto.",-101.2,20.9,ECHGJ,0.0,345.81,169.52
GTO,"El Conejo, Gto.",-101.366667,20.733333,ECNGJ,0.0,265.6,70.42
GTO,"El Cubo, Gto.",-100.5,20.2,ECBGJ,10.5,198.56,133.55
GTO,"El Palote, Gto.",-101.688056,21.173333,EPLGJ,6.4,362.6,138.52
GTO,"Guanajuato, Gto.",-101.265,21.012222,GTOGJ,1.4,482.1,98.01
GTO,"Ignacio Allende, Gto.",-100.82583299999999,20.848056,IALGJ,4.0,293.42,95.73
GTO,"Irapuato, Gto.",-101.35,20.683332999999998,IRPGJ,0.0,250.8,68.01
GTO,"Jerécuaro, Gto.",-100.516667,20.133333,JCRGJ,0.8,280.93,45.22
GTO,"La Golondrina, Gto.",-101.7425,20.439167,GLNGJ,0.0,290.0,98.01
GTO,"La Purísima, Gto.",-101.287778,20.867222,PRSGJ,0.0,350.4,207.5
GTO,"La Quemada, Gto.",-101.106944,21.3225,LQMGJ,2.0,279.8,57.3
GTO,"Laguna de Yuriria, Gto.",-101.07305600000001,20.286944000000002,LDYGJ,23.0,186.07,75.55
GTO,"Las Adjuntas, Gto.",-100.52583299999999,20.610278,LADGJ,1.4,220.8,128.8
GTO,"Las Jícamas, Gto.",-101.358889,20.276111,LJIGJ,5.0,291.0,61.4
GTO,"León, Gto.",-101.666667,21.1,LENGJ,6.0,266.32,157.05
GTO,"Los Castillos, Gto.",-101.666667,21.2,CSTGJ,11.6,350.1,137.62
GTO,"Ocampo, Gto.",-101.516667,21.633333,OCMGJ,6.4,223.0,107.0
GTO,"Pericos, Gto.",-101.133333,20.516667,PERGJ,6.2,205.71,118.85
GTO,"Pozos, Gto.",-100.496111,21.22,POZGJ,2.8,218.41,95.95
GTO,"Puente Dolores, Gto.",-100.9,21.1,PDLGJ,0.0,255.52,44.0
GTO,"Puente la Gavia, Gto.",-100.866667,20.383333,LGVGJ,0.0,304.0,163.0
GTO,"Salamanca, Gto.",-101.199444,20.565278,SLMGJ,5.6,215.82,80.87
GTO,"Salvatierra, Gto.",-100.884722,20.214167,SLVGJ,1.8,185.03,84.14
GTO,"San Felipe, Gto.",-101.216667,21.483333,SFEGJ,12.9,322.0,122.0
GTO,"San Luis de la Paz, Gto.",-100.516667,21.3,SLPGJ,2.0,162.0,47.2
GTO,"San Miguel Octopan, Gto.",-100.74583299999999,20.577778,SMOGJ,9.8,161.6,56.7
GTO,"San Miguel de Allende, Gto.",-101.016389,20.430833,SMAGJ,1.5,293.7,105.61
GTO,"Santa Julia, Gto.",-101.016667,20.4,SJLGJ,5.7,204.2,126.8
GTO,"Santa Rita, Gto.",-101.06666700000001,20.3,SRTGJ,11.0,159.92,213.01
GTO,"Solís, Gto.",-100.667222,20.051667000000002,SLSGJ,4.0,310.29,75.08
GTO,"Temascatío, Gto.",-101.3,20.6,TEMGJ,0.0,331.1,210.23
GTO,"Tres Guerras, Gto.",-100.8,20.5,TGRGJ,4.7,280.2,75.4
GTO,"Valle de Santiago, Gto.",-101.182222,20.388610999999997,VDSGJ,10.0,231.51,47.53
GTO,"Xichú, Gto.",-100.0925,21.298889000000003,XICGJ,4.7,147.22,126.91
HGO,"Actopan, Hgo.",-98.94166700000001,20.268056,ACTHD,5.0,115.5,138.4
HGO,"Atlapexco, Hgo.",-98.333333,21.016667,ATCHD,123.0,237.5,173.0
HGO,"Endhó, Hgo.",-99.36,20.163889,ENDHD,6.5,266.51,138.52
HGO,"Huejutla, Hgo.",-98.416667,21.15,HJTHD,116.5,181.03,209.52
HGO,"Ixmiquilpan, Hgo.",-99.220833,20.481944,IXMHD,13.7,117.63,134.5
HGO,"Javier Rojo Gómez, Hgo.",-99.329444,20.359722,PRGHD,5.0,241.02,145.04
HGO,"La Esperanza, Hgo.",-98.334722,20.0575,PERHD,30.9,88.97,163.31
HGO,"Metztitlán, Hgo.",-98.757222,20.591667,LMTHD,43.0,109.0,86.01
HGO,"Mixquiahuala, Hgo.",-99.218611,20.2375,MXQHD,7.0,175.05,116.01
HGO,"Observatorio de Pachuca, Hgo.",-98.7475,20.123333,PCOHD,9.7,139.9,104.6
HGO,"Requena, Hgo.",-99.310833,19.963055999999998,PRQHD,3.0,151.0,96.01
HGO,"San Felipe Orizatlán, Hgo.",-98.6,21.166667,ORZHD,163.1,187.32,234.2
HGO,"Taxhimay, Hgo.",-99.385,19.835278,TXMHD,2.5,180.0,163.5
HGO,"Tulancingo, Hgo.",-98.369444,20.083333,TLGHD,12.7,54.41,136.1
HGO,"Vicente Aguirre, Hgo.",-99.375833,20.435556,PVAHD,6.0,222.02,136.04
HGO,"Zacualtipán, Hgo.",-98.647222,20.652778,ZXTHD,92.0,115.0,155.5
JAL,"Acueducto Chapala-Guadalajara, Jal. SGT*",-103.133333,20.316667000000002,ACHAPALAGDL,9.8,140.4,47.2
JAL,"Ajojúcar, Jal.",-102.436944,21.599444000000002,AJJJL,38.0,195.51,42.5
JAL,"Atequiza, Jal.",-103.091944,20.397222,ATQJL,22.5,191.11,114.4
JAL,"Basilio Vadillo, Jal.",-104.061111,19.913611,BBAJL,64.0,68.0,58.51
JAL,"Bocas, Jal.",-103.726111,22.4,BCSJL,26.8,153.31,86.41
JAL,"Bolaños, Jal.",-103.783611,21.830556,BLNJL,0.0,149.0,60.23
JAL,"Cajón de Peña, Jal.",-105.129722,19.9975,CPEJL,2.5,159.51,1.51
JAL,"Chamela-Cuixmala, Jal. SMN*",-105.044722,19.498611,CHAMELA,90.2,125.8,9.6
JAL,"Cihuatlán, Jal.",-104.56666700000001,19.233333,CIHJL,69.1,171.7,12.28
JAL,"Ciudad Guzmán, Jal.",-103.465278,19.697778,CGZJL,23.1,143.1,145.01
JAL,"Colotlán, Jal.",-103.25,22.133333,CLTJL,2.8,81.4,74.7
JAL,"Corrinchis, Jal.",-104.780833,20.479722,CRNJL,116.7,164.14,96.79
JAL,"Cuale, Jal.",-105.05,20.583333,CULJL,88.1,175.24,65.93
JAL,"Cuitzeo, Jal.",-102.7825,20.341389000000003,CUIJL,0.0,162.52,122.51
JAL,"Cuixtla, Jal.",-103.45,21.066667000000002,CXTJL,67.4,129.72,124.81
JAL,"El Cuarenta, Jal.",-101.7375,21.497778,CRTJL,0.0,171.3,22.32
JAL,"Guadalajara Centro, Jal.",-103.373889,20.672778,GUAJL,1.2,311.2,96.12
JAL,"Guadalajara los Colomos, Jal.",-103.4,20.7,GUCJL,37.1,365.0,124.4
JAL,"Hurtado, Jal.",-103.651111,20.466944,HRTJL,51.0,161.0,98.01
JAL,"Ing. Guillermo Lugo Sanabria, Jal.",-102.231944,20.491111,POLJL,1.5,317.62,142.64
JAL,"Ing. Santiago Camarena, Jal.",-103.845833,20.596389000000002,VEGJL,107.5,122.83,216.52
JAL,"Jamay, Jal.",-102.705833,20.293889,JMYJL,6.0,213.5,113.7
JAL,"La Cuña, Jal.",-102.85,21.133333,CUNJL,3.6,242.3,84.7
JAL,"La Experiencia, Jal.",-103.333333,20.733333,EXPJL,3.2,255.32,97.15
JAL,"La Sauceda, Jal.",-101.83555600000001,21.359167000000003,SA1JL,4.8,315.9,68.71
JAL,"La Sauceda, Jal.",-101.85,21.35,SAUJL,8.7,294.7,70.51
JAL,"La Yesca, Jal.",-104.10583299999999,21.196944000000002,PLYJL,32.2,52.8,36.8
JAL,"Lago de Chapala, Jal.",-103.12,20.18,LDCJL,10.3,101.52,74.9
JAL,"Lagos de Moreno, Jal.",-101.919722,21.359722,LDMJL,5.6,256.61,58.99
JAL,"Nevado de Colima, Jal. SMN*",-103.59083299999999,19.592222,NEVADOCOLIMA,101.8,130.8,57.6
JAL,"Observatorio de Lagos de Moreno, Jal.",-101.916667,21.366667,OLMJL,5.1,235.3,124.3
JAL,"Protección a Infraestructura y Atención a Emergencias, Jal.",-103.36166700000001,20.583889000000003,PITJL,28.8,118.43,132.3
JAL,"Río Ameca, Jal.",-104.05,20.55,RAMJL,78.2,110.63,79.71
JAL,"San Gaspar de los Reyes, Jal.",-102.5,21.3,SGRJL,20.4,227.5,71.0
JAL,"Santa Rosa, Jal.",-103.705556,20.908889000000002,SRSJL,57.1,177.7,97.6
JAL,"Sauceda, Jal. CFE*",-101.85,21.35,SAUCEDACFE,11.5,260.25,16.75
JAL,"Tenasco, Jal.",-103.198611,22.171944,TENJL,6.0,136.51,55.04
JAL,"Teocaltiche, Jal.",-102.583333,21.45,TCAJL,23.0,303.02,56.07
JAL,"Tlajomulco, Jal. SMN*",-103.419444,20.4425,TLAJOMULCO,25.8,108.0,141.0
JAL,"Tlaquepaque, Jal.",-103.31666700000001,20.583333,TLAJL,27.0,232.75,124.23
MEX,"Atenco (Río Xalapan), Méx.",-98.912222,19.543611,ATEMX,1.0,78.48,127.48
MEX,"Atlacomulco Prepa., Méx.",-99.866667,19.783333,ATPMX,35.4,295.91,251.02
MEX,"Calacoaya, Méx.",-99.23944399999999,19.534167,CLYMX,8.2,185.7,82.1
MEX,"Calixtlahuaca, Méx.",-99.7,19.333333,CALMX,1.0,192.61,136.14
MEX,"Caída del Borracho, Méx.",-99.298611,19.406667000000002,CDBMX,14.5,260.07,64.26
MEX,"Chapingo, Méx.",-98.884722,19.483333,CHPMX,7.8,122.1,206.5
MEX,"Chapingo, Méx. SGT*",-98.888611,19.494167,CHAPINGO,3.8,106.88,191.52
MEX,"Chilesdo, Méx.",-100.116667,19.2,CHIMX,9.0,170.22,132.31
MEX,"Colorines, Méx.",-100.18333299999999,19.101667000000003,COLMX,0.0,294.32,127.5
MEX,"Danxhó, Méx.",-99.559722,19.884722,DNXMX,7.0,179.03,177.02
MEX,"Dos Ríos, Méx.",-99.377222,19.377222,2RSMX,21.0,291.7,193.6
MEX,"El Molinito Río Hondo, Méx.",-99.238333,19.453611,EMOMX,16.0,257.7,90.91
MEX,"El Molino, Méx.",-99.739722,20.124167,PMNMX,5.0,234.01,170.03
MEX,"El Tejocote, Méx.",-98.90083299999999,19.443610999999997,TJCMX,10.8,273.0,109.6
MEX,"El Venado, Méx.",-99.33416700000001,19.382222,VNDMX,12.2,256.31,152.14
MEX,"Francisco José Trinidad Fabela, Méx.",-99.790278,19.829167,PFBMX,8.0,305.01,93.44
MEX,"Gerencia Conagua CODAGEM, Méx.",-99.511667,19.205,CGCMX,2.8,165.83,125.36
MEX,"Huapango, Méx.",-99.69694399999999,20.046389,HPNMX,11.0,202.0,124.53
MEX,"Ixtlahuaca, Méx.",-99.769444,19.5675,IXCMX,16.8,175.82,137.42
MEX,"José Antonio Alzate, Méx.",-99.704722,19.465833,SBBMX,5.0,325.0,183.0
MEX,"La Concepción, Mex.",-99.589444,19.775,BUFMX,5.0,224.9,68.4
MEX,"La Concepción, Méx.",-99.30444399999999,19.695,CNPMX,6.0,224.9,74.5
MEX,"La Grande, Méx.",-98.916944,19.578889,GRDMX,0.0,108.42,180.12
MEX,"Las Arboledas, Méx.",-99.216667,19.566667000000002,ARBMX,9.5,184.7,125.14
MEX,"Los Berros, Méx.",-100.07583299999999,19.383333,LBEMX,9.4,201.2,99.02
MEX,"Madín, Méx.",-99.26083299999999,19.526944,PMDMX,14.8,185.7,82.1
MEX,"Molino Blanco, Méx.",-99.220833,19.477778,MBLMX,6.0,277.51,49.03
MEX,"Nevado de Toluca, Méx. SMN*",-99.68333299999999,19.116667,NEVMX,19.1,186.4,197.62
MEX,"Observatorio de Estado de México, Méx.",-99.63166700000001,19.292222,COBMX,4.2,263.71,189.44
MEX,"Palmas, Méx.",-99.248889,19.429444,PLMMX,13.7,252.96,52.83
MEX,"Planta Barrientos, Méx.",-99.175,19.575,PBTMX,4.6,127.96,103.37
MEX,"Planta Chiconautla 1, Méx.",-99.010278,19.636944,PCTMX,2.0,127.75,165.62
MEX,"Planta Chiconautla 2, Méx.",-99.025,19.65,PCCMX,0.8,172.47,166.38
MEX,"Presa Madín, Méx. SMN*",-99.268056,19.524444,PREMX,7.2,163.4,55.4
MEX,"Presa Totolica, Méx.",-99.21333299999999,19.408333,PTLMX,14.5,232.7,120.51
MEX,"Puente Colgante, Méx.",-99.181944,19.743056,PCGMX,4.5,176.02,74.54
MEX,"Rectoría, Méx.",-99.60333299999999,19.213333,RECMX,0.7,177.93,118.54
MEX,"San Andrés (Texcoco), Méx.",-98.911111,19.530556,SADMX,13.0,140.91,193.91
MEX,"San Andrés Tepetitlán, Méx.",-99.961389,19.660833,TPTMX,20.5,271.06,136.81
MEX,"San Bartolo del Llano, Méx.",-99.741667,19.591667,SLBMX,2.5,235.0,123.5
MEX,"San Juan de las Huertas, Méx.",-99.76472199999999,19.238332999999997,SJHMX,7.4,141.3,136.0
MEX,"San Juan, Mex.",-99.285,19.574444,SNJMX,8.5,254.0,66.3
MEX,"San Lucas, Mex.",-98.858611,19.644722,SNLMX,3.0,72.05,100.33
MEX,"San Luis Ameca, Méx.",-98.87083299999999,19.190278,SLAMX,1.5,53.1,94.42
MEX,"San Martín Obispo, Méx.",-99.193611,19.616667,OBSMX,4.8,171.9,75.8
MEX,"Santa María del Llano, Méx.",-99.8,19.633333,SMLMX,20.0,247.02,229.02
MEX,"Tajo de Tequixquiac, Mex.",-99.123889,19.904722,TTQMX,4.0,139.53,87.04
MEX,"Texcaltitlán, Méx.",-99.935833,18.931389000000003,TESMX,12.8,273.52,180.01
MEX,"Totolica (hidro), Méx.",-99.283056,19.4525,TTLMX,15.2,214.7,96.6
MEX,"Totolica, Mex.",-99.283333,19.453889,TOTMX,14.5,235.2,120.51
MEX,"Tres Barrancas, Méx.",-99.8,19.333333,TBRMX,4.3,278.04,166.35
MEX,"Trojes, Méx.",-100.283333,19.1,TROMX,0.1,213.9,133.6
MEX,"Valle de Bravo, Méx.",-100.18,19.2075,VBRMX,0.0,325.6,149.32
MEX,"Villa Victoria, Méx.",-100.05555600000001,19.461667000000002,VVCMX,14.5,258.21,97.12
MEX,"km 27+250, Méx.",-99.05,19.633333,K27MX,2.0,182.82,91.1
MEX,"Ñadó, Méx.",-99.86444399999999,20.038611,PNDMX,17.0,215.03,108.02
MICH,"Adjuntas, Mich.",-101.99,20.231389,ADUMC,1.0,155.31,60.72
MICH,"Agostitlán, Mich.",-100.608889,19.579722,AGOMC,13.2,108.5,207.31
MICH,"Apatzingán, Mich.",-102.371111,19.083056,APTMC,0.5,153.51,63.5
MICH,"Apatzingán, Mich. SMN*",-102.371667,19.082778,APAMC,0.0,129.6,50.6
MICH,"Aristeo Mercado, Mich.",-101.661111,19.926111,AMEMC,2.0,162.2,18.6
MICH,"Barraje de Ibarra, Mich.",-102.419167,20.183889,BIBMC,4.0,200.5,90.53
MICH,"Caimanera, Mich.",-100.9,18.5,CMNMC,3.7,165.4,163.0
MICH,"Casa Blanca, Mich.",-101.45916700000001,20.319444,CBLMC,7.5,242.02,57.55
MICH,"Chaparaco, Mich.",-102.26527800000001,19.973611,CHAMC,0.0,220.7,74.41
MICH,"Ciudad Hidalgo, Mich.",-100.55,19.7,CHIMC,22.5,188.5,119.01
MICH,"Constitución de Apatzingán, Mich.",-102.774167,19.287778,CHLMC,0.0,325.0,90.0
MICH,"Corrales, Mich.",-101.86166700000001,20.207222,CORMC,0.0,281.22,53.76
MICH,"Coíntzio, Mich.",-101.259167,19.629722,COIMC,7.2,182.52,111.38
MICH,"De Gonzalo, Mich.",-102.436944,20.304444,DGNMC,0.8,52.2,11.8
MICH,"El Bosque, Mich.",-100.421111,19.387778,DBOMC,3.0,411.8,117.43
MICH,"El Gigante, Mich.",-100.45,19.966667,EGIMC,0.0,159.04,110.71
MICH,"Guaracha, Mich.",-102.541389,19.979167,GUAMC,1.1,145.1,63.5
MICH,"Infiernillo, Mich.",-101.883333,18.266667,INFMC,6.1,75.81,40.9
MICH,"Jaripo, Mich.",-102.60194399999999,19.958333,JARMC,2.6,142.5,57.31
MICH,"José María Morelos y Pavón, Mich.",-102.180278,18.048333,VILMC,14.9,398.4,39.91
MICH,"La Palma, Mich.",-102.751389,20.146667,LPAMC,5.6,6.6,232.2
MICH,"La Pastoría, Mich.",-102.2,18.8,LPSMC,0.3,41.0,22.11
MICH,"La Piedad, Mich.",-102.00444399999999,20.354444,LPDMC,0.0,232.81,158.72
MICH,"Los Olivos, Mich.",-102.86555600000001,19.210832999999997,LOLMC,0.0,250.0,336.0
MICH,"Los Panches, Mich.",-102.9,18.8,LPNMC,0.2,67.6,41.11
MICH,"Los Pinzanes, Mich.",-101.2,18.8,LPZMC,3.6,204.8,86.43
MICH,"Los Ángeles, Mich.",-101.626667,20.248889000000002,LANMC,0.2,136.6,3.9
MICH,"Malpaís, Mich.",-100.873611,19.829167,MLPMC,5.7,261.13,105.4
MICH,"Maravatío, Mich.",-100.439167,19.890832999999997,MRVMC,15.5,179.01,69.51
MICH,"Melchor Ocampo L. C., Mich.",-102.2,17.899167000000002,MLCMC,14.0,605.0,42.21
MICH,"Melchor Ocampo, Mich.",-101.72444399999999,20.127222,MOCMC,1.0,278.03,105.92
MICH,"Morelia Centro, Mich.",-101.1,19.7,MCEMC,10.1,173.31,138.64
MICH,"Morelia Norte, Mich.",-101.2,19.7,MNOMC,2.2,273.8,127.41
MICH,"Morelia, Mich.",-101.17611099999999,19.688610999999998,MORMC,1.0,230.52,178.03
MICH,"Pastor Ortiz, Mich.",-101.6,20.3,PORMC,1.0,165.02,80.44
MICH,"Planta de Bombeo, Mich.",-101.05,19.49,PDBMC,5.4,249.02,112.01
MICH,"Presa Urepetiro, Mich. SGT*",-102.136944,19.961389,PUREPETIRO,1.2,215.4,60.0
MICH,"Pucuato, Mich.",-100.684167,19.621389,PUCMC,23.6,118.5,130.9
MICH,"Sahuayo, Mich.",-102.716667,20.066667000000002,SAHMC,5.0,210.5,128.0
MICH,"San Cristóbal, Mich.",-102.464722,20.208333,SCRMC,6.5,261.5,107.0
MICH,"San Juanico, Mich.",-102.651389,19.839444,SJUMC,7.0,169.5,102.8
MICH,"San Simón, Mich.",-102.4,20.1,SSIMC,6.0,150.01,65.51
MICH,"Tepuxtepec, Mich.",-100.229167,20.000278,TEPMC,3.2,198.0,24.1
MICH,"Urepetiro, Mich.",-102.137778,19.962222,UREMC,1.2,177.39,69.12
MICH,"Villa Jiménez, Mich.",-101.45,19.55,VJIMC,2.4,260.0,78.33
MICH,"Yurécuraro, Mich.",-102.242222,20.339444,YURMC,0.4,385.7,134.81
MICH,"Zamora, Mich.",-102.28416700000001,20.006667,ZAMMC,25.5,207.0,54.43
MICH,"Zicuirán, Mich.",-101.931944,18.921111,ZICMC,0.0,154.04,56.01
MOR,"Achichipico, Mor.",-98.829167,18.947222,ACHMR,3.3,392.72,216.5
MOR,"Alpuyeca, Mor.",-99.265833,18.735,ALUMR,0.0,282.7,188.62
MOR,"Amacuzac, Mor.",-99.4,18.6,AMCMR,2.0,396.6,271.01
MOR,"Atlatlahucan, Mor.",-98.92805600000001,18.948889,ATLMR,0.0,132.32,198.84
MOR,"Cuautla, Mor.",-98.9,18.8,CUAMR,0.0,266.25,180.27
MOR,"Cuernavaca, Mor.",-99.2,18.9,CUEMR,1.0,382.61,320.31
MOR,"El Peñón, Mor.",-98.78666700000001,18.690556,ELPMR,1.5,275.2,190.51
MOR,"El Rodeo, Mor.",-99.331389,18.765278,RODMR,0.0,313.2,245.19
MOR,"Higuerón, Mor.",-99.180278,18.573889,HIGMR,2.7,220.6,176.5
MOR,"Huajintlán, Mor.",-99.42416700000001,18.608333,HUAMR,0.0,361.0,268.0
MOR,"Huautla, Mor.",-99.025,18.441389,HUTMR,0.0,362.04,207.34
MOR,"Huecahuaxco, Mor.",-98.781667,18.936667,HUXMR,7.0,253.43,236.54
MOR,"Hueyapan, Mor.",-98.75,18.883333,HUEMR,16.0,279.11,272.38
MOR,"Huitzilac, Mor.",-99.015833,19.028889000000003,HUIMR,0.0,601.62,139.34
MOR,"Instituto Mexicano de Tecnología del Agua, Mor. SMN*",-99.158611,18.883611,IMTMR,2.0,242.02,247.46
MOR,"Jojutla, Mor.",-99.2,18.6,JOJMR,0.0,280.2,221.5
MOR,"Jonacatepec, Mor.",-98.8,18.7,JNCMR,5.0,326.3,222.8
MOR,"La Cuera, Mor.",-98.916667,18.683332999999998,LCUMR,0.0,355.41,267.22
MOR,"Miacatlán, Mor.",-99.4,18.7,MIAMR,0.0,445.41,187.51
MOR,"Moyotepec, Mor.",-99.004722,18.727222,MYOMR,0.0,358.55,166.49
MOR,"Nexpa, Mor.",-99.140833,18.519444,NEXMR,0.0,184.93,150.32
MOR,"Oacalco, Mor.",-99.258333,18.734722,OACMR,0.0,432.21,221.33
MOR,"Oaxtepec, Mor.",-98.901389,18.900555999999998,OAXMR,0.0,401.01,241.2
MOR,"Observatorio de Morelos, Mor.",-99.219167,18.908889000000002,OBSMR,0.5,384.92,326.68
MOR,"Ocuituco, Mor.",-98.758611,18.8825,OCTMR,0.0,416.3,272.0
MOR,"Progreso (IMTA), Mor.",-99.156944,18.771110999999998,PROMR,1.5,316.4,199.82
MOR,"Puente de Ixtla, Mor.",-99.322778,18.633333,PIXMR,0.0,283.4,321.22
MOR,"Sierra de Huautla, Mor. SMN*",-98.936111,18.541389000000002,SHUAUTLA,0.2,278.4,172.8
MOR,"Solidaridad, Mor.",-99.190556,18.918332999999997,SLDMR,2.1,416.6,305.8
MOR,"Temixco, Mor.",-99.2,18.9,TEMMR,1.5,297.0,289.8
MOR,"Temoac, Mor.",-98.78694399999999,18.778056,TMCMR,0.0,299.3,213.6
MOR,"Tepalcingo, Mor.",-98.843611,18.596389000000002,TPLMR,1.0,454.7,282.5
MOR,"Tetela del Volcán, Mor.",-98.710278,18.876389,TETMR,8.2,255.0,212.9
MOR,"Ticumán, Mor.",-99.1,18.794167,TICMR,0.0,362.2,211.91
MOR,"Tilzapotla, Mor.",-99.306111,18.487778,TILMR,0.0,405.82,258.9
MOR,"Tlacotepec, Mor.",-98.75,18.813333,TLOMR,1.1,403.92,306.04
MOR,"Totoloapan, Mor.",-98.92,18.9875,TOTMR,1.9,519.7,167.82
MOR,"Xicatlacotla, Mor.",-99.188333,18.521110999999998,XICMR,6.0,212.5,167.12
MOR,"Xoxocotla, Mor.",-99.25,18.683332999999998,XXOMR,0.0,321.0,198.6
MOR,"Yautepec, Mor.",-99.1,18.9,YAHMR,0.0,311.8,183.13
MOR,"Zacatepec, Mor.",-99.20083299999999,18.636667000000003,ZCTMR,0.0,266.3,199.11
NAY,"Acaponeta, Nay.",-105.35416699999999,22.49,ACANR,44.0,132.31,2.01
NAY,"Aguamilpa Solidaridad, Nay.",-104.802222,21.839167,AGMNR,52.6,142.9,0.1
NAY,"Capomal, Nay.",-105.1125,21.831111,CAPNR,63.5,133.5,0.05
NAY,"Gaviotas, Nay.",-105.13666699999999,20.889722,GAVNR,1.0,262.04,8.04
NAY,"Jesús María, Nay.",-104.516944,22.250833,JMANR,39.1,134.13,77.4
NAY,"Leonardo Rodríguez Alcaine, Nay.",-104.45083299999999,21.428333,CJNNR,37.7,102.1,58.0
NAY,"Reguladora San Rafael, Nay.",-104.8,21.8,RSRNR,55.5,83.9,1.3
NAY,"Tepic, Nay.",-104.891944,21.489444,TEPNR,65.0,146.71,46.72
NL,"Anáhuac, N.L.",-100.13444399999999,27.24,ANHNL,12.6,3.52,26.02
NL,"Aramberri, N.L.",-99.81666700000001,24.1,ARRNL,4.0,24.4,171.31
NL,"Cabezones, N.L.",-99.743889,24.99,CABNL,2.1,90.81,115.72
NL,"Cadereyta, N.L.",-99.975,25.590278,CDRNL,14.3,91.54,54.51
NL,"Cadereyta, N.L. SGT*",-99.77,25.503611,Tepehuaje,7.0,111.75,44.0
NL,"Camacho, N.L.",-99.578889,24.871944,CAMNL,8.9,96.5,209.22
NL,"Camacho, N.L. SGT*",-99.579444,24.876110999999998,CAMACHO,3.0,4.75,149.0
NL,"Carmen de los Elizondo Linares, N. L.",-99.439444,24.976111,CARNL,8.0,21.97,68.77
NL,"Cerralvo, N.L.",-99.61416700000001,26.091389000000003,CRVNL,13.2,84.44,105.81
NL,"Ciénega de Flores, N.L.",-100.17222199999999,25.952222,CDFNL,8.0,140.0,72.0
NL,"Crucitas, N.L.",-99.6975,24.783610999999997,CRUNL,6.2,152.8,69.5
NL,"Cuchillo-Solidaridad, N.L.",-99.276944,25.711667000000002,CCHNL,6.8,63.5,103.5
NL,"Doctor Arroyo, N.L.",-100.17277800000001,23.676389,DARNL,18.0,111.0,175.0
NL,"El Canadá, N.L.",-100.274722,25.800556,CANNL,28.8,169.0,12.75
NL,"El Cerrito, N.L.",-100.19805600000001,25.5175,ECSNL,26.6,62.0,105.0
NL,"Galeana, N.L.",-100.083333,24.833333,GALNL,19.2,148.84,185.71
NL,"José López Portillo, N.L.",-99.399722,24.9375,CPRNL,8.5,53.01,54.52
NL,"La Arena, N.L. SGT*",-99.97555600000001,25.765,LAARENA,18.5,94.0,21.5
NL,"La Ascensión, N.L.",-99.91166700000001,24.321944000000002,ASCNL,8.0,80.0,117.0
NL,"La Boca, N.L.",-100.128056,25.428055999999998,LBCNL,36.2,69.91,97.8
NL,"La Pamona, N.L.",-99.22166700000001,24.992778,PAMNL,7.0,19.03,46.06
NL,"Las Adjuntas, N.L.",-99.68055600000001,24.883333,ADJNL,2.0,35.5,305.25
NL,"Las Adjuntas, N.L. SGT*",-99.68055600000001,24.897222,ADJUNTASHUALA,2.0,36.0,305.25
NL,"Las Enramadas, N.L.",-99.527222,25.497222,LERNL,3.0,179.04,47.03
NL,"Los Herrera, N.L. SGT*",-99.401389,25.898332999999997,LosHerrera,4.8,159.75,76.0
NL,"Madero, N.L.",-99.196667,26.022222,MDRNL,17.9,120.04,18.92
NL,"Mier y Noriega, N.L.",-100.11805600000001,23.4225,MYNNL,15.4,24.63,153.75
NL,"Montemorelos, N.L.",-99.833333,25.174167,MTMNL,13.0,102.1,233.83
NL,"Monterrey, N.L.",-100.27166700000001,25.6825,MTRNL,22.9,104.81,38.51
NL,"Observatorio de Nuevo León, N.L.",-100.304722,25.733611,OBSNL,22.9,104.81,38.51
NL,"Salinillas, N.L.",-100.372222,27.429167,PSANL,1.0,0.02,9.52
NL,"San Rafael, N.L.",-100.55111099999999,25.028333,SRANL,48.5,42.02,38.03
NL,"Zaragoza, N.L.",-99.777778,23.981389,ZRGNL,6.0,70.0,179.0
OAX,"Astata, Oax.",-95.69888900000001,16.009167,ASTOX,2.5,85.2,164.11
OAX,"Ayutla, Oax.",-96.1,17.016667,AYUOX,32.0,164.8,94.5
OAX,"Boquilla 1, Oax.",-95.929167,16.647222,BOQOX,1.7,144.4,60.82
OAX,"CFE-Usila, Oax.",-96.381389,17.925556,UCFOX,326.1,310.81,261.3
OAX,"Chicapa, Oax.",-94.81666700000001,16.583333,CHIOX,1.5,311.9,169.11
OAX,"Cosolapa, Oax.",-96.658333,18.492778,CSPOX,19.2,213.82,324.1
OAX,"Dique Pescaditos, Oax.",-96.416667,18.233333,DPSOX,121.1,237.11,336.0
OAX,"El Marqués (Río Tehuantepec), Oax.",-95.424722,16.436389000000002,EMAOX,0.0,115.6,64.51
OAX,"Ixtepec, Oax.",-95.1,16.583333,IXTOX,0.0,207.2,152.1
OAX,"Ixtepeji (S. Catarina I.), Oax.",-96.55,17.266667,SCIOX,7.5,110.5,135.01
OAX,"Jacatepec, Oax.",-96.2,17.866667,JACOX,159.0,446.7,678.51
OAX,"Juchitan, Oax.",-95.033333,16.433332999999998,JUCOX,1.0,270.8,105.3
OAX,"La Carbonera, Oax.",-96.905556,18.210556,LCAOX,4.3,153.2,95.5
OAX,"Laguna Chacahua, Oax. SMN*",-97.688333,15.966667000000001,LCHACAHUA,0.0,382.8,91.8
OAX,"Las Pilas, Oax.",-95.3,16.4,LPIOX,0.0,108.5,181.51
OAX,"María Lombardo, Oax.",-95.483333,17.45,MAROX,118.3,159.32,200.83
OAX,"Matías Romero, Oax. SMN*",-95.036389,16.882778,MROOX,20.3,110.98,102.11
OAX,"Miguel de la Madrid Hurtado, Oax.",-96.263611,17.999167,CDOOX,203.7,489.3,401.51
OAX,"Oaxaca Centro, Oax.",-96.733333,17.066667000000002,OACOX,0.7,168.3,112.4
OAX,"Observatorio de Aeropuerto Oaxaca, Oax.",-96.7,17.0,OAOOX,0.5,81.21,208.71
OAX,"Observatorio de Huajuapan de León, Oax.",-97.783333,17.8,HLOOX,0.0,174.7,202.9
OAX,"Papaloapan, Oax.",-96.083333,18.166667,PAPOX,56.9,304.94,198.11
OAX,"Presidente Alemán, Oax.",-96.412222,18.232222,TEMOX,76.3,340.5,225.0
OAX,"Presidente Benito Juárez, Oax.",-95.397778,16.445556,JDMOX,0.0,84.0,42.0
OAX,"Puerto Ángel, Oax.",-96.483333,15.666667000000002,PTAOX,18.5,232.2,120.4
OAX,"Río Hondo, Oax.",-95.281389,16.476111,RHOOX,0.0,124.5,28.61
OAX,"Río Manso Lalana, Oax.",-95.916667,17.733333,RMLOX,150.2,254.0,221.2
OAX,"Río Verde, Oax.",-97.725,16.102778,RVEOX,10.0,447.1,31.01
OAX,"Salina Cruz, Oax.",-95.2,16.183332999999998,SCROX,1.0,360.2,144.3
OAX,"San Antonio Cuajimoloyas, Oax.",-96.453611,17.1175,SMAOX,3.7,133.42,136.93
OAX,"San Blas Atempa, Oax.",-95.165,16.283056,SBLOX,7.5,230.6,147.6
OAX,"San Felipe Usila, Oax.",-96.533333,17.883333,SFUOX,338.0,541.0,269.0
OAX,"San Francisco Cozoaltepec, Oax.",-102.712222,21.849167,COZOX,0.0,167.7,115.31
OAX,"Santo Domingo, Oax.",-96.55,18.05,STDOX,204.9,318.92,238.81
OAX,"Tehuantepec, Oax.",-95.2,16.3,TEHOX,0.0,103.5,118.31
OAX,"Tequisistlán, Oax.",-95.6,16.416667,TEQOX,0.0,136.1,141.02
OAX,"Tuxtepec, Oax.",-96.133333,18.083333,TUXOX,113.0,326.03,207.0
OAX,"Unión Hidalgo, Oax.",-94.833333,16.45,UHGOX,2.0,290.0,128.01
OAX,"Valle Nacional, Oax.",-96.3,17.776389,VANOX,235.4,469.82,409.22
OAX,"Yosocuta, Oax.",-97.826111,17.724444000000002,YOSOX,0.0,126.3,141.5
OAX,"Zacatepec, Oax.",-95.93,17.15,ZACOX,159.3,309.75,181.14
OAX,"Zanatepec, Oax.",-94.216111,16.4025,ZANOX,0.0,217.5,335.12
OAX,"km 33+190, Oax.",-95.2,16.6,KM1OX,1.2,116.0,180.0
OAX,"km 51+740, Oax.",-95.716667,16.416667,KM2OX,0.0,196.9,190.7
PUE,"Acajete, Pue.",-97.934167,19.0625,ACJPB,0.0,203.71,180.9
PUE,"Africam, Pue.",-98.13583299999999,18.9425,AFRPB,22.0,170.3,227.1
PUE,"Ahuazontepec, Pue.",-98.14805600000001,20.033056,AHUPB,21.3,151.6,161.0
PUE,"Alchichilca, Pue.",-97.418056,19.45,ACHPB,12.7,102.25,64.45
PUE,"Apapantilla, Pue.",-97.845,20.406944,APAPB,107.2,294.3,330.2
PUE,"Atlixco, Pue.",-98.420833,18.921111,ATXPB,13.2,188.2,155.0
PUE,"Buenos Aires, Pue. CFE.",-97.503333,19.961389,BAIPB,152.7,268.55,240.46
PUE,"Capulac, Pue.",-98.059444,19.092778,CPLPB,0.0,214.51,218.22
PUE,"Cemex, Pue.",-97.958333,18.968889,CEMPB,0.0,222.5,203.9
PUE,"Chietla, Pue.",-98.579167,18.516111,CHIPB,0.0,236.53,149.51
PUE,"Chignahuapan, Pue.",-98.049722,19.743333,CNGPB,36.5,185.0,180.13
PUE,"Chila de la Sal, Pue.",-98.567778,18.109722,CHSPB,0.0,263.6,218.0
PUE,"Cholula, Pue.",-98.318056,19.068610999999997,CHLPB,10.1,219.4,233.7
PUE,"Ciudad Serdán, Pue.",-97.44166700000001,18.987222,CDSPB,4.0,90.1,100.01
PUE,"Conagua, Pue.",-98.198611,19.022778,CNAPB,16.5,151.11,148.2
PUE,"Cuetzalan, Pue.",-97.516667,20.033333,CTZPB,326.5,428.32,202.54
PUE,"Echeverría, Pue.",-98.27555600000001,18.966110999999998,ECHPB,11.0,185.02,137.06
PUE,"Huaquechula, Pue.",-98.540278,18.772222,HQCPB,0.0,295.6,190.0
PUE,"Huauchinango, Pue.",-98.050833,20.176389,HUAPB,104.5,246.51,210.1
PUE,"Huejotzingo, Pue.",-98.45611099999999,19.101111,HJTPB,8.2,219.73,127.74
PUE,"Ixtacamaxtitlán, Pue.",-97.815833,19.621667000000002,IXTPB,11.3,198.5,165.11
PUE,"Izúcar de Matamoros, Pue.",-98.466389,18.610833,IZMPB,0.0,255.01,185.0
PUE,"La Soledad, Pue.",-97.446667,19.960832999999997,SOLPB,150.7,428.84,326.36
PUE,"Libres, Pue.",-97.69111099999999,19.457222,LIBPB,14.0,218.52,123.01
PUE,"Manuel Ávila Camacho, Pue.",-98.108611,18.9125,BDDPB,12.5,137.92,183.92
PUE,"Mayorazgo 21 Poniente, Pue.",-98.231111,19.010556,MAYPB,11.7,154.72,210.97
PUE,"Necaxa, Pue.",-98.000556,20.216667,NNEPB,84.7,373.7,208.7
PUE,"Observatorio de Puebla, Pue.",-98.166667,19.05,PUOPB,5.2,225.4,180.3
PUE,"Oyameles, Pue.",-97.533333,19.7,OYAPB,37.0,177.04,136.03
PUE,"Paso Carretas, Pue.",-97.251389,18.918056,PCRPB,18.5,127.5,170.5
PUE,"Patla, Pue.",-97.883333,20.233333,PTLPB,71.5,381.8,232.6
PUE,"Piaxtla, Pue.",-98.26472199999999,18.2,PIXPB,0.0,214.61,179.75
PUE,"Quimixtlán, Pue.",-97.616667,19.25,QUIPB,63.5,273.41,231.4
PUE,"Rancho Nuevo (Ayotoxco), Pue.",-97.401667,20.116111,RNAPB,196.0,180.5,95.51
PUE,"San Miguel Canoa, Pue.",-97.91,18.735,SMCPB,6.0,196.27,383.72
PUE,"Sontalaco, Pue. CFE.",-97.486389,19.952778,STLPB,152.8,214.96,247.05
PUE,"Tecamachalco, Pue.",-97.7525,18.878889,TECPB,5.7,116.7,174.3
PUE,"Tehuacán, Pue.",-97.395556,18.479167,TEHPB,0.0,158.02,166.02
PUE,"Teotlalco, Pue.",-98.777222,18.451944,TELPB,0.0,322.4,202.0
PUE,"Tepango de Rodríguez, Pue.",-97.7925,20.004444,TDRPB,203.5,257.5,276.7
PUE,"Tepexic, Pue.",-97.794167,20.000833,TEPPB,80.0,371.1,188.6
PUE,"Tepeyac, Pue.",-96.861389,18.483611,TYAPB,68.3,191.66,401.13
PUE,"Tepeyahualco, Pue.",-97.49194399999999,19.489167000000002,TPYPB,17.0,140.0,100.04
PUE,"Tetela de Ocampo, Pue.",-97.80583299999999,19.829444,TEOPB,39.8,125.01,187.0
PUE,"Teziutlán, Pue.",-97.956944,19.815278,TEZPB,94.5,168.05,207.51
PUE,"Tlacotepec de Díaz, Pue.",-96.849722,18.405,TLPPB,116.0,404.02,320.0
PUE,"Venustiano Carranza, Pue.",-97.675833,20.510278,VENPB,132.3,217.31,79.2
PUE,"Xicotepec de Juárez, Pue.",-97.956944,20.277222000000002,XDJPB,104.8,384.1,308.81
PUE,"Zacapoaxtla, Pue.",-97.585,19.859722,ZCPPB,81.4,155.41,162.7
PUE,"Zaragoza, Pue.",-97.832778,20.178611,ZRGPB,79.0,183.0,179.0
PUE,"Zoquitlán, Pue.",-97.01138900000001,18.332222,ZOQPB,50.0,244.01,320.0
PUE,"Ávila Camacho, Pue.",-97.881111,20.385832999999998,AVCPB,95.0,246.5,251.01
QRO,"Constitución de 1917, Qro.",-100.080278,20.418611,CNSQT,13.7,150.72,71.4
QRO,"El Batán, Qro.",-100.354167,20.5025,BATQT,5.0,201.1,135.0
QRO,"El Marqués, Qro.",-100.23,20.62,MARQT,11.3,124.7,60.3
QRO,"El Pueblito, Qro.",-100.453333,20.535,EPUQT,8.0,236.1,163.0
QRO,"Gerencia Hidalgo, Qro.",-100.366667,20.566667000000002,GHQQT,9.1,225.6,103.7
QRO,"Jalpan, Qro.",-99.479722,21.230278,JLPQT,43.9,185.8,163.2
QRO,"Juriquilla, Qro.",-100.45,20.7,JRQQT,15.7,357.9,108.1
QRO,"Observatorio de Querétaro, Qro.",-100.366667,20.566667000000002,OBSQT,8.8,223.9,229.4
QRO,"Peñamiller, Qro.",-99.815,21.055833,PMLQT,20.0,89.3,137.9
QRO,"San Ildefonso, Qro.",-99.9625,20.198611,IDFQT,8.6,185.5,121.8
QRO,"San José, Qro.",-100.0,20.3625,SJSQT,15.7,166.5,82.2
QROO,"Cancún, Q. Roo.",-86.820278,21.156667000000002,CANQR,75.5,240.71,24.2
QROO,"Chetumal, Q. Roo.",-88.3275,18.500556,CHOQR,52.0,221.72,136.64
QROO,"Cozumel, Q. Roo.",-86.946111,20.51,COZQR,56.2,249.1,44.6
QROO,"Felipe Carrillo Puerto, Q. Roo.",-88.045,19.575556,FCRQR,56.9,390.01,37.0
QROO,"Playa del Carmen, Q. Roo.",-87.07777800000001,20.634444000000002,PDCQR,106.0,145.1,49.6
SIN,"Adolfo López Mateos, Sin.",-107.388333,25.101389,ALMSI,18.0,139.0,3.0
SIN,"Ahome, Sin.",-109.183333,25.916667,AHMSI,0.0,37.0,4.61
SIN,"Andrew Weiss, Sin.",-107.46666699999999,25.033333,AWSSI,15.0,182.6,6.51
SIN,"Bacurato (hidro) presa Gustavo Diaz Ordáz, Sin.",-107.91194399999999,25.855278,GD2SI,19.0,111.01,5.03
SIN,"Badiraguato, Sin.",-107.5375,25.333333,BDRSI,40.0,123.5,14.01
SIN,"Choix Estación, Sin.",-108.329167,26.736110999999998,CHXSI,0.0,82.3,0.5
SIN,"Culiacán, Sin.",-107.4,24.816667000000002,CLCSI,9.0,71.61,2.41
SIN,"El Carrizo, Sin.",-109.33333300000001,26.1,CRRSI,0.0,21.5,0.0
SIN,"El Fuerte, Sin.",-108.61666699999999,26.433333,EFTSI,0.0,60.9,0.0
SIN,"El Sabinal (hidro), Sin.",-108.316667,26.083333,GB2SI,34.5,45.21,0.03
SIN,"El Varejonal (hidro), Sin.",-107.38333300000001,25.090278,AL2SI,18.0,145.82,27.01
SIN,"El Zopilote, Sin.",-108.35972199999999,25.741667,ZOPSI,4.1,45.04,0.0
SIN,"Estación Rancho Viejo, Sin.",-107.75583300000001,25.124722,RAVSI,21.0,14.01,0.03
SIN,"Guamúchil, Sin.",-108.09166699999999,25.469444,GMCSI,36.6,36.51,3.0
SIN,"Guasave, Sin.",-108.46666699999999,25.716667,GSVSI,10.2,47.8,0.0
SIN,"Guatenipa, Sin.",-107.225,25.344444,GTNSI,9.5,129.8,2.0
SIN,"Gustavo Díaz Ordaz, Sin.",-107.911111,25.856667,GDOSI,19.0,111.0,5.0
SIN,HUITES (HIDRO),-108.35,26.904166999999998,LD2SI,0.0,157.02,0.0
SIN,"Higuera de Zaragoza, Sin.",-109.33333300000001,25.983333,HDZSI,0.0,57.2,0.0
SIN,"Ing. Aurelio Benassini Vizcaino, Sin.",-106.69583300000001,24.121944,SLTSI,35.0,95.01,4.01
SIN,"Ing. Guillermo Blake Aguilar, Sin.",-108.3275,28.95,GBESI,2.0,45.2,0.0
SIN,"Ixpalino, Sin.",-106.59583300000001,23.955556,IXPSI,34.4,79.53,4.41
SIN,"Jaina, Sin.",-108.01388899999999,25.9,JNASI,21.5,60.04,1.04
SIN,"Josefa Ortiz de Domínguez, Sin.",-108.7025,26.426944,JORSI,0.0,32.0,0.0
SIN,"José López Portillo, Sin.",-106.807222,24.571667,JLPSI,9.5,172.01,27.0
SIN,"Juan Guerrero Alcocer, Sin.",-107.059444,24.753611,JGRSI,0.0,133.0,3.0
SIN,"Las Tortugas, Sin.",-105.846944,23.088333,TORSI,26.0,93.7,7.2
SIN,"Lic. Eustaquio Buelna, Sin.",-108.065556,25.484722,EBLSI,36.5,36.5,3.0
SIN,"Los Mochis, Sin.",-109.0,25.8,MCHSI,0.0,48.3,0.5
SIN,"Luis Donaldo Colosio, Sin.",-108.367778,26.844721999999997,LDCSI,0.0,157.0,0.0
SIN,"Mazatlán, Sin.",-106.4,23.233333,MZTSI,38.5,16.17,0.42
SIN,"Miguel Hidalgo, Sin.",-108.58,26.509721999999996,PMHSI,0.0,77.7,0.0
SIN,"Observatorio de Culiacán, Sin.",-107.440556,24.634722,OBSSI,15.4,65.2,1.6
SIN,"Quelite, Sin.",-106.46666699999999,23.5625,QLTSI,17.0,19.41,1.0
SIN,"Rosario, Sin.",-105.85,22.983333,RSRSI,34.0,64.0,3.0
SIN,"San Francisco, Sin.",-108.129167,26.9,TBRSI,10.4,118.0,11.3
SIN,"San Juan, Sin.",-107.5,25.3,SJNSI,21.0,68.13,8.12
SIN,"San Lorenzo, Sin.",-107.1,24.8,SLRSI,2.5,167.51,4.9
SIN,"Sanalona (hidro), Sin.",-107.15833300000001,24.813889,SN2SI,12.0,110.13,1.81
SIN,"Sanalona, Sin.",-107.151389,24.815,SNLSI,12.0,110.1,1.8
SIN,"Siqueros, Sin.",-106.25,23.35,SQRSI,25.5,25.83,1.3
SIN,"Sufragio, Sin.",-108.77916699999999,26.073611,SFRSI,0.0,33.01,0.0
SIN,"Vinoramas, Sin.",-107.059722,24.7475,VINSI,14.0,133.01,23.01
SLP,"Ballesmi, S.L.P.",-98.955833,21.748889000000002,BLMSL,214.6,119.0,113.6
SLP,"El Pujal, S.L.P.",-98.939722,21.847222,PUJSL,133.6,143.4,129.2
SLP,"Gallinas, S.L.P.",-99.23944399999999,21.906944,GANSL,88.0,131.6,194.8
SLP,"Las Adjuntas, S.L.P.",-98.55833299999999,21.972222,AJTSL,84.1,107.8,32.02
SLP,"Matehuala, S.L.P.",-100.642778,23.656944,MATSL,8.3,100.26,247.04
SLP,"Matlapa, S.L.P.",-98.8,21.333333,MTPSL,152.9,173.4,409.2
SLP,"Micos, S.L.P.",-99.159444,22.12,MICSL,45.4,189.2,280.3
SLP,"Ojo Caliente, S.L.P.",-100.762222,21.849722,OCTSL,9.0,161.53,75.86
SLP,"Pedro Montoya (San Ciro), S.L.P.",-99.830556,21.651111,PMYSL,18.3,87.61,88.42
SLP,"Requetemu, S.L.P.",-98.888611,21.425,RQTSL,97.4,143.8,310.6
SLP,"Río Verde, S.L.P.",-99.995,21.931389000000003,RVDSL,9.1,90.81,72.5
SLP,"San Luis Potosí, S.L.P.",-101.01916700000001,22.148056,SLPSL,11.6,120.0,189.0
SLP,"San Vicente, S.L.P.",-98.617222,21.692778,SVTSL,81.6,94.4,99.4
SLP,"Santa Rosa, S.L.P.",-99.05583299999999,22.02,STRSL,69.2,148.1,125.7
SLP,"Soledad Graciano, S.L.P.",-101.0,22.2,SGRSL,14.5,129.23,185.5
SLP,"Tamuín, S.L.P.",-98.773333,22.003611,TMISL,80.2,198.2,91.6
SLP,"Temamatla, S.L.P.",-98.758889,21.241111,TMTSL,228.2,88.0,351.3
SLP,"Tierra Blanca, S.L.P.",-98.857222,21.246667000000002,TBLSL,161.8,202.2,386.4
SLP,"Valentín Gama, S.L.P.",-100.82055600000001,21.88,IVGSL,9.0,161.53,75.86
SON,"Abelardo Rodríguez Lujan, Son.",-110.92,29.076666999999997,ARLSO,2.5,5.51,0.01
SON,"Aconchi, Son.",-110.22611100000002,29.825,ACNSO,4.5,18.01,0.01
SON,"Adolfo Ruíz Cortínes, Son.",-109.10666699999999,27.226111,ARCSO,0.0,38.1,0.0
SON,"Agua Caliente, Son.",-102.371667,21.78,AGCSO,0.5,82.11,0.01
SON,"Altar, Son.",-111.733333,30.716666999999998,ALTSO,7.1,0.0,0.0
SON,"Aribabi, Son.",-109.08861100000001,30.07,ARISO,0.3,35.71,0.01
SON,"Arizpe, Son.",-110.1675,30.335833,ARZSO,6.5,18.01,0.0
SON,"Bacanuchi, Son.",-110.238611,30.598889,BCNSO,10.7,51.51,1.02
SON,"Bacerac, Son.",-108.93166699999999,30.355278000000002,BCRSO,8.5,19.01,0.01
SON,"Banamichi, Son.",-110.215,30.003611,BNMSO,0.0,13.51,0.0
SON,"Cananea, Son.",-110.290833,30.98,CNNSO,13.0,31.15,6.11
SON,"Cazanate, Son.",-108.7625,26.603610999999997,CZNSO,0.0,125.02,0.01
SON,"Ciudad Obregón, Son.",-109.938056,27.5,COBSO,0.0,97.6,0.01
SON,"Cocoraque, Son.",-109.625,27.416666999999997,CCRSO,0.0,122.5,0.0
SON,"Cuauhtémoc, Son.",-111.51638899999999,30.873333000000002,CHTSO,34.5,21.5,0.0
SON,"El Cajón, Son.",-110.73638899999999,29.472222,CJNSO,6.5,18.0,0.0
SON,"El Cubil, Son.",-109.233333,29.2,ECBSO,6.9,44.01,0.0
SON,"El Oregano, Son.",-110.706111,29.229722,ORGSO,9.2,12.42,0.01
SON,"Empalme, Son.",-110.8,27.95,EPLSO,0.0,54.0,0.0
SON,"Guaymas, Son.",-110.85,27.95,GYMSO,0.0,23.3,0.02
SON,"Huachinera, Son.",-108.957222,30.210556,HSHSO,37.0,107.0,0.0
SON,"Ignacio R. Alatorre, Son.",-110.39694399999999,28.426389,IRASO,1.5,88.52,0.0
SON,"Imuris, Son.",-110.886944,30.761667,IMRSO,11.4,14.61,3.21
SON,"Ing. Rodolfo Félix Valdés, Son.",-110.72555600000001,29.2125,PMOSO,2.0,18.23,0.01
SON,"Lázaro Cárdenas, Son.",-109.37888899999999,30.437778,LCDSO,5.4,29.1,0.0
SON,"Nacozari, Son.",-109.6875,30.374444,NCZSO,25.2,26.2,0.01
SON,"Navojoa, Son.",-109.44333300000001,27.071944000000002,NVJSO,0.0,52.7,0.01
SON,"Nogales, Son.",-110.947222,31.318889000000002,NGLSO,14.0,21.2,0.0
SON,"Observatorio de Hermosillo, Son.",-110.91666699999999,29.066667,HM2SO,2.5,5.51,0.01
SON,"Paso Nacori, Son.",-109.08333300000001,29.433333,PDNSO,0.0,64.4,0.0
SON,"Pitiquito, Son.",-112.11666699999999,30.697778000000003,PTQSO,0.0,0.02,0.0
SON,"Plutarco Elías Calles, Son.",-109.642222,28.976667,PECSO,2.7,60.51,0.0
SON,"Punta de Agua 2, Son.",-110.308333,28.472222,PTASO,1.5,118.11,0.01
SON,"Querobabi, Son.",-111.02138899999999,30.050556,QRBSO,4.0,36.51,3.0
SON,"San Bernardo, Son.",-108.876667,27.411944000000002,SBNSO,16.7,116.92,0.02
SON,"San José de Pimas, Son.",-110.239167,28.713333000000002,SJPSO,3.0,41.02,0.0
SON,"San Luis Río Colorado, Son.",-114.78333300000001,32.483333,SLCSO,3.0,0.0,0.0
SON,"Santa Rosa 2, Son.",-111.445278,30.394721999999998,SRSSO,21.2,4.51,0.0
SON,"Sonoyta, Son.",-112.85,31.866667,NYNSO,10.4,4.6,0.0
SON,"Tepache, Son.",-109.5,29.534722,TPCSO,7.0,19.51,0.02
SON,"Tesocoma, Son.",-109.2125,27.658333000000002,TSOSO,3.5,148.5,2.5
SON,"Yécora, Son.",-108.927778,28.371389,YCRSO,7.0,92.22,0.02
SON,"Álvaro Obregón, Son.",-109.8925,27.8225,AOBSO,0.0,75.0,0.01
TAB,"Boca del Cerro, Tab.",-91.483333,17.433332999999998,BDCTB,26.9,125.6,407.8
TAB,"Cañón Usumacinta, Tab. SMN*",-91.229167,17.289722,CUSUMACINTA,76.8,170.6,206.6
TAB,"Cárdenas, Tab.",-93.413611,17.808889,CARTB,92.5,152.7,311.6
TAB,"El Porvenir, Tab.",-92.814722,18.043611,EPOTB,52.2,230.0,103.1
TAB,"González, Tab.",-93.0,17.975,GONTB,79.1,112.0,175.8
TAB,"Macuspana, Tab.",-92.6,17.766667,MACTB,126.2,57.9,327.5
TAB,"Oxolotán, Tab.",-92.753333,17.391667,OXOTB,189.7,75.1,295.3
TAB,"Paraíso, Tab. SMN*",-93.33,18.42,PARAISO,92.0,3.75,129.25
TAB,"Paredón HC, Tab. SGT*",-93.386111,17.769444,PAREDON,56.8,105.8,198.4
TAB,"Pueblo Nuevo, Tab.",-92.87916700000001,17.854167,PNVTB,51.3,123.7,116.3
TAB,"Puyacatengo, Tab.",-92.9375,17.566667000000002,PUYTB,144.4,141.4,440.7
TAB,"Samaria, Tab.",-93.291667,17.979167,SAMTB,54.8,118.6,153.9
TAB,"San Pedro, Tab.",-91.158333,17.791667,SPTTB,20.5,125.7,377.1
TAB,"Tapijulapa, Tab.",-92.81666700000001,17.466667,TAPTB,121.7,80.2,257.93
TAB,"Teapa, Tab.",-92.966667,17.566667000000002,TEATB,114.1,143.6,307.7
TAB,"Villahermosa Muelle, Tab.",-92.916667,17.98,EMUTB,25.0,191.3,135.2
TLAX,"Calpulalpan, Tlax.",-98.563889,19.586111,CPPTL,23.6,129.06,76.92
TLAX,"Cuapiaxtla, Tlax.",-97.769722,19.298889000000003,CUATL,4.1,220.1,151.26
TLAX,"El Carmen Tequexquitla, Tlax.",-97.6475,19.318056,ECTTL,0.0,126.02,84.55
TLAX,"Huamantla, Tlax.",-97.911111,19.315832999999998,HMTTL,11.5,140.5,136.8
TLAX,"Observatorio de Tlaxcala, Tlax.",-98.2,19.4,OBSTL,1.8,138.62,258.5
TLAX,"San José Atlanga, Tlax.",-98.200556,19.556110999999998,SJATL,8.0,237.81,130.0
TLAX,"Zacatelco, Tlax.",-98.24305600000001,19.219444,ZACTL,6.4,243.8,244.1
TLAX,"Zitlaltepec, Tlax.",-97.908056,19.200278,ZITTL,0.0,205.02,237.01
VER,"Acatlán, Ver.",-96.843889,19.695833,ACAVC,94.1,270.81,308.02
VER,"Actopan, Ver.",-96.5875,19.495,ACTVC,71.2,138.61,94.41
VER,"Agua Dulce, Ver.",-94.144444,18.141667,AGDVC,147.0,4.0,168.02
VER,"Altotonga, Ver.",-97.23472199999999,19.7625,ALTVC,113.8,85.35,403.31
VER,"Banderillas, Ver.",-96.94444399999999,19.588889,BANVC,113.0,256.5,128.0
VER,"Briones, Ver.",-96.93333299999999,19.483333,BRIVC,106.2,254.31,263.02
VER,"Canseco, Ver.",-95.11833299999999,18.415833,LDCVC,51.2,34.1,165.6
VER,"Cardel, Ver.",-96.374444,19.364722,CRDVC,32.9,96.45,146.52
VER,"Cerro Gordo, Ver.",-96.697778,19.433056,CEGVC,33.8,142.9,90.8
VER,"Chacaltianguis, Ver.",-95.8,18.3,CCLVC,30.7,142.4,145.7
VER,"Chicomapa, Ver.",-96.853611,18.563333,CHMVC,101.9,243.3,243.4
VER,"Coatepec, Ver.",-96.939444,19.453889,COAVC,92.4,192.21,197.21
VER,"Coatotolapan, Ver.",-95.295833,18.144444,CTTVC,36.4,74.22,96.85
VER,"Coatzacoalcos, Ver.",-94.4,18.1,COTVC,134.3,43.21,196.3
VER,"Coatzacoalcos, Ver. SEMAR*",-94.406667,18.149722,COATZACOALCOmar,151.7,83.76,150.8
VER,"Cosautlán de Carvajal, Ver.",-96.994444,19.332778,CDCVC,144.0,381.5,425.51
VER,"El Higo, Ver.",-98.443889,21.777222000000002,HGOVC,114.6,100.6,130.8
VER,"El Naranjillo, Ver.",-96.36,19.405832999999998,ENRVC,76.0,100.0,175.0
VER,"El Olivo, Ver.",-98.5125,21.840278,OLVVC,65.0,81.2,35.6
VER,"El Tejar, Ver.",-96.158333,19.068889000000002,ETEVC,54.4,233.1,186.8
VER,"Garro, Ver.",-95.556944,18.270556,GARVC,52.0,69.5,155.51
VER,"Huatusco, Ver.",-96.95083299999999,19.181667,HTSVC,64.5,299.51,298.3
VER,"Isla Lobos, Ver. SEMAR*",-97.2175,21.471667,ISLALOBOSmar,82.4,127.94,68.54
VER,"Jaltipán, Ver.",-94.666667,17.95,JALVC,210.7,160.1,69.3
VER,"Jamapa, Ver. SGT*",-96.241389,19.042778,JAMAPA,25.7,241.1,181.8
VER,"Jesús Carranza, Ver.",-95.033333,17.433332999999998,JCRVC,79.0,70.0,102.85
VER,"La Cangrejera, Ver.",-94.330833,18.109444,LCAVC,207.0,40.51,141.02
VER,"La Joya, Ver.",-97.021111,19.603610999999997,JOYVC,66.7,316.21,443.81
VER,"Las Perlas, Ver.",-94.916667,17.416667,LPEVC,66.5,74.8,133.4
VER,"Las Vigas de Ramírez, Ver.",-97.1,19.65,LVRVC,69.0,98.3,216.3
VER,"Lauchapan, Ver.",-95.35,18.25,LAUVC,91.3,58.42,215.9
VER,"Libertad, Ver.",-96.97833299999999,20.051944,LIBVC,138.2,79.48,158.81
VER,"Loma Grande, Ver.",-97.231944,18.922778,LGRVC,25.0,173.02,224.01
VER,"Manlio Fabio Altamirano, Ver.",-96.333333,19.15,MFAVC,14.1,140.05,64.04
VER,"Martínez de la Torre, Ver.",-97.048333,20.0675,MDTVC,160.7,62.36,146.54
VER,"Minzapan, Ver.",-94.771111,18.135278,MNZVC,65.1,174.52,194.62
VER,"Misantla, Ver.",-96.833333,19.933332999999998,MZNVC,204.5,200.32,159.9
VER,"Naolinco, Ver.",-96.872222,19.65,NAOVC,119.4,352.91,208.94
VER,"Observatorio de Xalapa, Ver.",-96.916667,19.533333,XOBVC,71.3,285.65,261.53
VER,"Orizaba, Ver.",-97.1,18.85,ORZVC,71.2,273.95,390.13
VER,"Otilpan, Ver.",-96.97,19.55,OTIVC,111.8,477.9,281.7
VER,"Papantla, Ver.",-97.31666700000001,20.45,PPNVC,73.5,228.0,59.32
VER,"Paso de Piedras, Ver.",-98.155833,21.7375,CHYVC,72.8,146.8,70.01
VER,"Perote, Ver.",-97.238889,19.580556,PERVC,39.0,60.42,97.37
VER,"Planta de Bombeo 1 de La Cangrejera, Ver.",-94.193611,17.872778,PCNVC,121.0,105.52,107.53
VER,"Planta de Bombeo 2 de La Cangrejera, Ver.",-94.253889,17.954444,CB2VC,118.0,99.01,119.61
VER,"Planta de Bombeo 3 de La Cangrejera, Ver.",-94.3775,18.103610999999997,PB3VC,202.0,22.01,174.5
VER,"Platón Sánchez, Ver.",-98.335278,21.293611,PSNVC,168.0,104.62,154.2
VER,"Potrero Nuevo, Ver.",-96.795278,18.888056,PTNVC,40.0,343.72,352.41
VER,"Poza Rica, Ver.",-97.47833299999999,20.540833,PRCVC,97.2,132.8,34.62
VER,"Presa el Moralillo, Ver.",-97.814444,21.184444,PEMVC,34.0,148.0,58.6
VER,"Pánuco, Ver.",-98.17277800000001,22.053333,PNCVC,90.8,94.2,169.6
VER,"Radar Alvarado, Ver.",-95.627778,18.716667,RALVC,191.6,96.8,226.81
VER,"San Andrés Tuxtla AC, Ver.",-95.212778,18.450833,STXVC,67.1,31.1,131.9
VER,"San José del Carmen, Ver.",-94.088889,17.873611,JDCVC,55.7,14.0,178.5
VER,"San Juan Evangelista, Ver.",-95.133333,17.883333,SJEVC,76.5,105.55,160.7
VER,"Sontecomapan, Ver.",-95.033333,18.516667,SONVC,282.4,103.9,327.6
VER,"Tamarindo, Ver.",-96.488889,19.338889,TAMVC,130.0,269.03,83.0
VER,"Tapachapan, Ver.",-96.966667,19.45,TAPVC,120.2,329.4,301.4
VER,"Tempoal, Ver.",-98.383333,21.517222,TMPVC,83.6,39.0,153.6
VER,"Tenochtitlán, Ver.",-96.916667,19.811111,TNCVC,189.8,158.8,185.7
VER,"Teocelo, Ver.",-96.966667,19.383333,TCOVC,83.0,631.0,242.0
VER,"Terrerillos, Ver.",-98.139167,21.036944000000002,TRRVC,131.6,131.4,243.0
VER,"Tierra Morada, Ver.",-94.163333,17.571944000000002,TMOVC,119.0,33.0,102.1
VER,"Tomata, Ver.",-97.2225,19.921944,TOMVC,100.0,389.91,232.23
VER,"Totutla, Ver.",-96.950278,19.233611,TOTVC,66.3,415.9,323.49
VER,"Tuxpan, Ver.",-97.4,20.955556,TXPVC,47.4,77.34,159.82
VER,"Veracruz, Ver.",-96.111111,19.154167,VERVC,94.3,335.23,180.8
VER,"Villa Tejeda, Ver.",-96.613889,19.022222,VTEVC,6.0,134.2,119.0
VER,"Xalapa CFE, Ver.",-96.85,19.55,XCFVC,80.0,234.42,268.22
VER,"Xalapa Magisterial, Ver.",-96.935556,19.547222,XMGVC,75.3,277.56,220.55
VER,"Xalapa Olmos, Ver.",-96.871667,19.511667000000003,XOLVC,79.7,110.11,153.14
VER,"Zalayeta, Ver.",-97.416667,19.433332999999998,ZALVC,12.0,93.5,68.0
VER,"Álamo Temapache, Ver.",-97.68,20.93,ALAVC,58.3,81.01,82.01
VER,"Ídolos, Ver.",-96.554167,19.404167,IDOVC,31.5,131.91,64.6
YUC,"Abala, Yuc.",-89.681111,20.649444,ABAYC,20.5,128.0,272.0
YUC,"Becanchén, Yuc.",-89.218889,19.883056,BECYC,70.0,181.0,48.01
YUC,"Cantamayec, Yuc.",-89.08166700000001,20.463055999999998,CANYC,12.5,132.5,54.0
YUC,"Centro de Investigación Científica, Yuc.",-89.638056,21.03,CICYC,1.8,94.4,163.81
YUC,"Chocholá, Yuc.",-89.829444,20.752778,CHOYC,19.3,215.2,404.7
YUC,"El Cuyo, Yuc.",-87.67666700000001,21.5125,CYOYC,29.9,155.5,23.21
YUC,"Emiliano Zapata, Yuc.",-89.583611,20.983889,EZAYC,2.5,133.91,258.0
YUC,"Fiuady, Yuc.",-89.642778,21.048889000000003,FIYYC,5.1,138.6,178.71
YUC,"Fuerza Aérea, Yuc.",-89.64416700000001,20.935278,FAEYC,8.9,97.42,190.22
YUC,"Mococha, Yuc.",-89.4375,21.105556,MOCYC,9.4,144.5,291.7
YUC,"Muna, Yuc.",-89.711667,20.493333,MUNYC,30.5,71.61,199.0
YUC,"Observatorio de Mérida, Yuc.",-89.651111,20.946389,MEOYC,10.0,107.71,284.01
YUC,"Organismo de Cuenca Península de Yucatán, Yuc.",-89.658056,20.984167000000003,GARYC,9.9,104.82,225.83
YUC,"Oxkutzcab, Yuc.",-89.394722,20.290556,OXKYC,28.0,113.03,241.5
YUC,"Peto, Yuc.",-88.93083299999999,20.1325,PETYC,28.0,246.05,117.04
YUC,"Progreso, Yuc.",-89.653889,21.275833,PROYC,13.9,119.52,132.5
YUC,"Río Lagartos, Yuc.",-88.160556,21.571667,RLAYC,64.7,131.81,54.8
YUC,"Río Lagartos, Yuc. SMN*",-88.160278,21.571111,RILYC,35.0,120.6,50.0
YUC,"Ticul, Yuc.",-89.55805600000001,20.397778,TICYC,14.5,103.3,211.71
YUC,"Tizimín, Yuc.",-88.1725,21.158610999999997,TIZYC,5.2,198.3,186.11
YUC,"Valladolid, Yuc.",-88.204167,20.69,VALYC,11.1,198.82,46.8
ZAC,"Achimec, Zac.",-103.225278,22.327222,ACHZC,29.2,106.8,87.32
ZAC,"Atolinga, Zac.",-103.45916700000001,21.811389000000002,ATGZC,8.5,204.1,58.5
ZAC,"Chalchihuites, Zac.",-103.879722,23.471944,TCHZC,23.2,112.7,63.0
ZAC,"El Cazadero, Zac.",-103.098333,23.693333,ELCZC,19.7,66.3,24.81
ZAC,"El Chique, Zac.",-102.896111,21.997222,CHIZC,51.8,134.0,65.5
ZAC,"El Saladillo, Zac.",-102.04083299999999,22.673056,ELSZC,17.9,213.32,57.53
ZAC,"Fresnillo, Zac.",-102.890833,23.173889000000003,FREZC,7.7,122.82,19.9
ZAC,"General Joaquín Amaro, Zac.",-103.093333,22.933332999999998,GJAZC,26.0,209.51,122.01
ZAC,"Gobernador Leobardo Reynoso, Zac.",-103.216944,23.18,LREZC,24.7,62.42,23.6
ZAC,"Guadalupe, Zac.",-102.50666700000001,22.746667000000002,GPEZC,43.3,142.61,80.2
ZAC,"Ing. Julián Adame Alatorre, Zac.",-102.86416700000001,22.120556,TAYZC,38.5,155.1,61.11
ZAC,"Jerez, Zac.",-103.001944,22.642778,JERZC,49.7,172.8,36.31
ZAC,"José María Morelos, Zac.",-103.3375,21.588889,VILZC,39.9,243.3,29.01
ZAC,"La Bufa, Zac.",-102.56694399999999,22.778889000000003,LBUZC,7.5,156.9,43.1
ZAC,"La Florida, Zac.",-103.60305600000001,22.686944,LFLZC,49.5,129.53,20.0
ZAC,"Llano Blanco, Zac.",-102.660556,22.996944,LLBZC,18.9,134.61,49.43
ZAC,"Loreto, Zac.",-101.985556,22.264722,LORZC,30.0,239.5,48.7
ZAC,"Manuel Felgueres, Zac.",-103.382778,22.845278,LOBZC,44.0,131.5,27.5
ZAC,"Mezquital del Oro, Zac.",-103.363889,21.2125,MORZC,77.0,167.5,77.5
ZAC,"Miguel Alemán, Zac.",-103.35,21.645833,EXCZC,26.1,186.62,33.34
ZAC,"Monte Escobedo, Zac.",-103.561667,22.306944,MRSZC,5.7,127.9,52.2
ZAC,"Moraleños, Zac.",-102.903611,21.711111,PMOZC,41.2,209.61,83.01
ZAC,"Nochistlán, Zac.",-102.845556,21.3575,NCTZC,46.2,194.81,40.02
ZAC,"Palomas, Zac.",-102.798056,22.347777999999998,PALZC,24.9,167.01,78.6
ZAC,"Pino Suárez, Zac.",-101.399167,22.1175,PINZC,30.5,161.9,63.7
ZAC,"Río Grande, Zac.",-103.02583299999999,23.816944,RGRZC,14.1,152.72,25.74
ZAC,"San Francisco, Zac.",-102.88444399999999,24.322222,SFOZC,40.3,40.52,51.13
ZAC,"Santa Rosa, Zac.",-103.108889,22.923610999999998,STRZC,30.6,105.02,49.6
ZAC,"Santa Teresa (Independencia Nacional), Zac.",-103.49583299999999,22.326667,STEZC,49.4,176.1,46.2
ZAC,"Santiago, Zac.",-103.506111,24.288611,SGOZC,26.9,78.0,53.12
ZAC,"Sombrerete, Zac.",-103.636667,23.638889000000002,SOMZC,13.7,77.9,25.2
ZAC,"Tlaltenango, Zac.",-103.309444,21.773611,TLLZC,25.5,218.73,65.43
ZAC,"Villa Hidalgo, Zac.",-101.71583299999999,22.3475,VHGZC,35.3,220.9,49.3
ZAC,"Zacatecas, Zac.",-102.576667,22.761389,ZACZC,34.1,236.0,44.32
