LON,LAT,EDO,CLAVE_SIH,NOMBRE,JUN
-102.309722,21.895,AGS,AGSAG,"Aguascalientes, Ags.",44.19
-102.466944,22.188611,AGS,ANVAG,"Cincuenta Aniversario, Ags.",33
-102.712222,21.849167,AGS,CALVILLO,"Calvillo, Ags. SMN*",101.27
-102.676944,21.9975,AGS,CDRAG,"La Codorniz, Ags.",35
-102.189167,21.826667,AGS,CLVAG,"Calvillo, Ags.",70.22
-102,21.896389,AGS,CNSAG,"Los Conos, Ags.",46.72
-102.296667,22.362778,AGS,CSOAG,"CosÌo, Ags.",17.28
-102.356944,22.121667,AGS,JCQAG,"Jocoque, Ags.",24.32
-102.788333,21.8075,AGS,MNLAG,"Media Luna, Ags.",96.42
-102.371667,21.78,AGS,NGRAG,"El Niagara, Ags.",19.96
-102.001944,22.020556,AGS,NVLAG,"El Novillo, Ags.",78.5
-102.290556,21.850833,AGS,OBSAG,"Observatorio de Aguascalientes, Ags.",39.64
-102.465,22.189167,AGS,P50ANIV,"Presa Cincuenta Aniversario, Ags. SMN*",32.8
-101.966667,21.916667,AGS,PALAG,"Palo Alto, Ags.",49
-102.291944,22.1625,AGS,PBLAG,"PabellÛn, Ags.",24.73
-102.417222,22.141111,AGS,PECAG,"Plutarco ElÌas Calles, Ags.",48.03
-102.133333,22.202778,AGS,PTOAG,"Puerto de la ConcepciÛn, Ags.",32.6
-102.4375,22.235,AGS,PTRAG,"Derivadora PabellÛn, Ags.",46.85
-102.108889,21.885,AGS,SNVAG,"Sandovales, Ags.",39
-102.127778,21.807778,AGS,TNJAG,"La Tinaja 2, Ags.",49
-102.0675,22.097778,AGS,VJZAG,"Villa Ju·rez, Ags.",116.03
-116.204167,32.271944,BC,AGHBN,"Agua Hechicera, B.C.",0
-116.908333,32.444722,BC,ALRBN,"Abelardo L. RodrÌguez, B.C.",0.01
-114.719167,29.727222,BC,CATAVINA,"CataviÒa, B.C. SMN*",0
-115.921667,32.042222,BC,CONST1857,"ConstituciÛn de 1857, B.C. SMN*",0
-116.696944,32.479444,BC,CRRBN,"El Carrizo, B.C.",0
-116.584444,32.243056,BC,CSRBN,"Carmen Serd·n, B.C.",0
-116.828333,32.468056,BC,EFLBN,"El Florido, B.C.",0
-116.6025,31.890278,BC,ELZBN,"Emilio LÛpez Zamora, B.C.",0
-115.931389,30.517222,BC,ENBBN,"San QuintÌn (Ejido Nuevo), B.C.",0
-115.15,32.411111,BC,ENLBN,"Ejido Nuevo LeÛn, B.C.",0
-116.302778,32.516389,BC,HNGBN,"El Hongo, B.C.",0
-114.728056,32.705,BC,JMRBN,"InterconexiÛn JosÈ MarÌa Morelos y PavÛn, B.C.",0
-116.811111,32.101944,BC,LAMBN,"La MisiÛn, B.C.",0
-115.27,32.39,BC,MXCBN,"Mexicali, B.C.",0
-114.729444,32.703889,BC,PDMBN,"Presa Derivadora Morelos, B.C.",0
-117.071389,32.3775,BC,PLAYAROSARITO,"Playa Rosarito, B.C. SMN*",0.4
-114.85,31.033333,BC,SFLBN,"San Felipe, B.C.",0
-116.661667,32.568611,BC,TECATE,"Tecate SMN, B.C.",0
-111.658333,25.001389,BCS,CCNBS,"Ciudad ConstituciÛn, B.C.S.",0
-109.9125,22.881944,BCS,CSLBS,"Cabo San Lucas, B.C.S.",0
-113.420833,27.783333,BCS,DORBS,"DÌaz Ordaz, B.C.S.",0
-114.05,27.966667,BCS,GNGBS,"Guerrero Negro, B.C.S.",0
-109.697222,23.680556,BCS,LBABS,"Los Barriles, B.C.S.",0
-110.366667,24.15,BCS,LPZBS,"La Paz, B.C.S.",0.01
-111.341667,26.016667,BCS,LRTBS,"Loreto, B.C.S.",0
-112,26.866667,BCS,MLGBS,"Mulege, B.C.S.",0
-111.829444,24.481111,BCS,PCORTESmar,"Puerto CortÈs SEMAR, B.C.S.",0
-109.983333,24.066667,BCS,PLNBS,"Los Planes, B.C.S.",0
-109.55,23.583333,BCS,RBRBS,"La Ribera, B.C.S.",0
-110.05,23.8,BCS,SANBS,"San Antonio, B.C.S.",0.01
-109.983333,24.066667,BCS,SARBS,"El Sargento, B.C.S.",0.01
-109.843889,23.738333,BCS,SBABS,"San Bartolo, B.C.S.",0
-109.708333,23.118889,BCS,SJCBS,"San JosÈ del Cabo, B.C.S.",0
-109.998611,23.555556,BCS,SLAGUNA,"Sierra La Laguna, B.C.S. SMN*",0
-109.716667,23.45,BCS,SNTBS,"Santiago, B.C.S.",0
-112.283333,27.3,BCS,SRLBS,"Santa RosalÌa, B.C.S.",0
-110.216667,23.433333,BCS,TSNBS,"Todos Santos, B.C.S.",0
-89.743889,20.003889,CAMP,BOLCA,"Bolonchen, Camp.",264
-90.575556,19.295,CAMP,CANCA,"Canasayab, Camp.",351.72
-91.761389,18.654167,CAMP,CARCA,"El Carmen, Camp.",304.1
-91.765278,18.658056,CAMP,CDCCA,"Ciudad del Carmen, Camp. SMN*",162
-90.72,19.361667,CAMP,CHMCA,"ChampotÛn, Camp.",233.51
-90.544167,19.838333,CAMP,CMPCA,"Campeche, Camp.",309.5
-91.046111,18.183056,CAMP,CNDCA,"Candelaria, Camp.",446.71
-90.507222,19.838611,CAMP,COBCA,"Observatorio de Campeche, Camp.",296.61
-89.723889,19.4625,CAMP,DZILBACHEN,"DzilbachÈn, Camp. SMN*",219.2
-90.741111,18.604444,CAMP,ESCCA,"Esc·rcega, Camp.",275.11
-90.105556,20.184167,CAMP,HECCA,"Hecelchakan, Camp.",310
-89.848333,19.751944,CAMP,HPOCA,"Hopelchen, Camp.",154.1
-90.820833,18.056944,CAMP,MONCLOVACAMP,"Monclova, Camp. SMN*",355.8
-90.221389,19.605833,CAMP,NYXCA,"Noh-YaxchÈ, Camp.",133.3
-90.374167,19.943333,CAMP,PETENES,"Los Petenes, Camp. SMN*",190.8
-92.086944,18.253056,CAMP,PLZCA,"Palizada, Camp.",360.5
-91.175833,18.972778,CAMP,SBNCA,"Sabancuy, Camp.",248.81
-89.860278,19.664444,CAMP,XCPCA,"Xcupil, Camp.",135.6
-102.585833,22.177222,CAMP,XPJCA,"Xpujil, Camp.",141.5
-107.482778,28.481667,CHIH,AGZCH,"Abraham Gonz·lez, Chih.",15.52
-107.255556,28.771667,CHIH,BACCH,"BachÌniva, Chih.",8.5
-108.206389,28.208889,CHIH,BSSCH,"Basaseachi, Chih.",43.9
-107.723611,27.033611,CHIH,BTPCH,"Batopilas, Chih.",8.2
-106.5,29.05,CHIH,C08099,"Majalca, Chih.",10
-108.533333,28.133333,CHIH,C08182,"Moris, Chih.",0
-108.083333,29.216667,CHIH,C08219,"PeÒitas, Chih.",6.5
-107.7,28.75,CHIH,C08243,"Tejolocachi, Chih.",68
-105.966667,28.7,CHIH,C08270,"La Mesa, Chih.",30.23
-107.930833,30.376667,CHIH,CAGCH,"Casas Grandes, Chih.",66.3
-105.171389,27.685556,CHIH,CCOCH,"Ciudad Camargo, Chih.",0.16
-105.446944,28.210833,CHIH,CDLCH,"Ciudad Delicias, Chih.",3.03
-106.770556,26.229444,CHIH,CHNCH,"Chinat˙, Chih. SMN*",54.79
-106.167778,28.570556,CHIH,CHUCH,"Chihuahua, Chih.",24.4
-106.400278,31.736667,CHIH,CJZCH,"Ciudad Ju·rez, Chih.",47
-105.381667,27.410278,CHIH,CL2CH,"Colina (hidromÈtrica), Chih.",44.5
-105.382222,27.576389,CHIH,CLNCH,"Ing. Andrew Weiss, Chih.",29.5
-108.541667,27.416667,CHIH,CNDCH,"Chinipas, Chih.",2
-106.871111,28.418611,CHIH,CUACH,"CuauhtÈmoc, Chih.",0
-106.119444,28.614722,CHIH,ERECH,"El RejÛn, Chih.",24.4
-105.628889,28.166111,CHIH,FIMCH,"Francisco I. Madero, Chih.",14.03
-107.072222,26.816667,CHIH,GCCCH,"Guachochi, Chih. SMN*",22.2
-108.3,29.2,CHIH,GPCCH,"Guapoca, Chih.",3.73
-107.072778,26.813056,CHIH,GRCCH,"Guerachi, Chih.",21.31
-107.879167,26.870833,CHIH,IGNCH,"San Ignacio, Chih.",4
-104.912778,27.126667,CHIH,JMNCH,"JimÈnez, Chih.",7
-105.414167,27.544722,CHIH,LBQCH,"La Boquilla, Chih.",67.02
-107.025833,29.88,CHIH,LJSCH,"Las Lajas, Chih.",19.31
-105.28,28.984444,CHIH,LLNCH,"Ing. Luis L. LeÛn, Chih.",45.53
-107.994167,27.858611,CHIH,MAGCH,"Maguarichi, Chih. SMN*",15.49
-104.410833,29.565,CHIH,OJNCH,"Ojinaga, Chih.",57
-105.254167,26.546389,CHIH,PAGCH,"Pico del ¡guila, Chih.",7.04
-105.620556,28.165278,CHIH,PFCOIMADERO,"Presa Francisco I. Madero, Chih. SGT*",7.5
-105.675556,26.917778,CHIH,PRRCH,"Parral, Chih.",68.4
-106.085556,28.656944,CHIH,QIJCH,"Observatorio de Chihuahua, Chih.",24.4
-107.973333,26.9425,CHIH,TB2CH,"Tubares II, Chih.",11.3
-107.85,28.95,CHIH,TMCCH,"TemÛsachic, Chih.",6.43
-107.384167,29.5625,CHIH,TNTCH,"El Tintero, Chih.",16.15
-107.9125,27.216667,CHIH,URECH,"Urique, Chih.",35.5
-107.916944,27.215556,CHIH,URICH,"Urique, Chih. SMN*",4.82
-105.16,26.738611,CHIH,VICCH,"Villa Coronado, Chih.",7.04
-105.806944,27.454444,CHIH,VZRCH,"Valle de Zaragoza, Chih.",43.51
-108.166667,29.666667,CHIH,YEPCH,"Yepachic, Chih.",13
-92.804167,16.552778,CHIS,ACACP,"Acala, Chis.",142.21
-92.778889,16.401389,CHIS,ANGCP,"Doctor Belisario DomÌnguez, Chis.",181.61
-92.300278,15.124722,CHIS,ARGOVIA,"Finca Argovia, Chis. OCFS*",680.1
-93.8975,16.241111,CHIS,AROCP,"Arriaga, Chis.",411.02
-92.905833,16.997222,CHIS,BOCHIL,"Bochil, Chis. OCFS*",170.4
-93.15,16.641944,CHIS,BOQCP,"BoquerÛn, Chis.",99.6
-92.716667,15.35,CHIS,CACCP,"Cacaluta, Chis.",523.51
-92.4875,16.308333,CHIS,CASCAJAL,"Cascajal, Chis. SGT*",149.6
-92.479167,16.308333,CHIS,CASCP,"Cascajal, Chis.",174.73
-92.483056,15.969167,CHIS,CATARINITAS,"Catarinitas, Chis. SGT*",255.4
-91.949722,17.85,CHIS,CATAZAJA,"Catazaj· SGT, Chis",168
-91.703333,17.472222,CHIS,CHACAMAX,"Chacamax, Chis. SGT*",296.8
-91.710278,16.383056,CHIS,CHAYABE,"Finca ChayabÈ OCFS, Chis.",399
-92.281389,15.750278,CHIS,CHICOMUSELO,"Chicomuselo, Chis. SGT*",197.6
-93.100556,16.941667,CHIS,CHICP,"Manuel Moreno Torres, Chis.",124.81
-92.283333,15.75,CHIS,CHMCP,"Chicomuselo, Chis.",194.4
-92.1,16.2,CHIS,COOCP,"Observatorio de Comit·n, Chis.",144.21
-92.575,15.204167,CHIS,DESCP,"Despoblado, Chis.",317.52
-92.590833,16.686111,CHIS,ELAGUAJE,"El Aguaje, Chis. SGT*",170.8
-92.95,15.495833,CHIS,ELNCP,"El Novillero, Chis.",404.02
-92.808056,15.656667,CHIS,ELTRIUNFO,"El Triunfo, Chis. SMN*",620.8
-92.755278,15.071111,CHIS,ENCRUCIJADA,"La Encrucijada, Chis. SMN*",142
-92.829444,17.373056,CHIS,ESCALONCP,"El EscalÛn SGT, Chis.",615.9
-92.666667,15.316667,CHIS,ESCCP,"Escuintla, Chis.",522.6
-92.67,15.33,CHIS,ESCUINTLA,"Escuintla SMN, Chis.",350.5
-93.125,16.975,CHIS,GRICP,"Grijalva, Chis.",88.02
-92.402778,14.997222,CHIS,HUECP,"Huehuet·n, Chis.",397.22
-92.472222,15.133333,CHIS,HUICP,"Huixtla, Chis.",456.2
-92.471389,15.146944,CHIS,HUIXTLA,"Huixtla, Chis. OCFS*",442.9
-92.184722,14.626111,CHIS,ILRAYON,"Ignacio LÛpez RayÛn, Chis. OCFS*",128
-92.72,15.886111,CHIS,JALTENANGO,"Jaltenango, Chis. SGT*",335
-92.725,15.866667,CHIS,JAPCP,"Jaltenango, Chis.",310.96
-93.381389,17.364167,CHIS,JDGCP,"Juan de Grijalva, Chis.",334.4
-92.898611,15.996389,CHIS,JSBCP,"Juan Sabines, Chis.",312.13
-93.598889,17.178611,CHIS,MALCP,"NezahualcÛyotl, Chis.",168.1
-92.883333,15.45,CHIS,MAPCP,"Mapastepec, Chis.",465.53
-92.0025,16.002222,CHIS,MOZCP,"Mozotal, Chis.",200.3
-93.631667,16.493889,CHIS,NVAPALESTINA,"Nueva Palestina, Chis. SGT*",323.6
-93.150556,17.220556,CHIS,OCOCP,"Ocotepec, Chis.",260.1
-92.3375,16.851111,CHIS,OXCHUC,"Oxchuc, Chis. SGT*",143.2
-91.968056,15.848611,CHIS,PCOCP,"Puente Concordia, Chis.",90.61
-93.458611,17.446111,CHIS,PENCP,"¡ngel Albino Corzo, Chis.",284.83
-93.113889,17.511944,CHIS,PICCP,"Pichucalco, Chis.",279.5
-93.216667,15.691667,CHIS,PIJCP,"Pijijiapan, Chis.",299.21
-93.186667,16.753889,CHIS,PTECLUBCAMP,"Puente Club Campestre, Chis. SGT*",151
-93.552778,17.348333,CHIS,RCACP,"RÛmulo Calzada, Chis.",187.2
-92.666667,15.916667,CHIS,REFCP,"Reforma, Chis.",272.6
-93.079167,16.158333,CHIS,REVCP,"RevoluciÛn Mexicana, Chis.",260.8
-92.35,17.566667,CHIS,SAACP,"Salto de Agua, Chis.",424.2
-93.741111,16.699722,CHIS,SANTALUCIAHM,"Santa LucÌa, Chis. SGT*",102.6
-93.383333,17.425,CHIS,SAYCP,"Sayula, Chis.",403.6
-92.633333,16.733333,CHIS,SCOCP,"Observatorio de San CristÛbal, Chis.",224
-92.616667,16.741667,CHIS,SCRCP,"Puente Morelos (San CristÛbal CabaÒas), Chis.",286.61
-92.105556,15.775,CHIS,SDOCP,"Santo Domingo, Chis.",195.9
-92.321944,15.558056,CHIS,SILTEPEC,"Siltepec, Chis. SGT*",272.6
-93.55,17.35,CHIS,SITALA,"Sitala, Chis. SGT*",251.2
-92.916667,17.5,CHIS,SJOTB,"San JoaquÌn, Chis.",361.6
-92.239444,15.775,CHIS,SMICP,"San Miguel, Chis.",102.65
-92.820833,16.938889,CHIS,SNACP,"Santa MarÌa, Chis.",149.01
-92.266667,14.9,CHIS,TAMCP,"Tapachula (Malpaso), Chis.",722.51
-92.183333,14.9,CHIS,TAPCP,"Tapachula, Chis.",324.3
-93.383333,17.425,CHIS,TAPILULA,"Tapilula, Chis. SGT*",320.3
-93.529167,15.875,CHIS,TPICP,"Tres Picos, Chis.",375.2
-93.1,16.761944,CHIS,TUXCP,"Tuxtla Oriente, Chis.",231.21
-93.133333,16.75,CHIS,TXOCP,"Observatorio de Tuxtla GutiÈrrez, Chis.",118.81
-93.068056,16.716944,CHIS,TXZCP,"Tuxtla GutiÈrrez Zoomat, Chis.",196.91
-93.270833,16.233333,CHIS,VIFCP,"Villa Flores, Chis.",262.73
-93.330556,17.116667,CHIS,YAMCP,"YamonhÛ, Chis.",157.3
-91.729722,16.909167,CHIS,YAQUINTELA,"Yaquintela, Chis. SGT*",159.8
-92.050556,16.116389,CHIS,ZAPALUTA,"Zapaluta, Chis. SGT*",119.7
-100.837222,28.344444,COAH,ADLCL,"Allende, Coah.",38
-101.057222,29.446944,COAH,AMSCL,"Internacional La Amistad, Coah.",130.51
-100.929722,25.561111,COAH,ARACL,"Ramos Arizpe Aeropuerto, Coah.",23.9
-101.116667,29.15,COAH,CBRCL,"Cabeceras, Coah.",88
-102.064444,26.983333,COAH,CCGCL,"Cuatro CiÈnegas, Coah.",31.31
-100.950278,29.327778,COAH,CDACL,"Ciudad AcuÒa, Coah.",228.02
-100.661111,26.844444,COAH,CDLCL,"Candela, Coah.",26
-100.95,29.213611,COAH,CNTCL,"El Centenario, Coah.",176.6
-103.338333,25.695833,COAH,CUICL,"El Cuije, Coah.",25.5
-103.469167,25.542222,COAH,CYTCL,"Coyote, Coah.",34.13
-100.920833,25.436111,COAH,ESLCL,"E. C. Saltillo, Coah.",59.71
-103.262778,25.773889,COAH,FIMCL,"Francisco I. Madero, Coah.",11
-100.954444,29.329167,COAH,LASVACASC,"Las Vacas, Ciudad AcuÒa CILA, Coah.",183.4
-100.832222,28.82,COAH,LFGCL,"La Fragua, Coah.",12.5
-103.228056,25.527778,COAH,MATCL,"Matamoros, Coah.",33.54
-101.4225,26.908333,COAH,MCVCL,"Monclova, Coah.",64.2
-101.711389,28.013056,COAH,MORELOSMUZQUIZ,"Morelos M˙zquiz, Coah. SMN*",110
-101.33,27.92,COAH,NUEVAROSITA,"Nueva Rosita, Coah. SMN*",106.75
-102.181667,25.440833,COAH,PARCL,"Parras, Coah.",51.3
-100.5325,28.706667,COAH,PNGCL,"Piedras Negras, Coah.",100.3
-101.002222,27.422222,COAH,PRSCL,"Progreso, Coah.",54.02
-100.634444,28.898611,COAH,RioSanRodrigoC,"Rio San Rodrigo cerca El Moral. Piedras Negras Coah., CILA*",87.25
-100.575556,25.273333,COAH,SAACL,"San Antonio de las Alazanas, Coah.",28
-101.016667,25.376389,COAH,SALCL,"Observatorio de Saltillo, Coah.",61.01
-100.730833,29.071944,COAH,SANDIEGOC,"San Diego Jimenez, Coah. CILA*",114.25
-101.213056,28.399444,COAH,SANTACECILIA,"Santa Cecilia, Coah. SMN*",39.29
-101.122778,27.846667,COAH,SBNCL,"Sabinas, Coah.",122.51
-100.953889,29.034167,COAH,SMGCL,"San Miguel, Coah.",150
-103.699722,27.285278,COAH,SMJCL,"Sierra Mojada, Coah.",16
-102.979444,25.7575,COAH,SPECL,"San Pedro, Coah.",20.34
-101.016667,25.376389,COAH,STOCL,"Saltillo, Coah.",24.32
-103.45,25.541667,COAH,TORCL,"Observatorio de TorreÛn, Coah.",34.31
-100.616111,27.515,COAH,VCRCL,"Venustiano Carranza, Coah.",9.52
-100.898889,29.033889,COAH,ZPTCL,"Zapata, Coah.",164
-103.611389,19.248611,COL,BVSCM,"Buena Vista, Col.",147.01
-103.723611,18.754722,COL,CDOCM,"Cerro de Ortega, Col.",46.62
-103.702778,19.295,COL,CHNCM,"El Chanal, Col.",80.11
-103.6325,18.813056,COL,CLLCM,"Callejones, Col.",64.51
-103.757222,19.3175,COL,CMLCM,"Comala, Col.",73.83
-103.804167,19.2125,COL,CQMCM,"Coquimatl·n, Col.",50.2
-103.6,19.325,COL,CUACM,"CuauhtÈmoc, Col.",60.7
-103.884444,19.111389,COL,DJLCM,"Derivadora Jala (Madrid), Col.",49.21
-103.866389,19.17,COL,LAECM,"La Esperanza, Col.",26.8
-103.774167,18.809167,COL,LDACM,"Laguna de Amela, Col.",52.74
-103.725278,19.223333,COL,LPSCM,"La Posta, Col.",80.81
-104.297778,19.069167,COL,MANZANILLOmar,"Manzanillo, Col. SEMAR*",15.23
-104.318333,19.044444,COL,MNZCM,"Manzanillo, Col.",38.8
-103.816667,19.266667,COL,PNTCM,"PeÒitas, Col.",95
-103.725278,19.223333,COL,RDRCM,"Radar, Col.",21.8
-103.700833,19.408333,COL,SCHCM,"Suchitl·n, Col.",95.3
-103.9175,19.463611,COL,SMANANTLANI,"Sierra Manatl·n 1, Col. SMN*",50.6
-103.882778,18.925556,COL,TCMCM,"Tecom·n, Col.",55.01
-103.396667,18.967222,COL,TRJCM,"Solidaridad, Col.",126.31
-103.663333,19.2775,COL,TRPCM,"Trapiche, Col.",90.91
-99.210278,19.218611,DF,AJSDF,"Ajusco, Cd. de MÈx.",35.81
-99.171667,19.453333,DF,CBIDF,"Escuela Nacional de Ciencias BiolÛgicas IPN, Cd. de MÈx. SMN*",66.35
-99.180556,19.346667,DF,CCUDF,"Centro Universitario, Cd. de MÈx.",157.73
-98.999444,19.357222,DF,CDMDF,"C·rcel de Mujeres, Cd. de MÈx.",137.41
-99.1125,19.407778,DF,CDVDF,"Ciudad Deportiva, Cd. de MÈx.",165.12
-99.1375,19.516667,DF,CEADF,"Campamento Amealco, Cd. de MÈx.",157.42
-99.208333,19.155556,DF,CFSDF,"Caseta Forestal, Cd. de MÈx.",142.48
-99.1375,19.469722,DF,CMTDF,"Cien Metros, Cd. de MÈx.",209.02
-99.183333,19.486389,DF,CMYDF,"Campamento Mecoaya, Cd. de MÈx.",57.66
-99.09,19.190278,DF,CTNDF,"San Salvador Cuautenco, Cd. de MÈx.",173.99
-99.09,19.484167,DF,CYLDF,"Coyol, Cd. de MÈx.",146.79
-99.205,19.3,DF,DATDF,"DesviaciÛn Alta, Cd. de MÈx.",33
-99.131389,19.431111,DF,DDFDF,"Gobierno del D.F., Cd. de MÈx.",115.81
-99.309167,19.313333,DF,DTLDF,"Desierto de los Leones, Cd. de MÈx.",41.91
-99.15,19.383333,DF,DVLDF,"Del Valle, Cd. de MÈx.",30.98
-99.151944,19.300556,DF,EAZDF,"Estadio Azteca, Cd. de MÈx.",140.98
-99.286389,19.3625,DF,EYQDF,"El Yaqui, Cd. de MÈx.",130.31
-99.352222,19.295,DF,EZCDF,"El Zarco, Cd. de MÈx.",74.68
-99.091667,19.478056,DF,GCNDF,"km 6+250 (Gran Canal), Cd. de MÈx.",162.8
-99.2625,19.308056,DF,HYTDF,"Huayatla, Cd. de MÈx.",2.25
-99.066667,19.377778,DF,LU4DF,"Lumbrera 4 RÌos, Cd. de MÈx.",104.9
-99.3,19.340556,DF,LVNDF,"La Venta, Cd. de MÈx.",174.21
-99.283333,19.216667,DF,MAGDF,"Monte Alegre, Cd. de MÈx.",250.7
-99.133889,19.403333,DF,MCRDF,"Marcos Carrillo, Cd. de MÈx.",84.33
-99.026944,19.187222,DF,MLPDF,"Milpa Alta, Cd. de MÈx.",9.62
-99.233056,19.187778,DF,MZTDF,"Calle Mezontepec (Abasolo), Cd. de MÈx.",164.83
-99.096389,19.316389,DF,OCSDF,"Organismo de Cuenca AVM Sur, Cd. de MÈx.",156.53
-99.100278,19.379167,DF,PBADF,"Planta de Bombeo Aculco, Cd. de MÈx.",53.85
-99.057778,19.433333,DF,PBCDF,"Planta de Bombeo Churubusco L., Cd. de MÈx.",112.78
-99.119444,19.486667,DF,PBLDF,"Planta de Bombeo Lindavista, Cd. de MÈx.",127.7
-99.037778,19.38,DF,PBODF,"Planta de Bombeo U. E. de Oriente, Cd. de MÈx.",130.78
-99.170556,19.435556,DF,PBTDF,"Planta de Bombeo Tizoc, Cd. de MÈx.",134.39
-99.2,19.413056,DF,PCHDF,"Puerta Chapultepec, Cd. de MÈx.",148.57
-99.097222,19.455833,DF,PGNDF,"Planta Generadora 101, Cd. de MÈx.",131.86
-99.076389,19.336944,DF,PLEDF,"Planta de Tratamiento La Estrella, Cd. de MÈx.",109.22
-99.068333,19.420278,DF,PLMDF,"Planta de Bombeo LÛpez Mateos, Cd. de MÈx.",160.54
-99.126389,19.365278,DF,PMLDF,"Planta de Bombeo Municipio Libre, Cd. de MÈx.",127.78
-99.090833,19.246389,DF,PNTDF,"Planta Nativitas, Cd. de MÈx.",119.65
-99.154444,19.513056,DF,PRMDF,"Planta de Tratamiento RÌo Magdalena, Cd. de MÈx.",133.35
-99.154444,19.513056,DF,PRRDF,"Planta de Tratamiento RÌo Remedios, Cd. de MÈx.",156.45
-99.023056,19.299167,DF,PSCDF,"Planta de Tratamiento Santa Catarina, Cd. de MÈx.",109.45
-99.05,19.233333,DF,PSLDF,"Planta San Luis, Cd. de MÈx.",135.37
-99.163889,19.468889,DF,PSNDF,"Planta de Bombeo Nueva Santa MarÌa, Cd. de MÈx.",112.77
-99.171111,19.263056,DF,PSPDF,"Pueblo San Pedro M·rtir, Cd. de MÈx.",161.04
-99.190278,19.509167,DF,PTRDF,"Planta de Tratamiento Rosario, Cd. de MÈx.",116.33
-99.126111,19.285833,DF,PVCDF,"Planta de Bombeo Villa Coapa, Cd. de MÈx.",207.27
-99.143056,19.331944,DF,PXTDF,"Planta Xotepingo, Cd. de MÈx.",51.07
-99.194167,19.296111,DF,RBTDF,"Rebombeo Bosque Tlalpan, Cd. de MÈx.",125.71
-99.17,19.4,DF,RCMDF,"Radio ComunicaciÛn, Cd. de MÈx.",146.8
-99,19.166667,DF,SANDF,"Santa Ana, Cd. de MÈx.",0
-99.275,19.328611,DF,SBADF,"San Bartolo Ameyalco, Cd. de MÈx.",194.79
-99.028889,19.338333,DF,SCMDF,"Santa Cruz Meyehualco, Cd. de MÈx.",195.84
-99.122222,19.572222,DF,SGDDF,"Sierra Guadalupe, Cd. de MÈx.",30.73
-99.066667,19.466667,DF,SJADF,"San Juan de AragÛn, Cd. de MÈx.",128.15
-99.009722,19.281389,DF,SPPDF,"San Pedro Tl·huac, Cd. de MÈx.",90.15
-98.960556,19.320833,DF,SSCDF,"SubestaciÛn ElÈctrica Santa Catarina, Cd. de MÈx.",152.91
-99.1425,19.556111,DF,TCMDF,"Tanque Chalmita, Cd. de MÈx.",143.77
-99.272222,19.373056,DF,TECDF,"Tanque el Cartero, Cd. de MÈx.",130.81
-99.246389,19.333889,DF,TELDF,"Tanque el Lienzo, Cd. de MÈx.",190.74
-99.098889,19.385556,DF,TEZDF,"Tezontle, Cd. de MÈx. SMN*",117.88
-99.211667,19.399167,DF,TNGDF,"Tri·ngulo, Cd. de MÈx.",115.3
-99.135833,19.199444,DF,TPJDF,"Topilejo, Cd. de MÈx.",127.26
-99.084722,19.440833,DF,TPNDF,"Tanque PeÒÛn, Cd. de MÈx.",134.11
-99.2125,19.361944,DF,TRGDF,"Tarango, Cd. de MÈx.",165.35
-99.248611,19.316667,DF,TSFDF,"Tanque San Francisco, Cd. de MÈx.",170.43
-99.228611,19.436389,DF,TSJDF,"Tanque San JoaquÌn, Cd. de MÈx.",119.38
-99.264444,19.359722,DF,TSLDF,"Trif. Santa LucÌa, Cd. de MÈx.",149.58
-98.970833,19.210278,DF,TTLDF,"Tetelco, Cd. de MÈx.",78.73
-99.211667,19.510278,DF,VDCDF,"Vaso de Cristo, MÈx.",78.22
-104.066111,25.263333,DGO,AM2DR,"AgustÌn Melgar, Dgo. SMN*",12.75
-104.7,24,DGO,CAGDR,"Campo AgrÌcola, Dgo.",8.91
-104.8,24.516667,DGO,CB2DR,"Caboraca (hidro), Dgo.",26.03
-104.810278,24.538333,DGO,CBRDR,"Caboraca, Dgo.",18.03
-104.123333,26.521667,DGO,CEBDR,"Ceballos, Dgo.",15.54
-104.121111,24.4375,DGO,CGVDR,"Ciudad Guadalupe Victoria, Dgo.",36.93
-103.521667,25.533333,DGO,CLRDR,"Ciudad Lerdo, Dgo.",34.53
-103.698889,24.871944,DGO,CNCDR,"CuencamÈ, Dgo.",11.51
-104.75,24.5,DGO,CNTDR,"Canatl·n, Dgo.",34.4
-104.666667,24.033333,DGO,DRGDR,"Durango, Dgo.",8.14
-103.960278,24.001667,DGO,FV2DR,"Francisco Villa (hidro), Dgo.",54.02
-103.960833,24.001667,DGO,FVLDR,"Francisco Villa, Dgo.",52
-103.773611,25.270833,DGO,FZRDR,"Francisco Zarco, Dgo.",22.52
-105.25,25.5,DGO,GESDR,"General Escobedo, Dgo.",4.75
-105.955556,25.934722,DGO,GNCDR,"Guanacevit, Dgo.",17.91
-104.9225,24.803889,DGO,GUADR,"GuatimapÈ, Dgo",33.63
-104.753056,23.961111,DGO,GVCDR,"Presidente Guadalupe Victoria, Dgo.",18.81
-104.751944,23.960278,DGO,GVHDR,"Guadalupe Victoria, Dgo. (hidro)",19.83
-103.983333,26.549722,DGO,LAFLOR,"La Flor de Jimulco, Dgo. SMN*",7.6
-105.015833,25.594167,DGO,LCRDR,"L·zaro C·rdenas, Dgo.",21.75
-103.283889,25.068056,DGO,LFLDR,"La Flor, Dgo.",50.01
-105.466111,24.185833,DGO,LVEDR,"Las Vegas, Dgo. SMN*",65.4
-104.246944,23.387778,DGO,MICHILIA,"La Michilia, Dgo. SMN*",84.8
-103.85,25.816667,DGO,MPMDR,"MapimÌ, Dgo.",73.51
-105.0475,23.899167,DGO,NAVDR,"NavÌos Viejos, Dgo.",80.2
-104.113889,25.225556,DGO,NZSDR,"Nazas, Dgo.",12.04
-104.655556,24.237222,DGO,PA2DR,"PeÒa del ¡guila, Dgo. (hidro)",2.53
-104.656667,24.203889,DGO,PAGDR,"PeÒa del ¡guila, Dgo.",2.51
-104.333056,24.538333,DGO,PDCDR,"P·nuco de Coronado, Dgo.",25.44
-104.558333,25.181944,DGO,RDODR,"Rodeo, Dgo.",40.51
-105.443056,25.225,DGO,SACDR,"SalomÈ Acosta, Dgo.",30.34
-105.331111,26.433056,DGO,SANANTONIO,"San Antonio, Dgo. SGT*",75.75
-104.673889,23.873333,DGO,SB2DR,"Santiago Bayacora (hidro), Dgo.",17
-105.526667,26.004444,DGO,SBEDR,"San Bernardo, Dgo.",40
-104.675833,23.874444,DGO,SBYDR,"Santiago Bayacora, Dgo.",17
-103.353056,24.469167,DGO,SCLDR,"Santa Clara, Dgo.",26.4
-103.079722,24.608333,DGO,SELDR,"Santa Elena, Dgo.",25.02
-105.560833,26.436667,DGO,SGBDR,"San Gabriel, Dgo.",23.01
-102.778056,24.630556,DGO,SJGDR,"San Juan de Guadalupe, Dgo.",13.04
-105.666667,23.75,DGO,SLTDR,"El Salto, Dgo.",179
-105.366667,25.953333,DGO,SMODR,"Santa MarÌa del Oro, Dgo.",55.8
-104.2925,25.564167,DGO,SPGDR,"San Pedro del Gallo, Dgo.",10.53
-105.422222,25.0375,DGO,SPPDR,"Santiago Papasquiaro, Dgo.",4.83
-105.566667,26.084444,DGO,SRDDR,"Sardinas, Dgo.",36.04
-106.538056,24.702222,DGO,TDRDR,"El Tule del Real, Dgo.",1.8
-103.441667,26.1125,DGO,THODR,"Tlahualilo, Dgo.",59
-106.975,24.933333,DGO,TMZDR,"Tamazula, Dgo.",2.73
-103.979722,24.810833,DGO,VGCDR,"Vicente Guerrero, Dgo.",16.56
-104.928889,26.2425,DGO,VHGDR,"Villa Hidalgo, Dgo.",98.01
-105.5025,26.440556,DGO,VILLAOCAMPO,"Villa Ocampo, Dgo. SMN*",38.6
-105.506111,26.447778,DGO,VOCDR,"Villa Ocampo, Dgo.",45.01
-99.906667,16.849722,GRO,ACAGR,"Acapulco, Gro.",147.3
-99.749167,16.762778,GRO,ACUGR,"Acapulco, Gro. SMN*",112.4
-99.516944,17.576389,GRO,AERGR,"Aeropuerto de Chilpancingo, Gro.",121.1
-100.5175,18.075833,GRO,AFIGR,"AndrÈs Figueroa, Gro.",173
-98.975278,17.719722,GRO,AHUGR,"Ahuacuotzingo, Gro.",72.4
-100.5,18.154167,GRO,AJCGR,"Ajuchitl·n, Gro.",108.5
-99.799722,16.751111,GRO,AOMGR,"Observatorio de Aeropuerto de Acapulco, Gro.",169
-100.44,17.209444,GRO,ATOYAC,"Atoyac SMN, Gro.",90.6
-100.433333,17.210278,GRO,ATYGR,"Atoyac, Gro.",149.3
-99.1,16.949444,GRO,AYUGR,"Ayutla, Gro.",302
-99.2,18.2,GRO,BVSGR,"Buena Vista, Gro.",236
-100.664444,18.359444,GRO,CALGR,"Ciudad Altamirano, Gro.",146.7
-99.701111,17.672222,GRO,CCHGR,"Chichihualco, Gro.",117.5
-100.089444,17.008889,GRO,CDBGR,"Coyuca de BenÌtez, Gro.",66.3
-99.5,17.545278,GRO,CHIGR,"Chilpancingo, Gro.",103.9
-99.175833,17.608611,GRO,CHLGR,"Chilapa, Gro.",130
-98.411944,16.47,GRO,CNLGR,"Cuajinicuilapa, Gro.",76.7
-99.851944,16.903889,GRO,CSMGR,"Colonia SimÛn BolÌvar, Gro.",59
-101.054444,17.376944,GRO,CYQGR,"Coyuquilla, Gro.",81
-99.995556,17.947778,GRO,ECAGR,"Ing. Carlos RamÌrez Ulloa, Gro.",57.4
-99.332778,18.3025,GRO,HTZGR,"Huitzuco, Gro.",196.2
-99.55,18.349722,GRO,IGLGR,"Iguala, Gro.",187.1
-99.524167,18.360278,GRO,IGUALA,"Iguala, Gro. SMN*",0.25
-98.513333,17.6225,GRO,IXTGR,"Ixcateopan de Tlapa, Gro.",184.9
-99.925278,16.873611,GRO,JNAGR,"Juan N. ¡lvarez, Gro.",184.5
-99.783333,16.966667,GRO,K21GR,"km 21, Gro.",79
-99.845556,16.932222,GRO,LCIGR,"L·zaro C·rdenas (Col. Industrial), Gro.",72.25
-101.003056,18.418611,GRO,LCLGR,"La Calera, Gro.",60.5
-100.018056,16.958333,GRO,LDCGR,"Laguna de Coyuca, Gro.",203
-99.235,16.76,GRO,LDGGR,"Las Vigas, Gro.",143
-99.503056,18.363333,GRO,LDTGR,"Laguna de Tuxpan, Gro.",184.5
-99.369167,17.471111,GRO,MCHGR,"Mochitl·n, Gro.",188.7
-99.799722,16.8,GRO,ODAGR,"Observatorio de Acapulco, Gro.",110.3
-99.5,17.6,GRO,ODZGR,"Observatorio de Zumpango, Gro.",118.5
-98.735,17.777222,GRO,OLNGR,"Olinala, Gro.",364
-98.433333,16.683333,GRO,OMEGR,"Ometepec, Gro.",205
-99.433333,17.984444,GRO,PETGR,"Petaquillas, Gro.",137.5
-99.915556,16.885,GRO,PSCGR,"Palma Sola-CamarÛn, Gro.",218
-98.500556,16.655833,GRO,QTZGR,"Quetzala, Gro.",198.8
-99.166111,16.823611,GRO,RMEGR,"RevoluciÛn Mexicana, Gro.",140.5
-100.472778,17.139444,GRO,SJEGR,"San JerÛnimo, Gro.",60.7
-99.482778,16.796389,GRO,SNMGR,"San Marcos, Gro.",202
-99.605278,18.554444,GRO,TAXGR,"Taxco, Gro.",261.8
-99.526389,17.1675,GRO,TCOGR,"Tierra Colorada, Gro.",51.1
-99.976389,17.789722,GRO,TLAGR,"Tlacotepec, Gro.",140.3
-98.6,17.5,GRO,TLPGR,"Tlapa, Gro.",141.8
-99.399444,17.568056,GRO,TXTGR,"Tixtla, Gro.",118.7
-100.265833,18.382778,GRO,VGRGR,"Vicente Guerrero, Gro.",147.5
-99.466111,18.295833,GRO,VTRGR,"Valerio Trujano, Gro.",126.2
-98.488333,17.903889,GRO,XXHGR,"Xochihuehuetl·n, Gro.",177
-99.933333,17.603333,GRO,YXTGR,"Yextla, Gro.",56
-101.545,17.863333,GRO,ZHTGR,"Zihuatanejo, Gro.",74.2
-101.516667,20.433333,GTO,ABSGJ,"Abasolo, Gto.",56.01
-100.716667,20.033333,GTO,ACNGJ,"Ac·mbaro, Gto.",114.07
-100.683333,20.533333,GTO,AEGGJ,"Apaseo el Grande, Gto.",114.3
-100.583333,20.55,GTO,AMCGJ,"Ameche, Gto.",86.52
-100.620833,20.454167,GTO,APSGJ,"Apaseo el Alto, Gto.",98.52
-101.625556,20.499167,GTO,ATBGJ,"Agua Tibia, Gto.",100.02
-101.631667,21.2925,GTO,BARBOSA,"Barbosa, Gto. ProtecciÛn Civil*",113.14
-101.833333,21.05,GTO,BRRGJ,"El Barrial, Gto.",27.05
-100.899722,20.280278,GTO,CBOGJ,"El Cubo, Gto. SGT*",17.4
-100.816667,20.533333,GTO,CLYGJ,"Celaya, Gto.",64.91
-101.474722,21.068056,GTO,COMGJ,"Comanjilla, Gto.",61
-100.363333,20.198333,GTO,CORGJ,"Coroneo, Gto.",89.9
-101.630278,20.506667,GTO,CORRALEJO,"Corralejo Hidalgo, Gto. ProtecciÛn Civil*",92.31
-101.666667,20.616667,GTO,CRMGJ,"Cuer·maro, Gto.",82.1
-100.95,20.483333,GTO,CRTGJ,"Cort·zar, Gto.",146
-100.9,20.95,GTO,CSRGJ,"Cinco SeÒores, Gto.",90.36
-101.666667,21.2,GTO,CSTGJ,"Los Castillos, Gto.",137.62
-100.933333,21.15,GTO,DHGGJ,"Dolores Hidalgo, Gto.",52.52
-101.835278,21.05,GTO,EBAGJ,"El Barrial, Gto.",9.81
-100.5,20.2,GTO,ECBGJ,"El Cubo, Gto.",133.55
-101.2,20.9,GTO,ECHGJ,"El ChapÌn, Gto.",169.52
-101.366667,20.733333,GTO,ECNGJ,"El Conejo, Gto.",70.42
-101.688056,21.173333,GTO,EPLGJ,"El Palote, Gto.",138.52
-101.7425,20.439167,GTO,GLNGJ,"La Golondrina, Gto.",98.01
-101.265,21.012222,GTO,GTOGJ,"Guanajuato, Gto.",98.01
-100.825833,20.848056,GTO,IALGJ,"Ignacio Allende, Gto.",95.73
-101.35,20.683333,GTO,IRPGJ,"Irapuato, Gto.",68.01
-100.516667,20.133333,GTO,JCRGJ,"JerÈcuaro, Gto.",45.22
-100.525833,20.610278,GTO,LADGJ,"Las Adjuntas, Gto.",128.8
-101.073056,20.286944,GTO,LDYGJ,"Laguna de Yuriria, Gto.",75.55
-101.666667,21.1,GTO,LENGJ,"LeÛn, Gto.",157.05
-100.866667,20.383333,GTO,LGVGJ,"Puente la Gavia, Gto.",163
-101.358889,20.276111,GTO,LJIGJ,"Las JÌcamas, Gto.",61.4
-101.106944,21.3225,GTO,LQMGJ,"La Quemada, Gto.",57.3
-101.931944,20.504444,GTO,MABGJ,"Mariano Abasolo, Gto.",47
-101.516667,21.633333,GTO,OCMGJ,"Ocampo, Gto.",107
-100.9,21.1,GTO,PDLGJ,"Puente Dolores, Gto.",44
-101.133333,20.516667,GTO,PERGJ,"Pericos, Gto.",118.85
-100.878333,21.105,GTO,PNLGJ,"PeÒuelitas, Gto.",55.6
-100.496111,21.22,GTO,POZGJ,"Pozos, Gto.",95.95
-101.287778,20.867222,GTO,PRSGJ,"La PurÌsima, Gto.",207.5
-101.216667,21.483333,GTO,SFEGJ,"San Felipe, Gto.",122
-101.016667,20.4,GTO,SJLGJ,"Santa Julia, Gto.",126.8
-101.199444,20.565278,GTO,SLMGJ,"Salamanca, Gto.",80.87
-100.516667,21.3,GTO,SLPGJ,"San Luis de la Paz, Gto.",47.2
-100.667222,20.051667,GTO,SLSGJ,"SolÌs, Gto.",75.08
-100.884722,20.214167,GTO,SLVGJ,"Salvatierra, Gto.",84.14
-101.016389,20.430833,GTO,SMAGJ,"San Miguel de Allende, Gto.",105.61
-100.745833,20.577778,GTO,SMOGJ,"San Miguel Octopan, Gto.",56.7
-101.066667,20.3,GTO,SRTGJ,"Santa Rita, Gto.",213.01
-100.75,20.283333,GTO,TARGJ,"Tarimoro, Gto.",184.55
-101.3,20.6,GTO,TEMGJ,"TemascatÌo, Gto.",210.23
-100.8,20.5,GTO,TGRGJ,"Tres Guerras, Gto.",75.4
-101.182222,20.388611,GTO,VDSGJ,"Valle de Santiago, Gto.",47.53
-100.0925,21.298889,GTO,XICGJ,"Xich˙, Gto.",126.91
-98.941667,20.268056,HGO,ACTHD,"Actopan, Hgo.",138.4
-98.333333,21.016667,HGO,ATCHD,"Atlapexco, Hgo.",173
-99.36,20.163889,HGO,ENDHD,"EndhÛ, Hgo.",138.52
-99.648889,20.371389,HGO,HCPHD,"Huichapan, Hgo.",132
-98.416667,21.15,HGO,HJTHD,"Huejutla, Hgo.",209.52
-99.706944,20.32,HGO,HUICHAPAN,"Huichapan, Hgo. SMN*",127.25
-99.220833,20.481944,HGO,IXMHD,"Ixmiquilpan, Hgo.",134.5
-98.128889,20.136111,HGO,LAGUNASGT,"La Laguna, Hgo. SGT*",227.3
-99.348056,20.056667,HGO,LASROSAS,"Las Rosas, Hgo. OCAVM*",22.5
-98.757222,20.591667,HGO,LMTHD,"Metztitl·n, Hgo.",86.01
-99.218611,20.2375,HGO,MXQHD,"Mixquiahuala, Hgo.",116.01
-98.6,21.166667,HGO,ORZHD,"San Felipe Orizatl·n, Hgo.",234.2
-98.7475,20.123333,HGO,PCOHD,"Observatorio de Pachuca, Hgo.",104.6
-98.334722,20.0575,HGO,PERHD,"La Esperanza, Hgo.",163.31
-99.329444,20.359722,HGO,PRGHD,"Javier Rojo GÛmez, Hgo.",145.04
-99.310833,19.963056,HGO,PRQHD,"Requena, Hgo.",96.01
-99.375833,20.435556,HGO,PVAHD,"Vicente Aguirre, Hgo.",136.04
-98.369444,20.083333,HGO,TLGHD,"Tulancingo, Hgo.",136.1
-99.385,19.835278,HGO,TXMHD,"Taxhimay, Hgo.",163.5
-99.501111,20.663333,HGO,ZMPHD,"Ing. Fernando Hiriart Balderrama, Hgo.",16.3
-98.647222,20.652778,HGO,ZXTHD,"Zacualtip·n, Hgo.",155.5
-103.133333,20.316667,JAL,ACHAPALAGDL,"Acueducto Chapala-Guadalajara, Jal. SGT*",47.2
-102.436944,21.599444,JAL,AJJJL,"Ajoj˙car, Jal.",42.5
-103.091944,20.397222,JAL,ATQJL,"Atequiza, Jal.",114.4
-103.446389,20.746667,JAL,BAZJL,"Base AÈrea Zapopan, Jal.",94.32
-104.061111,19.913611,JAL,BBAJL,"Basilio Vadillo, Jal.",58.51
-103.726111,22.4,JAL,BCSJL,"Bocas, Jal.",86.41
-103.783611,21.830556,JAL,BLNJL,"BolaÒos, Jal.",60.23
-103.465278,19.697778,JAL,CGZJL,"Ciudad Guzm·n, Jal.",145.01
-103.201944,20.290556,JAL,CHAJL,"Chapala 1 SMN, Jal.",43.19
-105.044722,19.498611,JAL,CHAMELA,"Chamela-Cuixmala, Jal. SMN*",9.6
-104.554444,19.628611,JAL,CHFJL,"El ChiflÛn, Jal",57.74
-104.566667,19.233333,JAL,CIHJL,"Cihuatl·n, Jal.",12.28
-103.25,22.133333,JAL,CLTJL,"Colotl·n, Jal.",74.7
-105.129722,19.9975,JAL,CPEJL,"CajÛn de PeÒa, Jal.",1.51
-104.780833,20.479722,JAL,CRNJL,"Corrinchis, Jal.",96.79
-101.7375,21.497778,JAL,CRTJL,"El Cuarenta, Jal.",22.32
-102.7825,20.341389,JAL,CUIJL,"Cuitzeo, Jal.",122.51
-105.05,20.583333,JAL,CULJL,"Cuale, Jal.",65.93
-102.85,21.133333,JAL,CUNJL,"La CuÒa, Jal.",84.7
-103.45,21.066667,JAL,CXTJL,"Cuixtla, Jal.",124.81
-104.285278,19.845833,JAL,ELCJL,"El Corcovado, Jal.",56.01
-103.333333,20.733333,JAL,EXPJL,"La Experiencia, Jal.",97.15
-103.373889,20.672778,JAL,GUAJL,"Guadalajara Centro, Jal.",96.12
-103.4,20.7,JAL,GUCJL,"Guadalajara los Colomos, Jal.",124.4
-104.497222,19.238333,JAL,HIGJL,"Higuera Blanca, Jal.",4.92
-103.651111,20.466944,JAL,HRTJL,"Hurtado, Jal.",98.01
-102.25,20.483333,JAL,HUAJL,"Huascato, Jal.",142.13
-102.705833,20.293889,JAL,JMYJL,"Jamay, Jal.",113.7
-103.644167,20.676389,JAL,LAPRIMAVERA,"La Primavera, Jal. SMN*",102.4
-103.12,20.18,JAL,LDCJL,"Lago de Chapala, Jal.",74.9
-101.919722,21.359722,JAL,LDMJL,"Lagos de Moreno, Jal.",58.99
-103.590833,19.592222,JAL,NEVADOCOLIMA,"Nevado de Colima, Jal. SMN*",57.6
-101.916667,21.366667,JAL,OLMJL,"Observatorio de Lagos de Moreno, Jal.",124.3
-103.361667,20.583889,JAL,PITJL,"ProtecciÛn a Infraestructura y AtenciÛn a Emergencias, Jal.",132.3
-104.105833,21.196944,JAL,PLYJL,"La Yesca, Jal.",36.8
-102.231944,20.491111,JAL,POLJL,"Ing. Guillermo Lugo Sanabria, Jal.",142.64
-104.05,20.55,JAL,RAMJL,"RÌo Ameca, Jal.",79.71
-101.835556,21.359167,JAL,SA1JL,"La Sauceda, Jal.",68.71
-101.85,21.35,JAL,SAUCEDACFE,"Sauceda, Jal. CFE*",16.75
-101.85,21.35,JAL,SAUJL,"La Sauceda, Jal.",70.51
-102.5,21.3,JAL,SGRJL,"San Gaspar de los Reyes, Jal.",71
-103.705556,20.908889,JAL,SRSJL,"Santa Rosa, Jal.",97.6
-102.583333,21.45,JAL,TCAJL,"Teocaltiche, Jal.",56.07
-103.198611,22.171944,JAL,TENJL,"Tenasco, Jal.",55.04
-103.316667,20.583333,JAL,TLAJL,"Tlaquepaque, Jal.",124.23
-103.419444,20.4425,JAL,TLAJOMULCO,"Tlajomulco, Jal. SMN*",141
-103.845833,20.596389,JAL,VEGJL,"Ing. Santiago Camarena, Jal.",216.52
-99.377222,19.377222,MEX,2RSMX,"Dos RÌos, MÈx.",193.6
-99.216667,19.566667,MEX,ARBMX,"Las Arboledas, MÈx.",125.14
-98.912222,19.543611,MEX,ATEMX,"Atenco (RÌo Xalapan), MÈx.",127.48
-99.866667,19.783333,MEX,ATPMX,"Atlacomulco Prepa., MÈx.",251.02
-99.589444,19.775,MEX,BUFMX,"La ConcepciÛn, Mex.",68.4
-99.7,19.333333,MEX,CALMX,"Calixtlahuaca, MÈx.",136.14
-99.298611,19.406667,MEX,CDBMX,"CaÌda del Borracho, MÈx.",64.26
-99.511667,19.205,MEX,CGCMX,"Gerencia Conagua CODAGEM, MÈx.",125.36
-98.888611,19.494167,MEX,CHAPINGO,"Chapingo, MÈx. SGT*",191.52
-99.4675,18.795833,MEX,CHDMX,"Ciudad Hidalgo, MÈx",125.71
-100.116667,19.2,MEX,CHIMX,"Chilesdo, MÈx.",132.31
-98.884722,19.483333,MEX,CHPMX,"Chapingo, MÈx.",206.5
-99.239444,19.534167,MEX,CLYMX,"Calacoaya, MÈx.",82.1
-99.304444,19.695,MEX,CNPMX,"La ConcepciÛn, MÈx.",74.5
-99.631667,19.292222,MEX,COBMX,"Observatorio de Estado de MÈxico, MÈx.",189.44
-100.183333,19.101667,MEX,COLMX,"Colorines, MÈx.",127.5
-99.559722,19.884722,MEX,DNXMX,"DanxhÛ, MÈx.",177.02
-99.238333,19.453611,MEX,EMOMX,"El Molinito RÌo Hondo, MÈx.",90.91
-98.916944,19.578889,MEX,GRDMX,"La Grande, MÈx.",180.12
-99.696944,20.046389,MEX,HPNMX,"Huapango, MÈx.",124.53
-99.769444,19.5675,MEX,IXCMX,"Ixtlahuaca, MÈx.",137.42
-99.05,19.633333,MEX,K27MX,"km 27+250, MÈx.",91.1
-100.075833,19.383333,MEX,LBEMX,"Los Berros, MÈx.",99.02
-99.220833,19.477778,MEX,MBLMX,"Molino Blanco, MÈx.",49.03
-99.683333,19.116667,MEX,NEVMX,"Nevado de Toluca, MÈx. SMN*",197.62
-99.193611,19.616667,MEX,OBSMX,"San MartÌn Obispo, MÈx.",75.8
-99.175,19.575,MEX,PBTMX,"Planta Barrientos, MÈx.",103.37
-99.025,19.65,MEX,PCCMX,"Planta Chiconautla 2, MÈx.",166.38
-99.181944,19.743056,MEX,PCGMX,"Puente Colgante, MÈx.",74.54
-99.010278,19.636944,MEX,PCTMX,"Planta Chiconautla 1, MÈx.",165.62
-99.790278,19.829167,MEX,PFBMX,"Francisco JosÈ Trinidad Fabela, MÈx.",93.44
-99.248889,19.429444,MEX,PLMMX,"Palmas, MÈx.",52.83
-99.260833,19.526944,MEX,PMDMX,"MadÌn, MÈx.",82.1
-99.739722,20.124167,MEX,PMNMX,"El Molino, MÈx.",170.03
-99.864444,20.038611,MEX,PNDMX,"—adÛ, MÈx.",108.02
-99.268056,19.524444,MEX,PREMX,"Presa MadÌçn, MÈx. SMN*",55.4
-99.213333,19.408333,MEX,PTLMX,"Presa Totolica, MÈx.",120.51
-99.603333,19.213333,MEX,RECMX,"RectorÌa, MÈx.",118.54
-98.911111,19.530556,MEX,SADMX,"San AndrÈs (Texcoco), MÈx.",193.91
-99.704722,19.465833,MEX,SBBMX,"JosÈ Antonio Alzate, MÈx.",183
-99.764722,19.238333,MEX,SJHMX,"San Juan de las Huertas, MÈx.",136
-98.870833,19.190278,MEX,SLAMX,"San Luis Ameca, MÈx.",94.42
-99.741667,19.591667,MEX,SLBMX,"San Bartolo del Llano, MÈx.",123.5
-99.8,19.633333,MEX,SMLMX,"Santa MarÌa del Llano, MÈx.",229.02
-99.285,19.574444,MEX,SNJMX,"San Juan, Mex.",66.3
-98.858611,19.644722,MEX,SNLMX,"San Lucas, Mex.",100.33
-99.8,19.333333,MEX,TBRMX,"Tres Barrancas, MÈx.",166.35
-99.935833,18.931389,MEX,TESMX,"Texcaltitl·n, MÈx.",180.01
-98.900833,19.443611,MEX,TJCMX,"El Tejocote, MÈx.",109.6
-99.283333,19.453889,MEX,TOTMX,"Totolica, Mex.",120.51
-99.961389,19.660833,MEX,TPTMX,"San AndrÈs Tepetitl·n, MÈx.",136.81
-100.283333,19.1,MEX,TROMX,"Trojes, MÈx.",133.6
-99.283056,19.4525,MEX,TTLMX,"Totolica (hidro), MÈx.",96.6
-99.123889,19.904722,MEX,TTQMX,"Tajo de Tequixquiac, Mex.",87.04
-100.18,19.2075,MEX,VBRMX,"Valle de Bravo, MÈx.",149.32
-99.334167,19.382222,MEX,VNDMX,"El Venado, MÈx.",152.14
-100.055556,19.461667,MEX,VVCMX,"Villa Victoria, MÈx.",97.12
-101.99,20.231389,MICH,ADUMC,"Adjuntas, Mich.",60.72
-100.608889,19.579722,MICH,AGOMC,"Agostitl·n, Mich.",207.31
-101.661111,19.926111,MICH,AMEMC,"Aristeo Mercado, Mich.",18.6
-102.371667,19.082778,MICH,APAMC,"Apatzing·n, Mich. SMN*",50.6
-102.371111,19.083056,MICH,APTMC,"Apatzing·n, Mich.",63.5
-102.419167,20.183889,MICH,BIBMC,"Barraje de Ibarra, Mich.",90.53
-101.459167,20.319444,MICH,CBLMC,"Casa Blanca, Mich.",57.55
-102.265278,19.973611,MICH,CHAMC,"Chaparaco, Mich.",74.41
-100.55,19.7,MICH,CHIMC,"Ciudad Hidalgo, Mich.",119.01
-102.774167,19.287778,MICH,CHLMC,"ConstituciÛn de Apatzing·n, Mich.",90
-100.9,18.5,MICH,CMNMC,"Caimanera, Mich.",163
-101.259167,19.629722,MICH,COIMC,"CoÌntzio, Mich.",111.38
-101.861667,20.207222,MICH,CORMC,"Corrales, Mich.",53.76
-100.421111,19.387778,MICH,DBOMC,"El Bosque, Mich.",117.43
-102.436944,20.304444,MICH,DGNMC,"De Gonzalo, Mich.",11.8
-100.45,19.966667,MICH,EGIMC,"El Gigante, Mich.",110.71
-102.541389,19.979167,MICH,GUAMC,"Guaracha, Mich.",63.5
-101.883333,18.266667,MICH,INFMC,"Infiernillo, Mich.",40.9
-102.601944,19.958333,MICH,JARMC,"Jaripo, Mich.",57.31
-101.626667,20.248889,MICH,LANMC,"Los ¡ngeles, Mich.",3.9
-102.865556,19.210833,MICH,LOLMC,"Los Olivos, Mich.",336
-102.751389,20.146667,MICH,LPAMC,"La Palma, Mich.",232.2
-102.004444,20.354444,MICH,LPDMC,"La Piedad, Mich.",158.72
-102.9,18.8,MICH,LPNMC,"Los Panches, Mich.",41.11
-102.2,18.8,MICH,LPSMC,"La PastorÌa, Mich.",22.11
-101.2,18.8,MICH,LPZMC,"Los Pinzanes, Mich.",86.43
-101.1,19.7,MICH,MCEMC,"Morelia Centro, Mich.",138.64
-102.2,17.899167,MICH,MLCMC,"Melchor Ocampo L. C., Mich.",42.21
-100.873611,19.829167,MICH,MLPMC,"MalpaÌs, Mich.",105.4
-101.2,19.7,MICH,MNOMC,"Morelia Norte, Mich.",127.41
-101.724444,20.127222,MICH,MOCMC,"Melchor Ocampo, Mich.",105.92
-101.176111,19.688611,MICH,MORMC,"Morelia, Mich.",178.03
-100.879167,19.835556,MICH,MPSMC,"MalpaÌs, Mich. SGT*",74
-100.439167,19.890833,MICH,MRVMC,"MaravatÌo, Mich.",69.51
-100.618889,20.277778,MICH,P3MEZQUITES,"Presa Tres Mezquites, Mich. SGT*",19.8
-101.05,19.49,MICH,PDBMC,"Planta de Bombeo, Mich.",112.01
-102.601389,19.959167,MICH,PDEGONZALO,"Presa de Gonzalo, Mich. SGT*",32.2
-101.6,20.3,MICH,PORMC,"Pastor Ortiz, Mich.",80.44
-100.684167,19.621389,MICH,PUCMC,"Pucuato, Mich.",130.9
-102.136944,19.961389,MICH,PUREPETIRO,"Presa Urepetiro, Mich. SGT*",60
-102.716667,20.066667,MICH,SAHMC,"Sahuayo, Mich.",128
-102.464722,20.208333,MICH,SCRMC,"San CristÛbal, Mich.",107
-102.651389,19.839444,MICH,SJUMC,"San Juanico, Mich.",102.8
-102.4,20.1,MICH,SSIMC,"San SimÛn, Mich.",65.51
-100.229167,20.000278,MICH,TEPMC,"Tepuxtepec, Mich.",24.1
-102.137778,19.962222,MICH,UREMC,"Urepetiro, Mich.",69.12
-102.180278,18.048333,MICH,VILMC,"JosÈ MarÌa Morelos y PavÛn, Mich.",39.91
-101.45,19.55,MICH,VJIMC,"Villa JimÈnez, Mich.",78.33
-102.242222,20.339444,MICH,YURMC,"YurÈcuraro, Mich.",134.81
-102.284167,20.006667,MICH,ZAMMC,"Zamora, Mich.",54.43
-101.795,19.805278,MICH,ZCAMC,"Zacapu, Mich.",75.32
-101.931944,18.921111,MICH,ZICMC,"Zicuir·n, Mich.",56.01
-98.829167,18.947222,MOR,ACHMR,"Achichipico, Mor.",216.5
-99.265833,18.735,MOR,ALUMR,"Alpuyeca, Mor.",188.62
-99.4,18.6,MOR,AMCMR,"Amacuzac, Mor.",271.01
-99.463611,18.68,MOR,APAMR,"Apacingo, Mor.",291.4
-98.928056,18.948889,MOR,ATLMR,"Atlatlahucan, Mor.",198.84
-98.9,18.8,MOR,CUAMR,"Cuautla, Mor.",180.27
-99.2,18.9,MOR,CUEMR,"Cuernavaca, Mor.",320.31
-98.786667,18.690556,MOR,ELPMR,"El PeÒÛn, Mor.",190.51
-99.180278,18.573889,MOR,HIGMR,"HiguerÛn, Mor.",176.5
-99.424167,18.608333,MOR,HUAMR,"Huajintl·n, Mor.",268
-98.75,18.883333,MOR,HUEMR,"Hueyapan, Mor.",272.38
-99.015833,19.028889,MOR,HUIMR,"Huitzilac, Mor.",139.34
-99.025,18.441389,MOR,HUTMR,"Huautla, Mor.",207.34
-98.781667,18.936667,MOR,HUXMR,"Huecahuaxco, Mor.",236.54
-99.158611,18.883611,MOR,IMTMR,"Instituto Mexicano de TecnologÌa del Agua, Mor. SMN*",247.46
-98.8,18.7,MOR,JNCMR,"Jonacatepec, Mor.",222.8
-99.2,18.6,MOR,JOJMR,"Jojutla, Mor.",221.5
-98.916667,18.683333,MOR,LCUMR,"La Cuera, Mor.",267.22
-99.4,18.7,MOR,MIAMR,"Miacatl·n, Mor.",187.51
-99.004722,18.727222,MOR,MYOMR,"Moyotepec, Mor.",166.49
-99.140833,18.519444,MOR,NEXMR,"Nexpa, Mor.",150.32
-99.258333,18.734722,MOR,OACMR,"Oacalco, Mor.",221.33
-98.901389,18.900556,MOR,OAXMR,"Oaxtepec, Mor.",241.2
-99.219167,18.908889,MOR,OBSMR,"Observatorio de Morelos, Mor.",326.68
-98.758611,18.8825,MOR,OCTMR,"Ocuituco, Mor.",272
-99.322778,18.633333,MOR,PIXMR,"Puente de Ixtla, Mor.",321.22
-99.156944,18.771111,MOR,PROMR,"Progreso (IMTA), Mor.",199.82
-99.331389,18.765278,MOR,RODMR,"El Rodeo, Mor.",245.19
-98.936111,18.541389,MOR,SHUAUTLA,"Sierra de Huautla, Mor. SMN*",172.8
-99.190556,18.918333,MOR,SLDMR,"Solidaridad, Mor.",305.8
-99.042778,18.580278,MOR,SPHMR,"San Pablo Hidalgo, Mor.",148.9
-99.2,18.9,MOR,TEMMR,"Temixco, Mor.",289.8
-98.710278,18.876389,MOR,TETMR,"Tetela del Volc·n, Mor.",212.9
-99.1,18.794167,MOR,TICMR,"Ticum·n, Mor.",211.91
-99.306111,18.487778,MOR,TILMR,"Tilzapotla, Mor.",258.9
-98.943611,19.038056,MOR,TLCMR,"Tlacualera, Mor.",246
-98.75,18.813333,MOR,TLOMR,"Tlacotepec, Mor.",306.04
-98.786944,18.778056,MOR,TMCMR,"Temoac, Mor.",213.6
-98.92,18.9875,MOR,TOTMR,"Totoloapan, Mor.",167.82
-98.843611,18.596389,MOR,TPLMR,"Tepalcingo, Mor.",282.5
-99.250278,18.611111,MOR,TQGMR,"Tequesquitengo, Mor.",225
-99.188333,18.521111,MOR,XICMR,"Xicatlacotla, Mor.",167.12
-99.25,18.683333,MOR,XXOMR,"Xoxocotla, Mor.",198.6
-99.1,18.9,MOR,YAHMR,"Yautepec, Mor.",183.13
-99.200833,18.636667,MOR,ZCTMR,"Zacatepec, Mor.",199.11
-105.354167,22.49,NAY,ACANR,"Acaponeta, Nay.",2.01
-104.802222,21.839167,NAY,AGMNR,"Aguamilpa Solidaridad, Nay.",0.1
-105.1125,21.831111,NAY,CAPNR,"Capomal, Nay.",0.05
-104.450833,21.428333,NAY,CJNNR,"Leonardo RodrÌguez Alcaine, Nay.",58
-105.136667,20.889722,NAY,GAVNR,"Gaviotas, Nay.",8.04
-104.516944,22.250833,NAY,JMANR,"Jes˙s MarÌa, Nay.",77.4
-105.341667,22.558333,NAY,LESNR,"La Estancia, Nay.",1.41
-105.020833,22.377778,NAY,PAJNR,"Pajaritos, Nay.",23
-105.211667,22.119722,NAY,ROMNR,"Rosa Morada, Nay.",5.21
-104.8,21.8,NAY,RSRNR,"Reguladora San Rafael, Nay.",1.3
-105.1425,21.958333,NAY,RUINR,"Ruiz, Nay.",0.34
-104.891944,21.489444,NAY,TEPNR,"Tepic, Nay.",46.72
-99.680556,24.883333,NL,ADJNL,"Las Adjuntas, N.L.",305.25
-99.680556,24.897222,NL,ADJUNTASHUALA,"Las Adjuntas, N.L. SGT*",305.25
-100.011944,25.272778,NL,AL2NL,"Allende Dos, N. L.",107.11
-100.134444,27.24,NL,ANHNL,"An·huac, N.L.",26.02
-99.816667,24.1,NL,ARRNL,"Aramberri, N.L.",171.31
-99.911667,24.321944,NL,ASCNL,"La AscensiÛn, N.L.",117
-99.743889,24.99,NL,CABNL,"Cabezones, N.L.",115.72
-99.579444,24.876111,NL,CAMACHO,"Camacho, N.L. SGT*",149
-99.578889,24.871944,NL,CAMNL,"Camacho, N.L.",209.22
-100.274722,25.800556,NL,CANNL,"El Canad·, N.L.",12.75
-99.439444,24.976111,NL,CARNL,"Carmen de los Elizondo Linares, N. L.",68.77
-99.276944,25.711667,NL,CCHNL,"Cuchillo-Solidaridad, N.L.",103.5
-100.172222,25.952222,NL,CDFNL,"CiÈnega de Flores, N.L.",72
-99.975,25.590278,NL,CDRNL,"Cadereyta, N.L.",54.51
-99.399722,24.9375,NL,CPRNL,"JosÈ LÛpez Portillo, N.L.",54.52
-99.6975,24.783611,NL,CRUNL,"Crucitas, N.L.",69.5
-99.614167,26.091389,NL,CRVNL,"Cerralvo, N.L.",105.81
-100.172778,23.676389,NL,DARNL,"Doctor Arroyo, N.L.",175
-100.198056,25.5175,NL,ECSNL,"El Cerrito, N.L.",105
-100.308333,25.576944,NL,ELDIENTE,"El Diente SMN, N. L.",58.4
-100.083333,24.833333,NL,GALNL,"Galeana, N.L.",185.71
-99.975556,25.765,NL,LAARENA,"La Arena, N.L. SGT*",21.5
-100.128056,25.428056,NL,LBCNL,"La Boca, N.L.",97.8
-99.527222,25.497222,NL,LERNL,"Las Enramadas, N.L.",47.03
-99.195833,26.023611,NL,LOSALDAMA,"Los Aldama, N.L. SMN*",6.75
-99.401389,25.898333,NL,LosHerrera,"Los Herrera, N.L. SGT*",76
-99.196667,26.022222,NL,MDRNL,"Madero, N.L.",18.92
-99.833333,25.174167,NL,MTMNL,"Montemorelos, N.L.",233.83
-100.271667,25.6825,NL,MTRNL,"Monterrey, N.L.",38.51
-100.118056,23.4225,NL,MYNNL,"Mier y Noriega, N.L.",153.75
-100.304722,25.733611,NL,OBSNL,"Observatorio de Nuevo LeÛn, N.L.",38.51
-99.221667,24.992778,NL,PAMNL,"La Pamona, N.L.",46.06
-100.372222,27.429167,NL,PSANL,"Salinillas, N.L.",9.52
-100.551111,25.028333,NL,SRANL,"San Rafael, N.L.",38.03
-99.77,25.503611,NL,Tepehuaje,"Cadereyta, N.L. SGT*",44
-99.777778,23.981389,NL,ZRGNL,"Zaragoza, N.L.",179
-95.698889,16.009167,OAX,ASTOX,"Astata, Oax.",164.11
-96.53,17.43,OAX,ATEOX,"Atepec, Oax.",82.5
-96.1,17.016667,OAX,AYUOX,"Ayutla, Oax.",94.5
-96.716667,17.066667,OAX,BAEOX,"Base AÈrea, Oax.",202.8
-95.929167,16.647222,OAX,BOQOX,"Boquilla 1, Oax.",60.82
-96.263611,17.999167,OAX,CDOOX,"Miguel de la Madrid Hurtado, Oax.",401.51
-94.816667,16.583333,OAX,CHIOX,"Chicapa, Oax.",169.11
-102.712222,21.849167,OAX,COZOX,"San Francisco Cozoaltepec, Oax.",115.31
-96.658333,18.492778,OAX,CSPOX,"Cosolapa, Oax.",324.1
-96.416667,18.233333,OAX,DPSOX,"Dique Pescaditos, Oax.",336
-95.424722,16.436389,OAX,EMAOX,"El MarquÈs (RÌo Tehuantepec), Oax.",64.51
-97.783333,17.8,OAX,HLOOX,"Observatorio de Huajuapan de LeÛn, Oax.",202.9
-95.1,16.583333,OAX,IXTOX,"Ixtepec, Oax.",152.1
-96.2,17.866667,OAX,JACOX,"Jacatepec, Oax.",678.51
-95.397778,16.445556,OAX,JDMOX,"Presidente Benito Ju·rez, Oax.",42
-95.033333,16.433333,OAX,JUCOX,"Juchitan, Oax.",105.3
-95.2,16.6,OAX,KM1OX,"km 33+190, Oax.",180
-95.716667,16.416667,OAX,KM2OX,"km 51+740, Oax.",190.7
-96.905556,18.210556,OAX,LCAOX,"La Carbonera, Oax.",95.5
-97.688333,15.966667,OAX,LCHACAHUA,"Laguna Chacahua, Oax. SMN*",91.8
-95.3,16.4,OAX,LPIOX,"Las Pilas, Oax.",181.51
-95.483333,17.45,OAX,MAROX,"MarÌa Lombardo, Oax.",200.83
-95.036389,16.882778,OAX,MROOX,"MatÌas Romero, Oax. SMN*",102.11
-96.779722,18.360278,OAX,NAROX,"Naranjastitla, Oax.",330.34
-96.733333,17.066667,OAX,OACOX,"Oaxaca Centro, Oax.",112.4
-96.7,17,OAX,OAOOX,"Observatorio de Aeropuerto Oaxaca, Oax.",208.71
-94.4,16.5,OAX,OSTOX,"Ostuta, Oax.",269.02
-96.083333,18.166667,OAX,PAPOX,"Papaloapan, Oax.",198.11
-96.483333,15.666667,OAX,PTAOX,"Puerto ¡ngel, Oax.",120.4
-95.281389,16.476111,OAX,RHOOX,"RÌo Hondo, Oax.",28.61
-95.916667,17.733333,OAX,RMLOX,"RÌo Manso Lalana, Oax.",221.2
-97.725,16.102778,OAX,RVEOX,"RÌo Verde, Oax.",31.01
-95.165,16.283056,OAX,SBLOX,"San Blas Atempa, Oax.",147.6
-96.55,17.266667,OAX,SCIOX,"Ixtepeji (S. Catarina I.), Oax.",135.01
-95.2,16.183333,OAX,SCROX,"Salina Cruz, Oax.",144.3
-96.533333,17.883333,OAX,SFUOX,"San Felipe Usila, Oax.",269
-96.453611,17.1175,OAX,SMAOX,"San Antonio Cuajimoloyas, Oax.",136.93
-96.55,18.05,OAX,STDOX,"Santo Domingo, Oax.",238.81
-95.2,16.3,OAX,TEHOX,"Tehuantepec, Oax.",118.31
-96.412222,18.232222,OAX,TEMOX,"Presidente Alem·n, Oax.",225
-95.6,16.416667,OAX,TEQOX,"Tequisistl·n, Oax.",141.02
-96.133333,18.083333,OAX,TUXOX,"Tuxtepec, Oax.",207
-96.381389,17.925556,OAX,UCFOX,"CFE-Usila, Oax.",261.3
-94.833333,16.45,OAX,UHGOX,"UniÛn Hidalgo, Oax.",128.01
-96.3,17.776389,OAX,VANOX,"Valle Nacional, Oax.",409.22
-97.826111,17.724444,OAX,YOSOX,"Yosocuta, Oax.",141.5
-95.93,17.15,OAX,ZACOX,"Zacatepec, Oax.",181.14
-94.216111,16.4025,OAX,ZANOX,"Zanatepec, Oax.",335.12
-97.418056,19.45,PUE,ACHPB,"Alchichilca, Pue.",64.45
-97.934167,19.0625,PUE,ACJPB,"Acajete, Pue.",180.9
-98.055,18.277222,PUE,ADOPB,"Acatl·n de Osorio, Pue.",176.6
-98.135833,18.9425,PUE,AFRPB,"Africam, Pue.",227.1
-97.920833,18.854167,PUE,AHAPB,"Ahuatepec, Pue.",153
-98.148056,20.033056,PUE,AHUPB,"Ahuazontepec, Pue.",161
-97.845,20.406944,PUE,APAPB,"Apapantilla, Pue.",330.2
-98.420833,18.921111,PUE,ATXPB,"Atlixco, Pue.",155
-97.881111,20.385833,PUE,AVCPB,"¡vila Camacho, Pue.",251.01
-97.503333,19.961389,PUE,BAIPB,"Buenos Aires, Pue. CFE.",240.46
-98.108611,18.9125,PUE,BDDPB,"Manuel ¡vila Camacho, Pue.",183.92
-97.441667,18.987222,PUE,CDSPB,"Ciudad Serd·n, Pue.",100.01
-97.958333,18.968889,PUE,CEMPB,"Cemex, Pue.",203.9
-98.579167,18.516111,PUE,CHIPB,"Chietla, Pue.",149.51
-98.318056,19.068611,PUE,CHLPB,"Cholula, Pue.",233.7
-98.567778,18.109722,PUE,CHSPB,"Chila de la Sal, Pue.",218
-98.198611,19.022778,PUE,CNAPB,"Conagua, Pue.",148.2
-98.049722,19.743333,PUE,CNGPB,"Chignahuapan, Pue.",180.13
-98.164722,18.612778,PUE,COAPB,"Coatzingo, Pue.",185.82
-98.059444,19.092778,PUE,CPLPB,"Capulac, Pue.",218.22
-97.516667,20.033333,PUE,CTZPB,"Cuetzalan, Pue.",202.54
-98.275556,18.966111,PUE,ECHPB,"EcheverrÌa, Pue.",137.06
-98.456111,19.101111,PUE,HJTPB,"Huejotzingo, Pue.",127.74
-98.540278,18.772222,PUE,HQCPB,"Huaquechula, Pue.",190
-98.050833,20.176389,PUE,HUAPB,"Huauchinango, Pue.",210.1
-97.815833,19.621667,PUE,IXTPB,"Ixtacamaxtitl·n, Pue.",165.11
-98.466389,18.610833,PUE,IZMPB,"Iz˙car de Matamoros, Pue.",185
-97.691111,19.457222,PUE,LIBPB,"Libres, Pue.",123.01
-98.231111,19.010556,PUE,MAYPB,"Mayorazgo 21 Poniente, Pue.",210.97
-97.850278,20.733056,PUE,MTLPB,"Metlaltoyuca, Pue.",142.51
-98.002222,20.216389,PUE,NECAXASGT,"Necaxa, Pue. SGT*",164.2
-98.000556,20.216667,PUE,NNEPB,"Necaxa, Pue.",208.7
-97.533333,19.7,PUE,OYAPB,"Oyameles, Pue.",136.03
-97.251389,18.918056,PUE,PCRPB,"Paso Carretas, Pue.",170.5
-98.264722,18.2,PUE,PIXPB,"Piaxtla, Pue.",179.75
-97.883333,20.233333,PUE,PTLPB,"Patla, Pue.",232.6
-98.166667,19.05,PUE,PUOPB,"Observatorio de Puebla, Pue.",180.3
-97.616667,19.25,PUE,QUIPB,"Quimixtl·n, Pue.",231.4
-97.401667,20.116111,PUE,RNAPB,"Rancho Nuevo (Ayotoxco), Pue.",95.51
-98.22,19.113056,PUE,SCRPB,"San CristÛbal Caleras, Pue.",281.92
-97.91,18.735,PUE,SMCPB,"San Miguel Canoa, Pue.",383.72
-97.446667,19.960833,PUE,SOLPB,"La Soledad, Pue.",326.36
-98.582222,19.330278,PUE,SRTPB,"Santa Rita Tlahuapan, Pue.",123
-97.486389,19.952778,PUE,STLPB,"Sontalaco, Pue. CFE.",247.05
-97.7925,20.004444,PUE,TDRPB,"Tepango de RodrÌguez, Pue.",276.7
-97.7525,18.878889,PUE,TECPB,"Tecamachalco, Pue.",174.3
-97.395556,18.479167,PUE,TEHPB,"Tehuac·n, Pue.",166.02
-98.777222,18.451944,PUE,TELPB,"Teotlalco, Pue.",202
-97.805833,19.829444,PUE,TEOPB,"Tetela de Ocampo, Pue.",187
-97.794167,20.000833,PUE,TEPPB,"Tepexic, Pue.",188.6
-97.390556,19.887778,PUE,TEZIUTLAN,"Teziutl·n, Pue. SMN*",160.2
-97.956944,19.815278,PUE,TEZPB,"Teziutl·n, Pue.",207.51
-96.849722,18.405,PUE,TLPPB,"Tlacotepec de DÌaz, Pue.",320
-98.040556,20.374167,PUE,TLXPB,"Tlaxco, Pue.",50.02
-97.491944,19.489167,PUE,TPYPB,"Tepeyahualco, Pue.",100.04
-96.861389,18.483611,PUE,TYAPB,"Tepeyac, Pue.",401.13
-97.675833,20.510278,PUE,VENPB,"Venustiano Carranza, Pue.",79.2
-97.956944,20.277222,PUE,XDJPB,"Xicotepec de Ju·rez, Pue.",308.81
-97.585,19.859722,PUE,ZCPPB,"Zacapoaxtla, Pue.",162.7
-97.011389,18.332222,PUE,ZOQPB,"Zoquitl·n, Pue.",320
-97.832778,20.178611,PUE,ZRGPB,"Zaragoza, Pue.",179
-100.269444,20.704167,QRO,AMZQT,"Amazcala, Qro. SGT*",47
-100.354167,20.5025,QRO,BATQT,"El Bat·n, Qro.",135
-100.435556,20.604167,QRO,CARQT,"Carrillo, Qro.",152
-100.080278,20.418611,QRO,CNSQT,"ConstituciÛn de 1917, Qro.",71.4
-100.453333,20.535,QRO,EPUQT,"El Pueblito, Qro.",163
-100.366667,20.566667,QRO,GHQQT,"Gerencia Hidalgo, Qro.",103.7
-99.9625,20.198611,QRO,IDFQT,"San Ildefonso, Qro.",121.8
-99.479722,21.230278,QRO,JLPQT,"Jalpan, Qro.",163.2
-100.45,20.7,QRO,JRQQT,"Juriquilla, Qro.",108.1
-100.23,20.62,QRO,MARQT,"El MarquÈs, Qro.",60.3
-100.366667,20.566667,QRO,OBSQT,"Observatorio de QuerÈtaro, Qro.",229.4
-99.815,21.055833,QRO,PMLQT,"PeÒamiller, Qro.",137.9
-100,20.3625,QRO,SJSQT,"San JosÈ, Qro.",82.2
-86.886944,21.142778,QROO,CANCUN_ESIME,"Canc˙n, Q. Roo. SMN* ESIME",28.4
-86.820278,21.156667,QROO,CANQR,"Canc˙n, Q. Roo.",24.2
-88.3275,18.500556,QROO,CHOQR,"Chetumal, Q. Roo.",136.64
-86.946111,20.51,QROO,COZQR,"Cozumel, Q. Roo.",44.6
-88.045,19.575556,QROO,FCRQR,"Felipe Carrillo Puerto, Q. Roo.",37
-87.077778,20.634444,QROO,PDCQR,"Playa del Carmen, Q. Roo.",49.6
-109.183333,25.916667,SIN,AHMSI,"Ahome, Sin.",4.61
-107.383333,25.090278,SIN,AL2SI,"El Varejonal (hidro), Sin.",27.01
-107.388333,25.101389,SIN,ALMSI,"Adolfo LÛpez Mateos, Sin.",3
-107.466667,25.033333,SIN,AWSSI,"Andrew Weiss, Sin.",6.51
-107.5375,25.333333,SIN,BDRSI,"Badiraguato, Sin.",14.01
-108.329167,26.736111,SIN,CHXSI,"Choix EstaciÛn, Sin.",0.5
-107.4,24.816667,SIN,CLCSI,"Culiac·n, Sin.",2.41
-109.333333,26.1,SIN,CRRSI,"El Carrizo, Sin.",0
-108.065556,25.484722,SIN,EBLSI,"Lic. Eustaquio Buelna, Sin.",3
-108.616667,26.433333,SIN,EFTSI,"El Fuerte, Sin.",0
-108.316667,26.083333,SIN,GB2SI,"El Sabinal (hidro), Sin.",0.03
-108.3275,28.95,SIN,GBESI,"Ing. Guillermo Blake Aguilar, Sin.",0
-107.911944,25.855278,SIN,GD2SI,"Bacurato (hidro) presa Gustavo Diaz Ord·z, Sin.",5.03
-107.911111,25.856667,SIN,GDOSI,"Gustavo DÌaz Ordaz, Sin.",5
-108.091667,25.469444,SIN,GMCSI,"Guam˙chil, Sin.",3
-108.466667,25.716667,SIN,GSVSI,"Guasave, Sin.",0
-107.225,25.344444,SIN,GTNSI,"Guatenipa, Sin.",2
-109.333333,25.983333,SIN,HDZSI,"Higuera de Zaragoza, Sin.",0
-106.595833,23.955556,SIN,IXPSI,"Ixpalino, Sin.",4.41
-107.059444,24.753611,SIN,JGRSI,"Juan Guerrero Alcocer, Sin.",3
-106.807222,24.571667,SIN,JLPSI,"JosÈ LÛpez Portillo, Sin.",27
-108.013889,25.9,SIN,JNASI,"Jaina, Sin.",1.04
-108.7025,26.426944,SIN,JORSI,"Josefa Ortiz de DomÌnguez, Sin.",0
-108.35,26.904167,SIN,LD2SI,HUITES (HIDRO),0
-108.367778,26.844722,SIN,LDCSI,"Luis Donaldo Colosio, Sin.",0
-109,25.8,SIN,MCHSI,"Los Mochis, Sin.",0.5
-106.4,23.233333,SIN,MZTSI,"Mazatl·n, Sin.",0.42
-107.440556,24.634722,SIN,OBSSI,"Observatorio de Culiac·n, Sin.",1.6
-108.58,26.509722,SIN,PMHSI,"Miguel Hidalgo, Sin.",0
-106.466667,23.5625,SIN,QLTSI,"Quelite, Sin.",1
-107.755833,25.124722,SIN,RAVSI,"EstaciÛn Rancho Viejo, Sin.",0.03
-105.85,22.983333,SIN,RSRSI,"Rosario, Sin.",3
-108.779167,26.073611,SIN,SFRSI,"Sufragio, Sin.",0
-107.5,25.3,SIN,SJNSI,"San Juan, Sin.",8.12
-107.1,24.8,SIN,SLRSI,"San Lorenzo, Sin.",4.9
-106.695833,24.121944,SIN,SLTSI,"Ing. Aurelio Benassini Vizcaino, Sin.",4.01
-107.158333,24.813889,SIN,SN2SI,"Sanalona (hidro), Sin.",1.81
-107.151389,24.815,SIN,SNLSI,"Sanalona, Sin.",1.8
-106.25,23.35,SIN,SQRSI,"Siqueros, Sin.",1.3
-108.129167,26.9,SIN,TBRSI,"San Francisco, Sin.",11.3
-105.846944,23.088333,SIN,TORSI,"Las Tortugas, Sin.",7.2
-107.059722,24.7475,SIN,VINSI,"Vinoramas, Sin.",23.01
-108.359722,25.741667,SIN,ZOPSI,"El Zopilote, Sin.",0
-98.558333,21.972222,SLP,AJTSL,"Las Adjuntas, S.L.P.",32.02
-98.955833,21.748889,SLP,BLMSL,"Ballesmi, S.L.P.",113.6
-99.016667,21.983333,SLP,CDVSL,"Ciudad Valles, S.L.P.",58
-99.239444,21.906944,SLP,GANSL,"Gallinas, S.L.P.",194.8
-100.820556,21.88,SLP,IVGSL,"ValentÌn Gama, S.L.P.",75.86
-100.642778,23.656944,SLP,MATSL,"Matehuala, S.L.P.",247.04
-99.159444,22.12,SLP,MICSL,"Micos, S.L.P.",280.3
-98.8,21.333333,SLP,MTPSL,"Matlapa, S.L.P.",409.2
-99.32,22.523333,SLP,NRJSL,"Naranjos, S.L.P.",157
-100.762222,21.849722,SLP,OCTSL,"Ojo Caliente, S.L.P.",75.86
-99.830556,21.651111,SLP,PMYSL,"Pedro Montoya (San Ciro), S.L.P.",88.42
-98.939722,21.847222,SLP,PUJSL,"El Pujal, S.L.P.",129.2
-98.888611,21.425,SLP,RQTSL,"Requetemu, S.L.P.",310.6
-99.995,21.931389,SLP,RVDSL,"RÌo Verde, S.L.P.",72.5
-101,22.2,SLP,SGRSL,"Soledad Graciano, S.L.P.",185.5
-101.019167,22.148056,SLP,SLPSL,"San Luis PotosÌ, S.L.P.",189
-99.055833,22.02,SLP,STRSL,"Santa Rosa, S.L.P.",125.7
-98.617222,21.692778,SLP,SVTSL,"San Vicente, S.L.P.",99.4
-98.857222,21.246667,SLP,TBLSL,"Tierra Blanca, S.L.P.",386.4
-98.773333,22.003611,SLP,TMISL,"TamuÌn, S.L.P.",91.6
-98.758889,21.241111,SLP,TMTSL,"Temamatla, S.L.P.",351.3
-110.226111,29.825,SON,ACNSO,"Aconchi, Son.",0.01
-102.371667,21.78,SON,AGCSO,"Agua Caliente, Son.",0.01
-108.937778,27.021667,SON,ALMSO,"¡lamos, Son.",0
-111.733333,30.716667,SON,ALTSO,"Altar, Son.",0
-109.8925,27.8225,SON,AOBSO,"¡lvaro ObregÛn, Son.",0.01
-109.106667,27.226111,SON,ARCSO,"Adolfo RuÌz CortÌnes, Son.",0
-109.088611,30.07,SON,ARISO,"Aribabi, Son.",0.01
-110.92,29.076667,SON,ARLSO,"Abelardo RodrÌguez Lujan, Son.",0.01
-110.1675,30.335833,SON,ARZSO,"Arizpe, Son.",0
-110.238611,30.598889,SON,BCNSO,"Bacanuchi, Son.",1.02
-108.931667,30.355278,SON,BCRSO,"Bacerac, Son.",0.01
-110.215,30.003611,SON,BNMSO,"Banamichi, Son.",0
-109.968333,27.3,SON,C1CSO,"Calle Mil Doscientos y Canal Bajo, Son.",0.01
-110.013056,27.483889,SON,C2CSO,"Calle Doscientos y Canal Bajo, Son.",0.01
-109.979722,27.410278,SON,C6CSO,"Calle Seiscientos y Canal Bajo, Son.",0
-109.625,27.416667,SON,CCRSO,"Cocoraque, Son.",0
-109.904444,27.776667,SON,CHCSO,"Chiculi, Son.",0
-111.516389,30.873333,SON,CHTSO,"CuauhtÈmoc, Son.",0
-110.736389,29.472222,SON,CJNSO,"El CajÛn, Son.",0
-110.290833,30.98,SON,CNNSO,"Cananea, Son.",6.11
-109.938056,27.5,SON,COBSO,"Ciudad ObregÛn, Son.",0.01
-110.180278,27.300556,SON,CP1SO,"Calle Cuatro y ProlongaciÛn Doce, Son.",0.01
-110.248611,27.425556,SON,CP6SO,"Calle Cuatro y ProlongaciÛn Seis, Son.",0.01
-109.636944,27.244167,SON,CRCSO,"C·rcamo, Son.",0
-108.7625,26.603611,SON,CZNSO,"Cazanate, Son.",0.01
-109.233333,29.2,SON,ECBSO,"El Cubil, Son.",0
-110.8,27.95,SON,EPLSO,"Empalme, Son.",0
-110.85,27.95,SON,GYMSO,"Guaymas, Son.",0.02
-110.916667,29.066667,SON,HM2SO,"Observatorio de Hermosillo, Son.",0.01
-110.925833,29.073056,SON,HMNSO,"Hermosillo, Son.",0.01
-109.904167,27.713056,SON,HORSO,"Hornos, Son.",0
-108.957222,30.210556,SON,HSHSO,"Huachinera, Son.",0
-110.886944,30.761667,SON,IMRSO,"Imuris, Son.",3.21
-110.396944,28.426389,SON,IRASO,"Ignacio R. Alatorre, Son.",0
-109.6,27.1,SON,K10SO,"km 108 de Canal Alto, Son.",0.01
-109.896389,27.706667,SON,K14SO,"km 14 de Canal Alto, Son.",0.01
-108.8725,27.642222,SON,K25SO,"km 25 de Canal Alto, Son.",0
-109.873889,27.560278,SON,K39SO,"km 39 de Canal Alto, Son.",0.01
-109.858611,27.354444,SON,K68SO,"km 68 de Canal Alto, Son.",0.01
-109.933333,27.483333,SON,K91SO,"km 91 de Canal Alto, Son.",0
-109.378889,30.437778,SON,LCDSO,"L·zaro C·rdenas, Son.",0
-110.137778,29.003611,SON,MZTSO,"Mazat·n, Son.",0
-109.6875,30.374444,SON,NCZSO,"Nacozari, Son.",0.01
-110.947222,31.318889,SON,NGLSO,"Nogales, Son.",0
-109.443333,27.071944,SON,NVJSO,"Navojoa, Son.",0.01
-112.85,31.866667,SON,NYNSO,"Sonoyta, Son.",0
-110.706111,29.229722,SON,ORGSO,"El Oregano, Son.",0.01
-109.083333,29.433333,SON,PDNSO,"Paso Nacori, Son.",0
-109.642222,28.976667,SON,PECSO,"Plutarco ElÌas Calles, Son.",0
-109.930278,27.598333,SON,PFDSO,"Porfirio DÌaz, Son.",0.01
-110.725556,29.2125,SON,PMOSO,"Ing. Rodolfo FÈlix ValdÈs, Son.",0.01
-110.308333,28.472222,SON,PTASO,"Punta de Agua 2, Son.",0.01
-112.116667,30.697778,SON,PTQSO,"Pitiquito, Son.",0
-111.021389,30.050556,SON,QRBSO,"Querobabi, Son.",3
-108.876667,27.411944,SON,SBNSO,"San Bernardo, Son.",0.02
-110.239167,28.713333,SON,SJPSO,"San JosÈ de Pimas, Son.",0
-114.783333,32.483333,SON,SLCSO,"San Luis RÌo Colorado, Son.",0
-111.445278,30.394722,SON,SRSSO,"Santa Rosa 2, Son.",0
-109.5,29.534722,SON,TPCSO,"Tepache, Son.",0.02
-109.2125,27.658333,SON,TSOSO,"Tesocoma, Son.",2.5
-110.289722,27.643611,SON,VCMSO,"VÌcam, Son.",0.01
-109.841944,27.125556,SON,VJZSO,"Villa Ju·rez, Son.",0.01
-109.223056,26.983611,SON,VRNSO,"Veranito, Son.",0
-108.927778,28.371389,SON,YCRSO,"YÈcora, Son.",0.02
-93.488333,17.546667,TAB,AMACONITE2ASEC,"Amacohite 2a SecciÛn P. Civil, Tab.",241.8
-91.483333,17.433333,TAB,BDCTB,"Boca del Cerro, Tab.",407.8
-93.413611,17.808889,TAB,CARTB,"C·rdenas, Tab.",311.6
-91.229167,17.289722,TAB,CUSUMACINTA,"CaÒÛn Usumacinta, Tab. SMN*",206.6
-92.916667,17.98,TAB,EMUTB,"Villahermosa Muelle, Tab.",135.2
-92.814722,18.043611,TAB,EPOTB,"El Porvenir, Tab.",103.1
-93,17.975,TAB,GONTB,"Gonz·lez, Tab.",175.8
-92.807778,18.037222,TAB,LAGSANJULIAN,"Laguna San Julian, Tab. SGT*",17.08
-92.6,17.766667,TAB,MACTB,"Macuspana, Tab.",327.5
-92.753333,17.391667,TAB,OXOTB,"Oxolot·n, Tab.",295.3
-93.33,18.42,TAB,PARAISO,"ParaÌso, Tab. SMN*",129.25
-93.386111,17.769444,TAB,PAREDON,"ParedÛn HC, Tab. SGT*",198.4
-92.646389,18.406389,TAB,PCENTLA,"Pantanos de Centla, Tab. SMN*",249.4
-92.879167,17.854167,TAB,PNVTB,"Pueblo Nuevo, Tab.",116.3
-92.9375,17.566667,TAB,PUYTB,"Puyacatengo, Tab.",440.7
-93.291667,17.979167,TAB,SAMTB,"Samaria, Tab.",153.9
-91.158333,17.791667,TAB,SPTTB,"San Pedro, Tab.",377.1
-92.816667,17.466667,TAB,TAPTB,"Tapijulapa, Tab.",257.93
-92.966667,17.566667,TAB,TEATB,"Teapa, Tab.",307.7
-92.96,17.96,TAB,VIEJOMEZCALAPA,"Viejo Mezcalapa, Tab. SGT*",3.3
-93.8325,17.965556,TAB,ZAMAPA2ASECC,"Zamapa 2a. SecciÛn, Tab. ProtecciÛn Civil*",106.2
-98.370556,24.046667,TAMS,ABASOLO,"Abasolo, Tamps. SGT*",99.5
-98.39,24.065556,TAMS,ABSTP,"Abasolo, Tamps.",100.6
-99.148889,22.987778,TAMS,AHUALULCOTP,"Ahualulco, Tamps. SGT*",204.5
-97.926944,22.386111,TAMS,BALTP,"Bombas Altamira, Tamps.",219.62
-99.123333,24.079444,TAMS,BARRETALII,"Barretal 2, Tamps. SGT*",84.2
-99.123056,24.080556,TAMS,BR1TP,"El Barretal 1, Tamps.",140.2
-99.215,24.1025,TAMS,BRRTP,"El Barretal, Tamps.",91.3
-97.772222,23.051944,TAMS,BTORDO,"Barra del Tordo, Tamps. SMN*",207.53
-98.5975,26.238056,TAMS,CDOTP,"S-J-2-18 Ciudad DÌaz Ordaz, Tamps.",81
-98.8,26.25,TAMS,CMGTP,"S-J-2-11 Camargo, Tamps.",101.6
-99.25,26.416667,TAMS,CMRTP,"Mier, Tamps.",38.11
-97.818333,25.638889,TAMS,CONTP,"Control, Tamps.",163.74
-98.936389,23.937778,TAMS,CORONA,"Corona, Tamps. SGT*",146.9
-98.935833,23.939167,TAMS,CORTP,"Corona, Tamps.",165.6
-99.166667,23.716667,TAMS,CVCTP,"Observatorio de Ciudad Victoria, Tamps.",83.2
-99.1875,23.730278,TAMS,CVTTP,"Ciudad Victoria (Gerencia), Tamps.",72.92
-99.083333,23.383333,TAMS,ENNTP,"La Encantada, Tamps.",113.8
-98.691667,22.605,TAMS,ERCTP,"Estudiante Ramiro Caballero Dorantes, Tamps.",164.8
-98.1575,24.842778,TAMS,FD2TP,"San Fernando, Tamps. SMN*",90.93
-98.158333,24.843889,TAMS,FDOTP,"San Fernando, Tamps.",121.6
-99.170556,26.560278,TAMS,FLCTP,"Internacional FalcÛn, Tamps.",7.5
-99.148889,23.023056,TAMS,GOMEZFARIAS,"GÛmez FarÌas, Tamps. SGT*",195.5
-99.548333,26.816944,TAMS,LASTORTILLASC,"Las Tortillas RÌo Salado, Tamps. SGT*",2.2
-99.233611,26.408889,TAMS,LBLTP,"Derivadora Las Blancas, Tamps.",0.25
-99.116667,22.833333,TAMS,LSRTP,"La Servilleta, Tamps.",151.2
-98.713611,22.796944,TAMS,MAGISCATZIN,MagiscatzÌn Tamps. SGT*,211.2
-99.551111,24.566667,TAMS,MAGTP,"Magueyes, Tamps.",192.11
-99.546944,24.570278,TAMS,MAGUEYES,"Magueyes, Tamps. SGT*",177.2
-97.522778,25.833333,TAMS,MATTP,"Matamoros, Tamps.",145.51
-97.844167,22.283889,TAMS,MDRTP,"Madero, Tamps.",133.3
-99.040833,26.374167,TAMS,MGATP,"S-J-1-2 Miguel Alem·n, Tamps.",109.2
-98.705556,22.795833,TAMS,MGSTP,"MagiscatzÌn Dos, Tamps.",215
-99.434444,24.2525,TAMS,MHGTP,"Miguel Hidalgo, Tamps.",167.3
-98.925556,26.204722,TAMS,MRGTP,"Marte Rodolfo GÛmez, Tamps.",44.3
-99.53,27.44,TAMS,NUEVOLAREDO,"Nuevo Laredo, Tamps. SGT*",51
-99.490278,27.495556,TAMS,NVLTP,"Nuevo Laredo, Tamps.",51.1
-98.9,24.05,TAMS,PADTP,"Padilla, Tamps.",172.21
-97.8,25.8,TAMS,PANTP,"Pueblo An·huac, Tamps.",83.31
-98.742778,23.725556,TAMS,PASOMOLINA,"Paso de Molina, Tamps. SGT*",94.3
-98.745833,23.726667,TAMS,PDMTP,"Paso de Molina, Tamps.",89.62
-98.901667,24.138333,TAMS,PILTP,"PilÛn, Tamps.",78.6
-99.555833,24.2475,TAMS,PJMTP,"Pedro JosÈ MÈndez, Tamps.",225.23
-99.219444,26.406111,TAMS,PLASBLANCAS,"Presa Las Blancas SGT, Tamps.",0.25
-99.5975,24.184167,TAMS,PTODEVALLES,"Puerto de Valles, Tamps. SGT*",74.4
-99.583333,24.183333,TAMS,PVLTP,"Puerto de Valles, Tamps.",56.7
-99.004167,22.845278,TAMS,RFRTP,"RÌo FrÌo, Tamps.",133.5
-98,25.966667,TAMS,RIBTP,"RÌo Bravo, Tamps.",162.6
-99.026111,22.843056,TAMS,RIOFRIO,"RÌo FrÌo, Tamps. SGT*",133.8
-97.991944,23.259444,TAMS,RSPTP,"Rep˙blica EspaÒola, Tamps.",214.2
-98.285833,26.079722,TAMS,RYATP,"S-J-3-42 Reynosa, Tamps.",188.4
-98.883333,26.166667,TAMS,RYNTP,"S-J-2-9 Reynosa, Tamps.",188.4
-99.094444,23.022778,TAMS,SBNTP,"Sabinas, Tamps.",80.1
-98.869444,22.784444,TAMS,SDATP,"Saca de Agua, Tamps.",224.51
-98.787222,23.083611,TAMS,SGBTP,"San Gabriel, Tamps.",78.8
-98.210833,23.7675,TAMS,SLMTP,"Soto la Marina, Tamps.",212.2
-98.791389,22.943889,TAMS,SLZTP,"Lic. Emilio Portes Gil, Tamps.",150.4
-99.274167,24.0225,TAMS,STETP,"Santa Engracia, Tamps.",112.3
-98.421944,22.413889,TAMS,TAMESI,"Tamesi, Tamps. SGT*",1.8
-97.878889,22.238611,TAMS,TMPTP,"Tampico, Tamps.",186
-98.422778,22.423889,TAMS,TMSTP,"TamesÌ, Tamps.",55.7
-97.804167,25.906111,TAMS,VCATP,"Villa C·rdenas, Tamps.",108.22
-98.666389,23.959444,TAMS,VGRTP,"Vicente Guerrero, Tamps.",166.5
-97.8,25.7,TAMS,VHMTP,"Valle Hermoso, Tamps.",129.53
-99.551111,24.566667,TAMS,VSMTP,"Victoria-San Marcos, Tamps.",70.6
-98.563889,19.586111,TLAX,CPPTL,"Calpulalpan, Tlax.",76.92
-97.769722,19.298889,TLAX,CUATL,"Cuapiaxtla, Tlax.",151.26
-97.6475,19.318056,TLAX,ECTTL,"El Carmen Tequexquitla, Tlax.",84.55
-97.911111,19.315833,TLAX,HMTTL,"Huamantla, Tlax.",136.8
-98.2,19.4,TLAX,OBSTL,"Observatorio de Tlaxcala, Tlax.",258.5
-98.200556,19.556111,TLAX,SJATL,"San JosÈ Atlanga, Tlax.",130
-98.243056,19.219444,TLAX,ZACTL,"Zacatelco, Tlax.",244.1
-97.908056,19.200278,TLAX,ZITTL,"Zitlaltepec, Tlax.",237.01
-96.843889,19.695833,VER,ACAVC,"Acatl·n, Ver.",308.02
-96.583056,19.161111,VER,ACTOPANVER,"Actopan, Ver SGT*",51.7
-96.5875,19.495,VER,ACTVC,"Actopan, Ver.",94.41
-94.144444,18.141667,VER,AGDVC,"Agua Dulce, Ver.",168.02
-97.68,20.93,VER,ALAVC,"¡lamo Temapache, Ver.",82.01
-97.234722,19.7625,VER,ALTVC,"Altotonga, Ver.",403.31
-95.4375,18.583333,VER,ARCVC,"¡ngel Rosario Cabada, Ver.",269.81
-96.944444,19.588889,VER,BANVC,"Banderillas, Ver.",128
-96.933333,19.483333,VER,BRIVC,"Briones, Ver.",263.02
-94.253889,17.954444,VER,CB2VC,"Planta de Bombeo 2 de La Cangrejera, Ver.",119.61
-95.8,18.3,VER,CCLVC,"Chacaltianguis, Ver.",145.7
-96.994444,19.332778,VER,CDCVC,"Cosautl·n de Carvajal, Ver.",425.51
-96.697778,19.433056,VER,CEGVC,"Cerro Gordo, Ver.",90.8
-96.853611,18.563333,VER,CHMVC,"Chicomapa, Ver.",243.4
-98.155833,21.7375,VER,CHYVC,"Paso de Piedras, Ver.",70.01
-94.406667,18.149722,VER,COATZACOALCOmar,"Coatzacoalcos, Ver. SEMAR*",150.8
-96.939444,19.453889,VER,COAVC,"Coatepec, Ver.",197.21
-94.4,18.1,VER,COTVC,"Coatzacoalcos, Ver.",196.3
-96.374444,19.364722,VER,CRDVC,"Cardel, Ver.",146.52
-96.647222,19.320278,VER,CRRVC,"Carrizal, Ver.",27.01
-95.295833,18.144444,VER,CTTVC,"Coatotolapan, Ver.",96.85
-97.458611,21.773611,VER,ELHIGO,"El Higo, Ver. SGT*",142.2
-98.503889,21.832222,VER,ELOLIVO,"El Olivo, Ver. SGT*",38
-96.36,19.405833,VER,ENRVC,"El Naranjillo, Ver.",175
-97.399167,20.2575,VER,ESPVC,"El Espinal, Ver.",111.4
-96.158333,19.068889,VER,ETEVC,"El Tejar, Ver.",186.8
-95.556944,18.270556,VER,GARVC,"Garro, Ver.",155.51
-98.443889,21.777222,VER,HGOVC,"El Higo, Ver.",130.8
-98.274167,21.160556,VER,HLSVC,"Los Hules, Ver.",144.6
-96.950833,19.181667,VER,HTSVC,"Huatusco, Ver.",298.3
-98.483333,20.533333,VER,HUYVC,"Huayacocotla, Ver.",253.5
-96.554167,19.404167,VER,IDOVC,"Õdolos, Ver.",64.6
-97.2175,21.471667,VER,ISLALOBOSmar,"Isla Lobos, Ver. SEMAR*",68.54
-94.666667,17.95,VER,JALVC,"Jaltip·n, Ver.",69.3
-96.241389,19.042778,VER,JAMAPA,"Jamapa, Ver. SGT*",181.8
-95.033333,17.433333,VER,JCRVC,"Jes˙s Carranza, Ver.",102.85
-94.088889,17.873611,VER,JDCVC,"San JosÈ del Carmen, Ver.",178.5
-97.3,19.816667,VER,JLNVC,"Jalacingo, Ver.",264
-97.021111,19.603611,VER,JOYVC,"La Joya, Ver.",443.81
-95.35,18.25,VER,LAUVC,"Lauchapan, Ver.",215.9
-94.330833,18.109444,VER,LCAVC,"La Cangrejera, Ver.",141.02
-95.118333,18.415833,VER,LDCVC,"Canseco, Ver.",165.6
-97.231944,18.922778,VER,LGRVC,"Loma Grande, Ver.",224.01
-96.978333,20.051944,VER,LIBVC,"Libertad, Ver.",158.81
-96.411111,19.261389,VER,LOFVC,"Loma Fina, Ver.",126
-94.916667,17.416667,VER,LPEVC,"Las Perlas, Ver.",133.4
-97.1,19.65,VER,LVRVC,"Las Vigas de RamÌrez, Ver.",216.3
-97.048333,20.0675,VER,MDTVC,"MartÌnez de la Torre, Ver.",146.54
-96.333333,19.15,VER,MFAVC,"Manlio Fabio Altamirano, Ver.",64.04
-98.045,20.8325,VER,MILVC,"Milcahual, Ver.",261.81
-94.771111,18.135278,VER,MNZVC,"Minzapan, Ver.",194.62
-96.833333,19.933333,VER,MZNVC,"Misantla, Ver.",159.9
-96.872222,19.65,VER,NAOVC,"Naolinco, Ver.",208.94
-98.5125,21.840278,VER,OLVVC,"El Olivo, Ver.",35.6
-97.1,18.85,VER,ORZVC,"Orizaba, Ver.",390.13
-96.97,19.55,VER,OTIVC,"Otilpan, Ver.",281.7
-98.176667,22.06,VER,PANUCO,"P·nuco, Ver. SGT*",171.6
-94.3775,18.103611,VER,PB3VC,"Planta de Bombeo 3 de La Cangrejera, Ver.",174.5
-94.193611,17.872778,VER,PCNVC,"Planta de Bombeo 1 de La Cangrejera, Ver.",107.53
-96.140833,19.041667,VER,PDTVC,"Paso del Toro, Ver.",0.06
-97.814444,21.184444,VER,PEMVC,"Presa el Moralillo, Ver.",58.6
-97.268333,19.545,VER,PEROTESMN,"Perote, Ver. SMN*",4.82
-97.238889,19.580556,VER,PERVC,"Perote, Ver.",97.37
-98.172778,22.053333,VER,PNCVC,"P·nuco, Ver.",169.6
-97.316667,20.45,VER,PPNVC,"Papantla, Ver.",59.32
-97.478333,20.540833,VER,PRCVC,"Poza Rica, Ver.",34.62
-98.335278,21.293611,VER,PSNVC,"PlatÛn S·nchez, Ver.",154.2
-96.795278,18.888056,VER,PTNVC,"Potrero Nuevo, Ver.",352.41
-95.627778,18.716667,VER,RALVC,"Radar Alvarado, Ver.",226.81
-97.809722,20.887222,VER,SBTVC,"Sombrerete, Ver.",147.64
-95.183333,18.45,VER,SIHVC,"Sihuap·n, Ver.",217.6
-95.133333,17.883333,VER,SJEVC,"San Juan Evangelista, Ver.",160.7
-95.033333,18.516667,VER,SONVC,"Sontecomapan, Ver.",327.6
-95.212778,18.450833,VER,STXVC,"San AndrÈs Tuxtla AC, Ver.",131.9
-96.488889,19.338889,VER,TAMVC,"Tamarindo, Ver.",83
-96.966667,19.45,VER,TAPVC,"Tapachapan, Ver.",301.4
-96.35,18.45,VER,TBLVC,"Tierra Blanca, Ver.",190.6
-96.966667,19.383333,VER,TCOVC,"Teocelo, Ver.",242
-98.409444,21.499722,VER,TEMPOAL,"Tempoal Veracruz, Ver. SGT*",146.4
-94.163333,17.571944,VER,TMOVC,"Tierra Morada, Ver.",102.1
-98.383333,21.517222,VER,TMPVC,"Tempoal, Ver.",153.6
-96.916667,19.811111,VER,TNCVC,"Tenochtitl·n, Ver.",185.7
-97.2225,19.921944,VER,TOMVC,"Tomata, Ver.",232.23
-96.950278,19.233611,VER,TOTVC,"Totutla, Ver.",323.49
-98.139167,21.036944,VER,TRRVC,"Terrerillos, Ver.",243
-97.4,20.955556,VER,TXPVC,"Tuxpan, Ver.",159.82
-95.416667,18.466667,VER,TZAVC,"Tres Zapotes, Ver.",151.5
-95.7,18.075,VER,VAZVC,"Villa Azueta, Ver.",50
-96.111111,19.154167,VER,VERVC,"Veracruz, Ver.",180.8
-96.613889,19.022222,VER,VTEVC,"Villa Tejeda, Ver.",119
-96.85,19.55,VER,XCFVC,"Xalapa CFE, Ver.",268.22
-96.935556,19.547222,VER,XMGVC,"Xalapa Magisterial, Ver.",220.55
-96.916667,19.533333,VER,XOBVC,"Observatorio de Xalapa, Ver.",261.53
-96.871667,19.511667,VER,XOLVC,"Xalapa Olmos, Ver.",153.14
-96.894444,19.555833,VER,XSUVC,Xalapa sumidero,133.34
-97.416667,19.433333,VER,ZALVC,"Zalayeta, Ver.",68
-89.681111,20.649444,YUC,ABAYC,"Abala, Yuc.",272
-89.218889,19.883056,YUC,BECYC,"BecanchÈn, Yuc.",48.01
-89.081667,20.463056,YUC,CANYC,"Cantamayec, Yuc.",54
-90.3825,20.858056,YUC,CELYC,"Celestun, Yuc. SMN*",4.75
-89.829444,20.752778,YUC,CHOYC,"Chochol·, Yuc.",404.7
-89.638056,21.03,YUC,CICYC,"Centro de InvestigaciÛn CientÌfica, Yuc.",163.81
-89.501111,21.078889,YUC,CONYC,"Conkal, Yuc.",229
-87.676667,21.5125,YUC,CYOYC,"El Cuyo, Yuc.",23.21
-89.583611,20.983889,YUC,EZAYC,"Emiliano Zapata, Yuc.",258
-89.644167,20.935278,YUC,FAEYC,"Fuerza AÈrea, Yuc.",190.22
-89.642778,21.048889,YUC,FIYYC,"Fiuady, Yuc.",178.71
-89.658056,20.984167,YUC,GARYC,"Organismo de Cuenca PenÌnsula de Yucat·n, Yuc.",225.83
-89.651111,20.946389,YUC,MEOYC,"Observatorio de MÈrida, Yuc.",284.01
-89.4375,21.105556,YUC,MOCYC,"Mococha, Yuc.",291.7
-89.711667,20.493333,YUC,MUNYC,"Muna, Yuc.",199
-89.394722,20.290556,YUC,OXKYC,"Oxkutzcab, Yuc.",241.5
-88.930833,20.1325,YUC,PETYC,"Peto, Yuc.",117.04
-89.653889,21.275833,YUC,PROYC,"Progreso, Yuc.",132.5
-88.160278,21.571111,YUC,RILYC,"RÌo Lagartos, Yuc. SMN*",50
-88.160556,21.571667,YUC,RLAYC,"RÌo Lagartos, Yuc.",54.8
-89.558056,20.397778,YUC,TICYC,"Ticul, Yuc.",211.71
-88.1725,21.158611,YUC,TIZYC,"TizimÌn, Yuc.",186.11
-88.204167,20.69,YUC,VALYC,"Valladolid, Yuc.",46.8
-103.225278,22.327222,ZAC,ACHZC,"Achimec, Zac.",87.32
-103.459167,21.811389,ZAC,ATGZC,"Atolinga, Zac.",58.5
-102.953333,22.824167,ZAC,BTEZC,"RamÛn LÛpez Velarde, Zac.",27.1
-102.896111,21.997222,ZAC,CHIZC,"El Chique, Zac.",65.5
-103.098333,23.693333,ZAC,ELCZC,"El Cazadero, Zac.",24.81
-102.040833,22.673056,ZAC,ELSZC,"El Saladillo, Zac.",57.53
-103.35,21.645833,ZAC,EXCZC,"Miguel Alem·n, Zac.",33.34
-102.890833,23.173889,ZAC,FREZC,"Fresnillo, Zac.",19.9
-103.093333,22.933333,ZAC,GJAZC,"General JoaquÌn Amaro, Zac.",122.01
-102.506667,22.746667,ZAC,GPEZC,"Guadalupe, Zac.",80.2
-102.46,22.4875,ZAC,GRCZC,"Genaro Codina, Zac.",52.5
-103.001944,22.642778,ZAC,JERZC,"Jerez, Zac.",36.31
-102.566944,22.778889,ZAC,LBUZC,"La Bufa, Zac.",43.1
-103.603056,22.686944,ZAC,LFLZC,"La Florida, Zac.",20
-102.660556,22.996944,ZAC,LLBZC,"Llano Blanco, Zac.",49.43
-102.251667,22.438611,ZAC,LMOZC,"Luis Moya, Zac.",42.6
-103.382778,22.845278,ZAC,LOBZC,"Manuel Felgueres, Zac.",27.5
-101.985556,22.264722,ZAC,LORZC,"Loreto, Zac.",48.7
-103.216944,23.18,ZAC,LREZC,"Gobernador Leobardo Reynoso, Zac.",23.6
-103.363889,21.2125,ZAC,MORZC,"Mezquital del Oro, Zac.",77.5
-103.561667,22.306944,ZAC,MRSZC,"Monte Escobedo, Zac.",52.2
-102.845556,21.3575,ZAC,NCTZC,"Nochistl·n, Zac.",40.02
-102.269444,22.577778,ZAC,OCAZC,"Ojo Caliente, Zac.",73
-102.798056,22.347778,ZAC,PALZC,"Palomas, Zac.",78.6
-101.399167,22.1175,ZAC,PINZC,"Pino Su·rez, Zac.",63.7
-102.903611,21.711111,ZAC,PMOZC,"MoraleÒos, Zac.",83.01
-103.025833,23.816944,ZAC,RGRZC,"RÌo Grande, Zac.",25.74
-102.884444,24.322222,ZAC,SFOZC,"San Francisco, Zac.",51.13
-103.506111,24.288611,ZAC,SGOZC,"Santiago, Zac.",53.12
-103.636667,23.638889,ZAC,SOMZC,"Sombrerete, Zac.",25.2
-103.495833,22.326667,ZAC,STEZC,"Santa Teresa (Independencia Nacional), Zac.",46.2
-103.108889,22.923611,ZAC,STRZC,"Santa Rosa, Zac.",49.6
-102.864167,22.120556,ZAC,TAYZC,"Ing. Juli·n Adame Alatorre, Zac.",61.11
-103.879722,23.471944,ZAC,TCHZC,"Chalchihuites, Zac.",63
-103.309444,21.773611,ZAC,TLLZC,"Tlaltenango, Zac.",65.43
-101.916944,22.520278,ZAC,VGOZC,"Villa Gonz·lez Ortega, Zac.",52.52
-101.715833,22.3475,ZAC,VHGZC,"Villa Hidalgo, Zac.",49.3
-103.3375,21.588889,ZAC,VILZC,"JosÈ MarÌa Morelos, Zac.",29.01
-102.576667,22.761389,ZAC,ZACZC,"Zacatecas, Zac.",44.32
