Lon,Lat,Clave,Edo,Est,Tmax
-99.75,16.76,76805,GRO,ACAPULCO,32.575
-102.29,21.85,76571,AGS,AGUASCALIENTES,25.87857143
-111.83,30.71,76113,SON,ALTAR,19.99166667
-93.9,16.24,76840,CHIS,ARRIAGA,35.86071429
-90.5,19.83,76695,CAMP,CAMPECHE,34.84444444
-111.65,25.01,76402,BCS,CD. CONSTITUCIÓN,26.35
-109.92,27.48,76258,SON,CD. OBREGON,20.45
-99.17,23.75,76491,TAMPS,CD. VICTORIA,26.9
-99.2,19.4,76680,DF,CENTRAL TACUBAYA,26.32857143
-88.3,18.48,76750,QROO,CHETUMAL,31.05714286
-106.13,28.67,76225,CHIH,CHIHUAHUA,22.69285714
-99.5,17.55,76762,GRO,CHILPANCINGO,31.78571429
-103.46,19.73,76656,JAL,CIUDAD GUZMÁN,26.4962963
-94.51,18.19,76741,VER,COATZACOALCOS,30.15357143
-103.72,19.24,76658,COL,COLIMA,34.18214286
-92.13,16.23,76848,CHIS,COMITAN,27.25357143
-99.23,18.89,76726,MOR,CUERNAVACA,30.79130435
-107.44,24.63,76412,SIN,CULIACÁN,29.67037037
-104.6,24.09,76423,DGO,DURANGO,27.42857143
-115.19,32.41,76040,BC,EJIDO NVO. LEÓN,20.74230769
-110.8,27.95,76256,SON,EMPALME,24.58571429
-88.05,19.57,76698,QROO,FPE. CARRILLO PUERTO,32.19285714
-103.39,20.71,76612,JAL,GUADALAJARA,28.83214286
-101.29,21.01,76577,GTO,GUANAJUATO,26.58214286
-110.93,29.08,76160,SON,HERMOSILLO,23.755
-105.67,26.92,76323,CHIH,HGO. DEL PARRAL,24.19642857
-97.77,17.8,76773,OAX,HUAJUAPAN DE LEON,31.74285714
-96.9,19.51,76687,VER,JALAPA,25.67037037
-110.32,24.12,76405,BCS,LA PAZ,25.76785714
-111.35,26.02,76305,BCS,LORETO,24.39285714
-104.33,19.07,76654,COL,MANZANILLO,30.54285714
-98.81,21.28,76585,SLP,MATLAPA,27.61923077
-106.41,23.22,76458,SIN,MAZATLAN,26.35714286
-89.65,20.95,76644,YUC,MERIDA,34.24642857
-101.42,26.91,76342,COAH,MONCLOVA,25.96428571
-100.3,25.73,76393,NL,MONTERREY,25.43846154
-101.18,19.7,76665,MICH,MORELIA,28.63214286
-107.93,30.42,76122,CHIH,NUEVO CASAS GRANDES,18.93928571
-96.7,17.07,76775,OAX,OAXACA,31.98571429
-97.1,18.85,76737,VER,ORIZABA,25.97857143
-98.75,20.13,76632,HGO,PACHUCA,25.36785714
-100.52,28.7,76243,COAH,PIEDRAS NEGRAS,22.66666667
-89.65,21.28,76593,YUC,PROGRESO,33.06296296
-98.17,19.05,76685,PUE,PUEBLA,26.85357143
-96.48,15.65,76855,OAX,PUERTO ANGEL,32.776
-100.4,20.58,76625,QRO,QUERETARO,27.16428571
-100,21.92,76581,SLP,RIO VERDE,32.72592593
-95.18,16.17,76833,OAX,SALINA CRUZ,33.73571429
-92.63,16.73,76845,CHIS,SAN CBAL. DE LAS CASAS,24.04642857
-101.02,22.21,76539,SLP,SAN LUIS POTOSÍ,28.2
-103.65,23.47,76471,ZAC,SOMBRERETE,25.325
-98.2,23.77,76499,TAMPS,SOTO LA MARINA,29.43571429
-112.25,27.28,76253,BCS,STA. ROSALIA,19.33333333
-97.85,22.22,76548,TAMPS,TAMPICO,29.22
-92.25,14.92,76903,CHIS,TAPACHULA,35.61851852
-107.82,28.95,76220,CHIH,TEMOSACHIC,15.25
-104.89,21.49,76556,NAY,TEPIC,28.61071429
-98.24,19.31,76683,TLAX,TLAXCALA,26.31071429
-99.71,19.29,76675,MEX,TOLUCA,24.70357143
-103.45,25.53,76382,COAH,TORREON,30.34285714
-98.36,20.08,76634,HGO,TULANCINGO,26.81428571
-97.42,20.96,76640,VER,TUXPAN,26.85384615
-93.13,16.75,76843,CHIS,TUXTLA GUTIÉRREZ,34.34642857
-88.2,20.69,76647,YUC,VALLADOLID,33.06521739
-96.14,19.16,76692,VER,VERACRUZ,28.775
-92.93,17.98,76743,TAB,VILLAHERMOSA,31.63703704
-102.57,22.78,76525,ZAC,ZACATECAS,19.25357143
-102.32,19.98,76662,MICH,ZAMORA,31.33571429
-103.7,27.29,SMJCL,COAH,Sierra Mojada Coah.,22.42857143
-101.47,21.07,COMGJ,GTO,Comanjilla Gto.,28.84615385
-101.22,21.48,SFEGJ,GTO,San Felipe Gto.,24.17857143
-99.32,18.63,PIXMR,MOR,Puente de Ixtla Mor.,35.32142857
-98.76,18.88,OCTMR,MOR,Ocuituco Mor.,29.05357143
-107.06,24.75,VINSI,SIN,Vinoramas Sin.,29.90384615
-107.76,25.12,RAVSI,SIN,Estación Rancho Viejo Sin.,30.26923077
-95.03,18.52,SONVC,VER,Sontecomapan Ver.,27.66071429
-100.36,20.2,CORGJ,GTO,Coroneo Gto.,26.67307692
-101.11,21.32,LQMGJ,GTO,La Quemada Gto.,24.5
-103.87,19.17,LAECM,COL,La Esperanza Col.,34.3
-99.1,18.79,TICMR,MOR,Ticumán Mor.,32.03846154
-96.97,19.45,TAPVC,VER,Tapachapan Ver.,25.32142857
-98.5,16.66,QTZGR,GRO,Quetzala Gro.,32.72222222
-98.83,18.95,ACHMR,MOR,Achichipico Mor.,28.67857143
-103.27,22.11,76519,JAL,COLOTLAN,27.25714286
-100.5,21.22,POZGJ,GTO,Pozos Gto.,25.62962963
-105.85,23.09,TORSI,SIN,Las Tortugas Sin.,33.33928571
-101.02,20.43,SMAGJ,GTO,San Miguel de Allende Gto.,26.52
-99.24,19.53,CLYMX,MEX,Calacoaya Méx.,24.76785714
-96.3,17.78,VANOX,OAX,Valle Nacional Oax.,31.46428571
-111.35,26.01,76304,BCS,LORETO (AUTOMATICA),24.85384615
-96.41,19.26,LOFVC,VER,Loma Fina Ver.,32.22222222
-92.4,15,HUECP,CHIS,Huehuetán Chis.,37.39285714
-100.92,25.44,ESLCL,COAH,E. C. Saltillo Coah.,23.37037037
-103.26,25.77,FIMCL,COAH,Francisco I. Madero Coah.,28.60714286
-104.56,25.18,RDODR,DGO,Rodeo Dgo.,26.53571429
-98.51,17.62,IXTGR,GRO,Ixcateopan de Tlapa Gro.,36.59090909
-98.78,18.94,HUXMR,MOR,Huecahuaxco Mor.,24.15
-96.53,17.43,ATEOX,OAX,Atepec Oax.,29.125
-110.29,30.98,CNNSO,SON,Cananea Son.,16.01923077
-99.27,24.02,STETP,TAMPS,Santa Engracia Tamps.,26.99615385
-102.78,24.63,SJGDR,DGO,San Juan de Guadalupe Dgo.,28.64285714
-104.29,25.56,SPGDR,DGO,San Pedro del Gallo Dgo.,27.25
-99.2,19.31,CCH S,DF,CCH Sur,24.94285714
-99.13,19.42,ENP 7,DF,Ezequiel A. Chavez,25.825
-96.95,19.23,TOTVC,VER,Totutla Ver.,25.10714286
-97.01,18.33,ZOQPB,PUE,Zoquitlán Pue.,26.32142857
-98.7,18.88,HUEMR,MOR,Hueyapan Mor.,24.22727273
-101.66,19.93,AMEMC,MICH,Aristeo Mercado Mich.,27.44782609
-110.24,28.71,SJPSO,SON,San José de Pimas Son.,23.71428571
-100.51,28.71,76242,COAH,PIEDRAS NEGRAS (AUTOMATICA),23.97692308
-99.55,24.57,VSMTP,TAMPS,Victoria-San Marcos Tamps.,27.21153846
-98.23,19.32,76684,TLAX,Tlaxcala (Automatica),26.51538462
-99.93,17.6,YXTGR,GRO,Yextla Gro.,27.32
-96.91,18.21,LCAOX,OAX,La Carbonera Oax.,23.6
-96.97,19.55,OTIVC,VER,Otilpan Ver.,23
-100.75,20.58,SMOGJ,GTO,San Miguel Octopan Gto.,27.4
-96.45,17.12,SMAOX,OAX,San Antonio Cuajimoloyas Oax.,17.75
-100.37,20.57,GHQQT,QRO,Gerencia Hidalgo Qro.,27.12
-111.35,26.01,BLORETO,BCS,Bahía de Loreto B.C.S. SMN*,23.86785714
-99.48,16.8,SNMGR,GRO,San Marcos Gro.,34.05555556
-103.51,24.29,SGOZC,ZAC,Santiago Zac.,20.76785714
-113.55,31.3,76061,SON,PTO. PEÑASCO,20.03
-98.82,21.32,76586,SLP,MATLAPA (AUTOMATICA),30.488
-109.92,22.89,SLUBS,BCS,Cabo San Lucas B.C.S. SMN*,27.46071429
-110.22,23.45,TODOSLOSSANTOS,BCS,Todos los Santos B.C.S. SMN*,23.70740741
-89.4,18.5,XPJCA,CAMP,Xpujil Camp.,31.53571429
-89.72,19.46,DZILBACHEN,QROO,Dzilbachén Camp. SMN*,32.41785714
-106.87,28.42,CUACH,CHIH,Cuauhtémoc Chih.,17.69230769
-106.03,28.67,76226,CHIH,CHIHUAHUA (AUTOMATICA),23.4
-92.48,15.97,CATARINITAS,CHIS,Catarinitas Chis. SGT*,34.70714286
-92.05,16.12,ZAPALUTA,CHIS,Zapaluta Chis. SGT*,25.44642857
-91.73,16.91,YAQUINTELA,CHIS,Yaquintela Chis. SGT*,30.76428571
-101.12,29.15,CBRCL,COAH,Cabeceras Coah.,22
-103.35,24.47,SCLDR,DGO,Santa Clara Dgo.,27.32692308
-100.52,18.08,AFIGR,GRO,Andrés Figueroa Gro.,37.80769231
-98.13,20.14,LAGUNASGT,HGO,La Laguna Hgo. SGT*,20.84
-103.42,20.44,TLAJOMULCO,JAL,Tlajomulco Jal. SMN*,28.72857143
-99.04,18.58,SPHMR,MOR,San Pablo Hidalgo Mor.,38.56818182
-100.01,25.27,AL2NL,NL,Allende Dos N. L.,23.96153846
-96.72,15.81,COZOX,OAX,San Francisco Cozoaltepec Oax.,34.6
-95.7,16.01,ASTOX,OAX,Astata Oax.,34.71153846
-95.48,16.59,RHOOX,OAX,Río Hondo Oax.,36.67857143
-96.85,18.4,TLPPB,PUE,Tlacotepec de Díaz Pue.,29.03571429
-98,20.22,NECAXASGT,PUE,Necaxa Pue. SGT*,22.62541667
-87.49,21.1,KANTUNILKIN,QROO,Kantunilkín Q. Roo. SMN*,30.44285714
-99.15,21.82,TANCHACHIN,SLP,Tanchachín S.L.P. SGT*,28.78518519
-110.21,27.59,TORIM,SON,Tórim Son. SGT*,24.90714286
-109.97,27.61,TAJIMAROA,SON,Tajimaroa Son. SGT*,26.31428571
-110.3,27.64,VICAM,SON,Vícam Son. SGT*,24.22173913
-109.89,27.75,AGCSO,SON,Agua Caliente Son.,24.37037037
-98.63,22.49,NVAAPOLONIA,TAMPS,Nueva Apolonia Tamps. SGT*,30.188
-99.15,22.99,AHUALULCOTP,TAMPS,Ahualulco Tamps. SGT*,29.38076923
-99.15,23.05,GOMEZFARIAS,TAMPS,Gomez Farias Tamps. SGT*,28.17142857
-98.37,24.05,ABASOLO,TAMPS,Abasolo Tamps. SGT*,29.136
-99.22,24.1,BARRETALI,TAMPS,Barretal Uno Tamps. SGT*,28.10769231
-99.43,24.25,TOMASENO,TAMPS,El Tomaseño Tamps. SGT*,26.85769231
-92.26,14.91,TAPCP,CHIS,Tapachula Chis.,35.43846154
-99.61,18.55,TAXGR,GRO,Taxco Gro.,27.7826087
-102.37,21.78,NGRAG,AGS,El Niagara Ags.,27.58928571
-102.79,21.81,MNLAG,AGS,Media Luna Ags.,28.39285714
-102.71,21.85,CALVILLO,AGS,Calvillo Ags. SMN*,29.83214286
-102.29,21.85,OBSAG,AGS,Observatorio de Aguascalientes Ags.,27.41428571
-102.31,21.9,AGSAG,AGS,Aguascalientes Ags.,27.875
-102,21.9,CNSAG,AGS,Los Conos Ags.,27.30357143
-102.68,22,CDRAG,AGS,La Codorniz Ags.,27.91071429
-102.36,22.12,JCQAG,AGS,Jocoque Ags.,27.08928571
-102.42,22.14,PECAG,AGS,Plutarco Elías Calles Ags.,27.28571429
-102.29,22.16,PBLAG,AGS,Pabellón Ags.,26.35714286
-102.47,22.19,ANVAG,AGS,Cincuenta Aniversario Ags.,26.26071429
-102.14,22.2,PTOAG,AGS,Puerto de la Concepción Ags.,24.32142857
-102.44,22.24,PTRAG,AGS,Derivadora Pabellón Ags.,26.19642857
-102.3,22.36,CSOAG,AGS,Cosío Ags.,21.83928571
-114.72,29.73,CATAVINA,BC,Cataviña B.C. SMN*,16.19259259
-114.85,31.03,SFLBN,BC,San Felipe B.C.,18.86363636
-116.6,31.89,ELZBN,BC,Emilio López Zamora B.C.,18.375
-116.2,32.27,AGHBN,BC,Agua Hechicera B.C.,11.12
-115.15,32.41,ENLBN,BC,Ejido Nuevo León B.C.,21.4
-116.91,32.44,ALRBN,BC,Abelardo L. Rodríguez B.C.,17.72
-116.83,32.47,EFLBN,BC,El Florido B.C.,16.68421053
-116.7,32.48,CRRBN,BC,El Carrizo B.C.,16.39130435
-114.73,32.7,PDMBN,BC,Presa Derivadora Morelos B.C.,18.6875
-109.93,22.9,CSLBS,BCS,Cabo San Lucas B.C.S.,28.23076923
-109.71,23.07,SJCBS,BCS,San José del Cabo B.C.S.,26.03571429
-110.22,23.43,TSNBS,BCS,Todos Santos B.C.S.,24.14814815
-109.72,23.45,SNTBS,BCS,Santiago B.C.S.,26.89285714
-109.55,23.58,RBRBS,BCS,La Ribera B.C.S.,25.375
-109.7,23.68,LBABS,BCS,Los Barriles B.C.S.,26.125
-109.84,23.74,SBABS,BCS,San Bartolo B.C.S.,25.39285714
-110.05,23.8,SANBS,BCS,San Antonio B.C.S.,28.98214286
-109.98,24.07,PLNBS,BCS,Los Planes B.C.S.,25.76785714
-109.98,24.07,SARBS,BCS,El Sargento B.C.S.,24.14285714
-110.37,24.15,LPZBS,BCS,La Paz B.C.S.,25.75714286
-111.66,25,CCNBS,BCS,Ciudad Constitución B.C.S.,26.35
-111.34,26.02,LRTBS,BCS,Loreto B.C.S.,24.49285714
-112.28,27.3,SRLBS,BCS,Santa Rosalía B.C.S.,19.372
-113.42,27.78,DORBS,BCS,Díaz Ordaz B.C.S.,20.69642857
-114.05,27.97,GNGBS,BCS,Guerrero Negro B.C.S.,19.34615385
-89.89,18.09,CALAKMUL,CAMP,Calakmul Camp. SMN*,31.84285714
-89.89,18.36,CALCA,CAMP,Calakmul Camp. SMN*,32.72962963
-91.05,18.18,CNDCA,CAMP,Candelaria Camp.,34.14285714
-92.09,18.25,PLZCA,CAMP,Palizada Camp.,31.98214286
-90.74,18.6,ESCCA,CAMP,Escárcega Camp.,32.07142857
-91.76,18.65,CARCA,CAMP,El Carmen Camp.,32.22222222
-91.18,18.97,SBNCA,CAMP,Sabancuy Camp.,32.92857143
-90.58,19.3,CANCA,CAMP,Canasayab Camp.,33.75
-90.72,19.36,CHMCA,CAMP,Champotón Camp.,32.67857143
-90.22,19.61,NYXCA,CAMP,Noh-Yaxché Camp.,33.5
-89.86,19.66,XCPCA,CAMP,Xcupil Camp.,32.89473684
-89.85,19.75,HPOCA,CAMP,Hopelchen Camp.,33.25
-90.54,19.84,CMPCA,CAMP,Campeche Camp.,33
-90.51,19.84,COBCA,CAMP,Observatorio de Campeche Camp.,34.90740741
-89.74,20,BOLCA,CAMP,Bolonchen Camp.,33.53703704
-106.38,26.47,RVGCH,CHIH,El Vergel Chih.,15.31818182
-105.16,26.74,VICCH,CHIH,Villa Coronado Chih.,25.8
-107.07,26.81,GRCCH,CHIH,Guerachi Chih.,28.56666667
-107.88,26.87,IGNCH,CHIH,San Ignacio Chih.,28.21428571
-105.68,26.92,PRRCH,CHIH,Parral Chih.,24.2
-107.97,26.94,TBRSI,CHIH,San Francisco Chih.,29.68928571
-107.72,27.03,BTPCH,CHIH,Batopilas Chih.,28.35769231
-104.91,27.13,JMNCH,CHIH,Jiménez Chih.,24.24642857
-107.92,27.22,URICH,CHIH,Urique Chih. SMN*,26.5
-107.91,27.22,URECH,CHIH,Urique Chih.,29.19230769
-108.54,27.42,CNDCH,CHIH,Chínipas Chih.,25.812
-105.81,27.45,VZRCH,CHIH,Valle de Zaragoza Chih.,24.67857143
-105.41,27.54,LBQCH,CHIH,La Boquilla Chih.,25.25
-107.9,27.9,BTVCH,CHIH,Batovira Chih.,16.30434783
-105.63,28.17,FIMCH,CHIH,Francisco I. Madero Chih.,23.75
-108.21,28.21,BSSCH,CHIH,Basaseachi Chih.,14.86923077
-105.45,28.21,CDLCH,CHIH,Ciudad Delicias Chih.,24.57142857
-107.48,28.48,AGZCH,CHIH,Abraham González Chih.,15.57142857
-106.09,28.66,QIJCH,CHIH,Observatorio de Chihuahua Chih.,22.67857143
-107.85,28.95,TMCCH,CHIH,Temósachic Chih.,17.87857143
-105.28,28.98,LLNCH,CHIH,Ing. Luis L. León Chih.,25.775
-108.3,29.2,GPCCH,CHIH,Guapoca Chih.,19.64642857
-107.38,29.56,TNTCH,CHIH,El Tintero Chih.,19.75
-104.41,29.56,OJNCH,CHIH,Ojinaga Chih.,24.26785714
-107.03,29.88,LJSCH,CHIH,Las Lajas Chih.,17.28571429
-107.93,30.38,CAGCH,CHIH,Casas Grandes Chih.,18.95357143
-106.4,31.74,CJZCH,CHIH,Ciudad Juárez Chih.,18.57894737
-92.47,15.13,HUICP,CHIS,Huixtla Chis.,36.125
-92.58,15.2,DESCP,CHIS,Despoblado Chis.,35.58076923
-92.67,15.32,ESCCP,CHIS,Escuintla Chis.,35.76923077
-92.72,15.35,CACCP,CHIS,Cacaluta Chis.,34.32142857
-92.88,15.45,MAPCP,CHIS,Mapastepec Chis.,33.23214286
-92.95,15.5,ELNCP,CHIS,El Novillero Chis.,36.44642857
-93.22,15.69,PIJCP,CHIS,Pijijiapan Chis.,37.42857143
-92.28,15.75,CHMCP,CHIS,Chicomuselo Chis.,34.73571429
-92.24,15.78,SMICP,CHIS,San Miguel Chis.,36.57142857
-93.06,16.45,SDOCP,CHIS,Santo Domingo Chis.,35.19642857
-91.97,15.85,PCOCP,CHIS,Puente Concordia Chis.,32.92857143
-92.72,15.87,JAPCP,CHIS,Jaltenango Chis.,33.71428571
-93.53,15.88,TPICP,CHIS,Tres Picos Chis.,36.85
-92.67,15.92,REFCP,CHIS,Reforma Chis.,33.67857143
-93.08,16.16,REVCP,CHIS,Revolución Mexicana Chis.,33.64285714
-92.1,16.2,COOCP,CHIS,Observatorio de Comitán Chis.,26.87857143
-93.9,16.24,AROCP,CHIS,Arriaga Chis.,36.18928571
-92.48,16.31,CASCP,CHIS,Cascajal Chis.,33.89285714
-92.78,16.4,ANGCP,CHIS,Doctor Belisario Domínguez Chis.,33.73214286
-92.8,16.55,ACACP,CHIS,Acala Chis.,34.85714286
-90.7,16.58,LACCP,CHIS,Lacantún Chis.,31.15789474
-93.15,16.64,BOQCP,CHIS,Boquerón Chis.,35.07142857
-92.63,16.73,SCOCP,CHIS,Observatorio de San Cristóbal Chis.,24.22592593
-93.13,16.75,TXOCP,CHIS,Observatorio de Tuxtla Gutiérrez Chis.,34.56071429
-93.1,16.76,TUXCP,CHIS,Tuxtla Oriente Chis.,33.30357143
-92.82,16.94,SNACP,CHIS,Santa María Chis.,31.19642857
-93.1,16.94,CHICP,CHIS,Manuel Moreno Torres Chis.,33.98076923
-93.12,16.98,GRICP,CHIS,Grijalva Chis.,34.71153846
-93.33,17.12,YAMCP,CHIS,Yamonhó Chis.,32.38461538
-93.6,17.18,MALCP,CHIS,Nezahualcóyotl Chis.,32.375
-93.38,17.42,SAYCP,CHIS,Sayula Chis.,32.07142857
-93.01,17.25,TAPILULA,CHIS,Tapilula Chis. SGT*,27.23076923
-93.46,17.45,PENCP,CHIS,Ángel Albino Corzo Chis.,31.66666667
-92.35,17.57,SAACP,CHIS,Salto de Agua Chis.,30.96428571
-101.02,25.38,STOCL,COAH,Saltillo Coah.,23.07692308
-103.45,25.54,TORCL,COAH,Observatorio de Torreón Coah.,30.34285714
-103.47,25.54,CYTCL,COAH,Coyote Coah.,28.67857143
-100.93,25.56,ARACL,COAH,Ramos Arizpe Aeropuerto Coah.,24
-102.98,25.76,SPECL,COAH,San Pedro Coah.,30.25
-100.66,26.84,CDLCL,COAH,Candela Coah.,24.24
-101.42,26.91,MCVCL,COAH,Monclova Coah.,25.85714286
-102.06,26.98,CCGCL,COAH,Cuatro Ciénegas Coah.,26.77777778
-101,27.42,PRSCL,COAH,Progreso Coah.,25.04
-100.62,27.52,VCRCL,COAH,Venustiano Carranza Coah.,24.10740741
-101.12,27.85,SBNCL,COAH,Sabinas Coah.,22.78846154
-100.53,28.71,PNGCL,COAH,Piedras Negras Coah.,22.8
-100.9,29.03,ZPTCL,COAH,Zapata Coah.,21.8
-100.95,29.03,SMGCL,COAH,San Miguel Coah.,22.92307692
-100.95,29.21,CNTCL,COAH,El Centenario Coah.,22.08333333
-100.95,29.33,CDACL,COAH,Ciudad Acuña Coah.,21.7037037
-101.06,29.45,AMSCL,COAH,Internacional La Amistad Coah.,20.23076923
-103.72,18.75,CDOCM,COL,Cerro de Ortega Col.,32.98214286
-103.77,18.81,LDACM,COL,Laguna de Amela Col.,32.16071429
-103.63,18.83,CLLCM,COL,Callejones Col.,35.5
-103.87,18.91,TCMCM,COL,Tecomán Col.,35.15909091
-104.32,19.04,MNZCM,COL,Manzanillo Col.,30.54285714
-103.8,19.21,CQMCM,COL,Coquimatlán Col.,32.48076923
-103.73,19.22,LPSCM,COL,La Posta Col.,34.19285714
-103.73,19.22,RDRCM,COL,Radar Col.,33.10714286
-103.61,19.25,BVSCM,COL,Buena Vista Col.,33.10714286
-103.81,19.32,PNTCM,COL,Peñitas Col.,34.825
-103.6,19.32,CUACM,COL,Cuauhtémoc Col.,31.43478261
-99.2,19.3,DATDF,DF,Desviación Alta Cd. de Méx.,23.96428571
-99.17,19.45,CBIDF,DF,Escuela Nacional de Ciencias Biológicas IPN Cd. de Méx. SMN*,25.17037037
-99.07,19.47,SJADF,DF,San Juan de Aragón Cd. de Méx.,27.07142857
-99.14,19.52,CEADF,DF,Campamento Amealco Cd. de Méx.,27.28571429
-104.68,23.87,SBYDR,DGO,Santiago Bayacora Dgo.,25.60714286
-104.75,23.96,GVCDR,DGO,Presidente Guadalupe Victoria Dgo.,23.66071429
-104.7,24,CAGDR,DGO,Campo Agrícola Dgo.,25.55769231
-103.96,24,FVLDR,DGO,Francisco Villa Dgo.,27.30357143
-104.67,24.03,DRGDR,DGO,Durango Dgo.,27.35714286
-104.12,24.44,CGVDR,DGO,Ciudad Guadalupe Victoria Dgo.,24
-104.75,24.5,CNTDR,DGO,Canatlán Dgo.,23.64285714
-104.81,24.54,CBRDR,DGO,Caboraca Dgo.,21.58928571
-103.08,24.61,SELDR,DGO,Santa Elena Dgo.,23.07142857
-106.54,24.7,TDRDR,DGO,El Tule del Real Dgo.,32.01785714
-103.7,24.87,CNCDR,DGO,Cuencamé Dgo.,29.96428571
-106.98,24.93,TMZDR,DGO,Tamazula Dgo.,32.96428571
-105.42,25.04,SPPDR,DGO,Santiago Papasquiaro Dgo.,26.32142857
-105.44,25.22,SACDR,DGO,Salomé Acosta Dgo.,25.25
-104.11,25.23,NZSDR,DGO,Nazas Dgo.,32.03571429
-104.07,25.26,AM2DR,DGO,Agustín Melgar Dgo. SMN*,30.44444444
-103.77,25.27,FZRDR,DGO,Francisco Zarco Dgo.,26.5
-105.25,25.5,GESDR,DGO,General Escobedo Dgo.,21.24
-103.52,25.53,CLRDR,DGO,Ciudad Lerdo Dgo.,27.16071429
-105.02,25.59,LCRDR,DGO,Lázaro Cárdenas Dgo.,22.75
-103.85,25.82,MPMDR,DGO,Mapimí Dgo.,34.03571429
-105.96,25.93,GNCDR,DGO,Guanacevit Dgo.,21.28571429
-105.37,25.95,SMODR,DGO,Santa María del Oro Dgo.,20.5
-103.44,26.11,THODR,DGO,Tlahualilo Dgo.,28.07142857
-106.37,26.13,ROSDR,DGO,La Rosilla Dgo.,16.90384615
-104.93,26.24,VHGDR,DGO,Villa Hidalgo Dgo.,24.03571429
-105.56,26.44,SGBDR,DGO,San Gabriel Dgo.,26.9047619
-105.51,26.45,VOCDR,DGO,Villa Ocampo Dgo.,26.648
-104.12,26.52,CEBDR,DGO,Ceballos Dgo.,28.25
-98.41,16.47,CNLGR,GRO,Cuajinicuilapa Gro.,30
-98.43,16.68,OMEGR,GRO,Ometepec Gro.,25.82142857
-99.24,16.76,LDGGR,GRO,Las Vigas Gro.,31.6
-99.75,16.76,ACUGR,GRO,Acapulco Gro. SMN*,32.84074074
-99.8,16.8,ODAGR,GRO,Observatorio de Acapulco Gro.,32.58928571
-99.91,16.85,ACAGR,GRO,Acapulco Gro.,30.23333333
-99.1,16.95,AYUGR,GRO,Ayutla Gro.,34.84210526
-100.02,16.96,LDCGR,GRO,Laguna de Coyuca Gro.,29.95
-99.78,16.97,K21GR,GRO,km 21 Gro.,35.41666667
-100.09,17.01,CDBGR,GRO,Coyuca de Benítez Gro.,33.63636364
-100.47,17.14,SJEGR,GRO,San Jerónimo Gro.,32.25
-99.53,17.17,TCOGR,GRO,Tierra Colorada Gro.,34.38095238
-100.43,17.21,ATYGR,GRO,Atoyac Gro.,36.29166667
-101.05,17.38,CYQGR,GRO,Coyuquilla Gro.,32.21052632
-99.45,17.48,PETGR,GRO,Petaquillas Gro.,30.125
-98.6,17.5,TLPGR,GRO,Tlapa Gro.,33.39285714
-99.5,17.55,CHIGR,GRO,Chilpancingo Gro.,30.56153846
-99.4,17.57,TXTGR,GRO,Tixtla Gro.,32.79166667
-99.52,17.58,AERGR,GRO,Aeropuerto de Chilpancingo Gro.,31.45357143
-99.5,17.6,ODZGR,GRO,Observatorio de Zumpango Gro.,31.89285714
-99.18,17.61,CHLGR,GRO,Chilapa Gro.,30.125
-99.7,17.67,CCHGR,GRO,Chichihualco Gro.,33.03571429
-98.74,17.78,OLNGR,GRO,Olinala Gro.,37.96428571
-99.98,17.79,TLAGR,GRO,Tlacotepec Gro.,21.10714286
-101.54,17.86,ZHTGR,GRO,Zihuatanejo Gro.,36.04166667
-98.49,17.9,XXHGR,GRO,Xochihuehuetlán Gro.,36.38461538
-99.55,18.35,IGLGR,GRO,Iguala Gro.,35.06071429
-100.66,18.36,CALGR,GRO,Ciudad Altamirano Gro.,37.23214286
-100.27,18.38,VGRGR,GRO,Vicente Guerrero Gro.,38.15909091
-101,18.42,LCLGR,GRO,La Calera Gro.,34.04545455
-99.4,18.46,BVSGR,GRO,Buena Vista Gro.,31.21428571
-100.72,20.03,ACNGJ,GTO,Acámbaro Gto.,28.26923077
-100.67,20.05,SLSGJ,GTO,Solís Gto.,27.60714286
-100.52,20.13,JCRGJ,GTO,Jerécuaro Gto.,27.71428571
-100.9,20.28,ECBGJ,GTO,El Cubo Gto.,28.125
-100.88,20.21,SLVGJ,GTO,Salvatierra Gto.,29.375
-101.36,20.28,LJIGJ,GTO,Las Jícamas Gto.,28.07142857
-100.75,20.28,TARGJ,GTO,Tarimoro Gto.,29.05357143
-101.07,20.29,LDYGJ,GTO,Laguna de Yuriria Gto.,27.14285714
-101.07,20.3,SRTGJ,GTO,Santa Rita Gto.,27.89285714
-101.18,20.39,VDSGJ,GTO,Valle de Santiago Gto.,28.61538462
-101.02,20.4,SJLGJ,GTO,Santa Julia Gto.,28.69642857
-101.52,20.43,ABSGJ,GTO,Abasolo Gto.,29.16071429
-101.74,20.44,GLNGJ,GTO,La Golondrina Gto.,26.52
-100.62,20.45,APSGJ,GTO,Apaseo el Alto Gto.,29.01785714
-100.95,20.48,CRTGJ,GTO,Cortázar Gto.,28.69230769
-101.63,20.5,ATBGJ,GTO,Agua Tibia Gto.,28.53571429
-101.13,20.52,PERGJ,GTO,Pericos Gto.,26.69642857
-100.82,20.53,CLYGJ,GTO,Celaya Gto.,29.17857143
-100.68,20.53,AEGGJ,GTO,Apaseo el Grande Gto.,30.07692308
-100.58,20.55,AMCGJ,GTO,Ameche Gto.,27.58928571
-101.2,20.57,SLMGJ,GTO,Salamanca Gto.,29.125
-101.3,20.6,TEMGJ,GTO,Temascatío Gto.,29.71428571
-101.67,20.62,CRMGJ,GTO,Cuerámaro Gto.,30.58928571
-101.84,20.68,LADGJ,GTO,Las Adjuntas Gto.,26.92307692
-101.35,20.68,IRPGJ,GTO,Irapuato Gto.,27.57142857
-101.37,20.73,ECNGJ,GTO,El Conejo Gto.,28.66071429
-100.83,20.85,IALGJ,GTO,Ignacio Allende Gto.,28.5
-101.29,20.87,PRSGJ,GTO,La Purísima Gto.,28.25
-100.9,20.95,CSRGJ,GTO,Cinco Señores Gto.,28.25
-101.26,21.01,GTOGJ,GTO,Guanajuato Gto.,26.85
-101.83,21.05,BRRGJ,GTO,El Barrial Gto.,27.82142857
-101.67,21.1,LENGJ,GTO,León Gto.,27.98214286
-100.93,21.15,DHGGJ,GTO,Dolores Hidalgo Gto.,31.91071429
-101.69,21.17,EPLGJ,GTO,El Palote Gto.,28.94642857
-101.67,21.2,CSTGJ,GTO,Los Castillos Gto.,29.01785714
-101.63,21.29,BARBOSA,GTO,Barbosa Gto. Protección Civil*,24.525
-100.09,21.3,XICGJ,GTO,Xichú Gto.,29.60869565
-100.52,21.3,SLPGJ,GTO,San Luis de la Paz Gto.,26.09615385
-101.52,21.63,OCMGJ,GTO,Ocampo Gto.,24.17857143
-99.31,19.96,PRQHD,HGO,Requena Hgo.,27.98214286
-98.33,20.06,PERHD,HGO,La Esperanza Hgo.,25.85714286
-98.37,20.08,TLGHD,HGO,Tulancingo Hgo.,26.80714286
-98.75,20.12,PCOHD,HGO,Observatorio de Pachuca Hgo.,25.71785714
-99.36,20.16,ENDHD,HGO,Endhó Hgo.,28.42857143
-99.22,20.24,MXQHD,HGO,Mixquiahuala Hgo.,27.10714286
-98.94,20.27,ACTHD,HGO,Actopan Hgo.,28.63
-99.33,20.36,PRGHD,HGO,Javier Rojo Gómez Hgo.,28.60714286
-99.38,20.44,PVAHD,HGO,Vicente Aguirre Hgo.,28.21428571
-99.22,20.48,IXMHD,HGO,Ixmiquilpan Hgo.,27.32142857
-98.76,20.59,LMTHD,HGO,Metztitlán Hgo.,36.66666667
-98.65,20.65,ZXTHD,HGO,Zacualtipán Hgo.,28.08
-99.5,20.66,ZMPHD,HGO,Ing. Fernando Hiriart Balderrama Hgo.,28.87857143
-98.33,21.02,ATCHD,HGO,Atlapexco Hgo.,32.10869565
-98.42,21.15,HJTHD,HGO,Huejutla Hgo.,29.404
-98.6,21.17,ORZHD,HGO,San Felipe Orizatlán Hgo.,27.75
-103.4,18.97,TRJCM,JAL,Solidaridad Jal.,35.80357143
-103.47,19.7,CGZJL,JAL,Ciudad Guzmán Jal.,28.30769231
-104.06,19.91,BBAJL,JAL,Basilio Vadillo Jal.,33.25
-104.37,19.98,TMLJL,JAL,Ramón Corona Madrigal General Jal.,28.88888889
-105.13,20,CPEJL,JAL,Cajón de Peña Jal.,30.58928571
-103.2,20.29,LDCJL,JAL,Lago de Chapala Jal.,25.875
-102.71,20.29,JMYJL,JAL,Jamay Jal.,26.1875
-103.09,20.4,ATQJL,JAL,Atequiza Jal.,30.78571429
-103.65,20.47,HRTJL,JAL,Hurtado Jal.,26.8125
-102.25,20.48,HUAJL,JAL,Huascato Jal.,28.62
-104.05,20.55,RAMJL,JAL,Río Ameca Jal.,29.61111111
-102.5,20.55,ATOTONILCOCFE,JAL,Atotonilco Jal. CFE*,28.18571429
-105.05,20.58,CULJL,JAL,Cuale Jal.,29.01851852
-103.32,20.58,TLAJL,JAL,Tlaquepaque Jal.,29.96153846
-103.36,20.58,PITJL,JAL,Protección a Infraestructura y Atención a Emergencias Jal.,30.02083333
-103.85,20.6,VEGJL,JAL,Ing. Santiago Camarena Jal.,31.01923077
-103.37,20.67,GUAJL,JAL,Guadalajara Centro Jal.,27.30357143
-103.39,20.71,GUCJL,JAL,Guadalajara los Colomos Jal.,28.91785714
-103.33,20.73,EXPJL,JAL,La Experiencia Jal.,30.08928571
-103.45,20.75,BAZJL,JAL,Base Aérea Zapopan Jal.,27.16666667
-103.45,21.07,CXTJL,JAL,Cuixtla Jal.,35.5
-102.85,21.13,CUNJL,JAL,La Cuña Jal.,32.27777778
-102.5,21.3,SGRJL,JAL,San Gaspar de los Reyes Jal.,28.96666667
-101.85,21.35,SAUJL,JAL,La Sauceda Jal.,28.38461538
-101.92,21.36,LDMJL,JAL,Lagos de Moreno Jal.,28.09375
-102.58,21.45,TCAJL,JAL,Teocaltiche Jal.,30.27083333
-101.74,21.5,CRTJL,JAL,El Cuarenta Jal.,27.66666667
-102.44,21.6,AJJJL,JAL,Ajojúcar Jal.,29.41304348
-103.2,22.17,TENJL,JAL,Tenasco Jal.,27.72727273
-100.28,19.1,TROMX,MEX,Trojes Méx.,24.53571429
-98.87,19.19,SLAMX,MEX,San Luis Ameca Méx.,24.33928571
-99.51,19.2,CGCMX,MEX,Gerencia Conagua CODAGEM Méx.,24.01785714
-99.76,19.24,SJHMX,MEX,San Juan de las Huertas Méx.,19.25
-99.28,19.45,PTLMX,MEX,Presa Totolica Méx.,24.94642857
-99.24,19.45,EMOMX,MEX,El Molinito Río Hondo Méx.,27
-99.78,19.46,PIRMX,MEX,Ignacio Ramírez Méx.,22.53571429
-99.7,19.47,SBBMX,MEX,José Antonio Alzate Méx.,22.32142857
-99.22,19.48,MBLMX,MEX,Molino Blanco Méx.,24.32142857
-98.88,19.48,CHPMX,MEX,Chapingo Méx.,28.35714286
-99.22,19.57,ARBMX,MEX,Las Arboledas Méx.,27.10714286
-98.92,19.58,GRDMX,MEX,La Grande Méx.,25.42857143
-99.19,19.62,OBSMX,MEX,San Martín Obispo Méx.,25.05357143
-99.05,19.63,K27MX,MEX,km 27+250 Méx.,26.89285714
-98.91,19.63,ACOLMAN,MEX,Acolman Méx. OCAVM*,25.12142857
-98.86,19.64,SNLMX,MEX,San Lucas Mex.,25.10714286
-99.96,19.66,TPTMX,MEX,San Andrés Tepetitlán Méx.,22.32142857
-99.3,19.7,CNPMX,MEX,La Concepción Méx.,25.98076923
-99.18,19.74,PCGMX,MEX,Puente Colgante Méx.,24
-99.87,19.78,ATPMX,MEX,Atlacomulco Prepa. Méx.,22.42857143
-99.56,19.88,DNXMX,MEX,Danxhó Méx.,21.60714286
-99.12,19.9,TTQMX,MEX,Tajo de Tequixquiac Mex.,25.75
-99.86,20.04,PNDMX,MEX,Ñadó Méx.,24.07142857
-99.7,20.05,HPNMX,MEX,Huapango Méx.,19.07142857
-99.74,20.12,PMNMX,MEX,El Molino Méx.,19.96428571
-102.21,18.02,MLCMC,MICH,Melchor Ocampo L. C. Mich.,37.31818182
-102.18,18.05,VILMC,MICH,José María Morelos y Pavón Mich.,34.30555556
-101.88,18.27,INFMC,MICH,Infiernillo Mich.,35.72222222
-100.9,18.5,CMNMC,MICH,Caimanera Mich.,39.76470588
-102.2,18.8,LPSMC,MICH,La Pastoría Mich.,37.72222222
-101.93,18.92,ZICMC,MICH,Zicuirán Mich.,40.55357143
-102.37,19.08,APAMC,MICH,Apatzingán Mich. SMN*,36.96666667
-102.37,19.08,APTMC,MICH,Apatzingán Mich.,35.83928571
-102.87,19.21,LOLMC,MICH,Los Olivos Mich.,40.76785714
-102.77,19.29,CHLMC,JAL,Constitución de Apatzingán Jal.,40.67857143
-101.05,19.49,PDBMC,MICH,Planta de Bombeo Mich.,30
-101.45,19.55,VJIMC,MICH,Villa Jiménez Mich.,27.26923077
-100.61,19.58,AGOMC,MICH,Agostitlán Mich.,22.14285714
-100.68,19.62,PUCMC,MICH,Pucuato Mich.,24
-101.26,19.63,COIMC,MICH,Coíntzio Mich.,27.39285714
-101.18,19.69,MORMC,MICH,Morelia Mich.,27.64
-101.2,19.7,MNOMC,MICH,Morelia Norte Mich.,28.77142857
-101.1,19.7,MCEMC,MICH,Morelia Centro Mich.,26.7
-100.55,19.7,CHIMC,MICH,Ciudad Hidalgo Mich.,25.64285714
-101.8,19.81,ZCAMC,MICH,Zacapu Mich.,28.95
-100.87,19.83,MLPMC,MICH,Malpaís Mich.,28.98214286
-102.65,19.84,SJUMC,MICH,San Juanico Mich.,27.57142857
-100.44,19.89,MRVMC,MICH,Maravatío Mich.,28.64285714
-102.14,19.96,UREMC,MICH,Urepetiro Mich.,25.76785714
-102.32,19.96,ORAMC,MICH,Orandino Mich.,28.33333333
-100.45,19.97,EGIMC,MICH,El Gigante Mich.,29.92857143
-102.27,19.97,CHAMC,MICH,Chaparaco Mich.,27.54166667
-100.23,20,TEPMC,MICH,Tepuxtepec Mich.,23.10714286
-102.28,20.01,ZAMMC,MICH,Zamora Mich.,30.83928571
-100.41,19.84,LDFMC,MICH,Laguna del Fresno Mich.,26.4
-102.72,20.07,SAHMC,MICH,Sahuayo Mich.,28.58928571
-102.4,20.1,SSIMC,MICH,San Simón Mich.,31.14285714
-101.72,20.13,MOCMC,MICH,Melchor Ocampo Mich.,27.7
-102.75,20.15,LPAMC,MICH,La Palma Mich.,26.92380952
-101.86,20.21,CORMC,MICH,Corrales Mich.,28.98
-101.99,20.23,ADUMC,MICH,Adjuntas Mich.,28.07142857
-101.63,20.25,LANMC,MICH,Los Ángeles Mich.,27.024
-101.6,20.3,PORMC,MICH,Pastor Ortiz Mich.,26.82142857
-102.44,20.3,DGNMC,MICH,De Gonzalo Mich.,26.968
-101.46,20.32,CBLMC,MICH,Casa Blanca Mich.,28.64285714
-102.24,20.34,YURMC,MICH,Yurécuaro Mich.,28.625
-102,20.35,LPDMC,MICH,La Piedad Mich.,34.48
-99.02,18.44,HUTMR,MOR,Huautla Mor.,33.80769231
-99.31,18.49,TILMR,MOR,Tilzapotla Mor.,34.42307692
-99.19,18.52,XICMR,MOR,Xicatlacotla Mor.,35.57142857
-99.18,18.57,HIGMR,MOR,Higuerón Mor.,32.57692308
-98.84,18.6,TPLMR,MOR,Tepalcingo Mor.,33.7826087
-99.4,18.6,AMCMR,MOR,Amacuzac Mor.,33.94117647
-99.2,18.6,JOJMR,MOR,Jojutla Mor.,37.76785714
-99.42,18.61,HUAMR,MOR,Huajintlán Mor.,34.29166667
-99.2,18.65,ZCTMR,MOR,Zacatepec Mor.,36.95652174
-98.91,18.68,LCUMR,MOR,La Cuera Mor.,31.76923077
-98.8,18.7,JNCMR,MOR,Jonacatepec Mor.,32.07142857
-99,18.73,MYOMR,MOR,Moyotepec Mor.,34.5
-99.27,18.74,ALUMR,MOR,Alpuyeca Mor.,31.125
-99.33,18.77,RODMR,MOR,El Rodeo Mor.,35.26923077
-98.79,18.78,TMCMR,MOR,Temoac Mor.,30.46666667
-98.9,18.8,CUAMR,MOR,Cuautla Mor.,30.1875
-98.75,18.81,TLOMR,MOR,Tlacotepec Mor.,28.34090909
-99.2,18.9,CUEMR,MOR,Cuernavaca Mor.,31.82142857
-99.2,18.9,TEMMR,MOR,Temixco Mor.,34.82142857
-99.1,18.9,YAHMR,MOR,Yautepec Mor.,33.32692308
-98.9,18.9,OAXMR,MOR,Oaxtepec Mor.,31.1
-99.22,18.91,OBSMR,MOR,Observatorio de Morelos Mor.,31.63076923
-99.19,18.92,SLDMR,MOR,Solidaridad Mor.,27.89285714
-98.92,18.99,TOTMR,MOR,Totoloapan Mor.,30.35714286
-99.26,19.03,HUIMR,MOR,Huitzilac Mor.,21.58928571
-98.94,19.04,TLCMR,MOR,Tlacualera Mor.,21.45454545
-105.14,20.89,GAVNR,NAY,Gaviotas Nay.,32.63636364
-104.89,21.49,TEPNR,NAY,Tepic Nay.,28.61071429
-105.11,21.83,CAPNR,NAY,Capomal Nay.,33.40909091
-104.52,22.25,JMANR,NAY,Jesús María Nay.,38.08823529
-105.02,22.38,PAJNR,NAY,Pajaritos Nay.,32.82692308
-105.39,22.47,ACAPONETA,NAY,Acaponeta Nay. SMN*,30.95925926
-100.17,23.68,DARNL,NL,Doctor Arroyo N.L.,27.28571429
-99.78,23.98,ZRGNL,NL,Zaragoza N.L.,28.23076923
-99.82,24.1,ARRNL,NL,Aramberri N.L.,29.05769231
-99.91,24.32,ASCNL,NL,La Ascensión N.L.,23.86363636
-99.7,24.78,CRUNL,NL,Crucitas N.L.,25.72222222
-100.08,24.83,GALNL,NL,Galeana N.L.,23.18518519
-99.58,24.87,CAMNL,NL,Camacho N.L.,27.18518519
-99.4,24.94,CPRNL,NL,José López Portillo N.L.,25.54
-99.74,24.99,CABNL,NL,Cabezones N.L.,25.48076923
-99.22,24.99,PAMNL,NL,La Pamona N.L.,28.74074074
-100.55,25.03,SRANL,NL,San Rafael N.L.,26.39285714
-99.83,25.17,MTMNL,NL,Montemorelos N.L.,24.73076923
-100.13,25.43,LBCNL,NL,La Boca N.L.,25.72
-99.53,25.5,LERNL,NL,Las Enramadas N.L.,26.34615385
-100.2,25.52,ECSNL,NL,El Cerrito N.L.,26.16
-100.27,25.68,MTRNL,NL,Monterrey N.L.,26.31481481
-100.3,25.73,OBSNL,NL,Observatorio de Nuevo León N.L.,25.88518519
-100.27,25.8,CANNL,NL,El Canadá N.L.,26.84
-100.17,25.95,CDFNL,NL,Ciénega de Flores N.L.,23.61111111
-99.2,26.02,MDRNL,NL,Madero N.L.,26.06
-99.61,26.09,CRVNL,NL,Cerralvo N.L.,24.82692308
-100.13,27.24,ANHNL,NL,Anáhuac N.L.,23.78846154
-96.48,15.67,PTAOX,OAX,Puerto Ángel Oax.,32.76923077
-95.2,16.18,SCROX,OAX,Salina Cruz Oax.,33.68888889
-94.22,16.4,ZANOX,OAX,Zanatepec Oax.,35.75
-95.6,16.42,TEQOX,OAX,Tequisistlán Oax.,37.39285714
-94.4,16.5,OSTOX,OAX,Ostuta Oax.,35.30357143
-95.1,16.58,IXTOX,OAX,Ixtepec Oax.,31.60714286
-94.82,16.58,CHIOX,OAX,Chicapa Oax.,34.12962963
-95.93,16.65,BOQOX,OAX,Boquilla 1 Oax.,38.28571429
-96.7,17,OAOOX,OAX,Observatorio de Aeropuerto Oaxaca Oax.,31.825
-96.73,17.07,OACOX,OAX,Oaxaca Centro Oax.,32.63461538
-96.72,17.07,BAEOX,OAX,Base Aérea Oax.,30.94
-95.48,17.45,MAROX,OAX,María Lombardo Oax.,30.18518519
-97.78,17.81,HLOOX,OAX,Observatorio de Huajuapan de León Oax.,31.74285714
-96.2,17.87,JACOX,OAX,Jacatepec Oax.,31.51785714
-96.53,17.88,SFUOX,OAX,San Felipe Usila Oax.,28.71428571
-96.26,18,CDOOX,OAX,Miguel de la Madrid Hurtado Oax.,31.14814815
-96.13,18.08,TUXOX,OAX,Tuxtepec Oax.,33.82
-96.08,18.17,PAPOX,OAX,Papaloapan Oax.,31.25925926
-96.41,18.23,TEMOX,OAX,Presidente Alemán Oax.,31.19642857
-98.57,18.11,CHSPB,PUE,Chila de la Sal Pue.,34.39285714
-98.26,18.2,PIXPB,PUE,Piaxtla Pue.,35.67857143
-98.78,18.45,TELPB,PUE,Teotlalco Pue.,35.76785714
-97.4,18.48,TEHPB,PUE,Tehuacán Pue.,29.25
-98.58,18.52,CHIPB,PUE,Chietla Pue.,31.67857143
-98.47,18.61,IZMPB,PUE,Izúcar de Matamoros Pue.,27.07142857
-97.91,18.74,SMCPB,PUE,San Miguel Canoa Pue.,25.46428571
-98.54,18.77,HQCPB,PUE,Huaquechula Pue.,31.21428571
-97.75,18.88,TECPB,PUE,Tecamachalco Pue.,27.17857143
-98.11,18.91,BDDPB,PUE,Manuel Ávila Camacho Pue.,24.60714286
-97.25,18.92,PCRPB,PUE,Paso Carretas Pue.,24.82142857
-98.42,18.92,ATXPB,PUE,Atlixco Pue.,27.46428571
-98.14,18.94,AFRPB,PUE,Africam Pue.,27.5
-98.28,18.97,ECHPB,PUE,Echeverría Pue.,25.60714286
-97.96,18.97,CEMPB,PUE,Cemex Pue.,24.67857143
-97.44,18.99,CDSPB,PUE,Ciudad Serdán Pue.,24.46428571
-98.23,19.01,MAYPB,PUE,Mayorazgo 21 Poniente Pue.,27.5
-98.2,19.02,CNAPB,PUE,Conagua Pue.,26.57142857
-98.17,19.05,PUOPB,PUE,Observatorio de Puebla Pue.,26.93928571
-97.93,19.06,ACJPB,PUE,Acajete Pue.,26.82142857
-98.32,19.07,CHLPB,PUE,Cholula Pue.,27.75
-98.06,19.09,CPLPB,PUE,Capulac Pue.,24.42857143
-98.46,19.1,HJTPB,PUE,Huejotzingo Pue.,25.35714286
-97.62,19.25,QUIPB,PUE,Quimixtlán Pue.,23.82142857
-97.42,19.45,ACHPB,PUE,Alchichilca Pue.,23.71428571
-97.69,19.46,LIBPB,PUE,Libres Pue.,26.42307692
-97.49,19.49,TPYPB,PUE,Tepeyahualco Pue.,27.07142857
-97.53,19.7,OYAPB,PUE,Oyameles Pue.,18.46428571
-98.05,19.74,CNGPB,PUE,Chignahuapan Pue.,21.82142857
-97.36,19.82,TEZPB,PUE,Teziutlán Pue.,24.07407407
-97.81,19.83,TEOPB,PUE,Tetela de Ocampo Pue.,24.5
-97.58,19.86,ZCPPB,PUE,Zacapoaxtla Pue.,22.57142857
-97.79,20,TDRPB,PUE,Tepango de Rodríguez Pue.,27.92857143
-98.15,20.03,AHUPB,PUE,Ahuazontepec Pue.,22.375
-97.52,20.03,CTZPB,PUE,Cuetzalan Pue.,26.56
-98.05,20.18,HUAPB,PUE,Huauchinango Pue.,25
-97.83,20.18,ZRGPB,PUE,Zaragoza Pue.,23.96153846
-97.96,20.28,XDJPB,PUE,Xicotepec de Juárez Pue.,24.6875
-97.88,20.39,AVCPB,PUE,Ávila Camacho Pue.,30.42
-97.84,20.41,APAPB,PUE,Apapantilla Pue.,30.84
-97.68,20.51,VENPB,PUE,Venustiano Carranza Pue.,29.28571429
-99.96,20.2,IDFQT,QRO,San Ildefonso Qro.,24.15789474
-100,20.36,SJSQT,QRO,San José Qro.,27.97368421
-100.08,20.42,CNSQT,QRO,Constitución de 1917 Qro.,27.05263158
-100.41,20.5,BATQT,QRO,El Batán Qro.,26.91666667
-100.45,20.54,EPUQT,QRO,El Pueblito Qro.,27.88
-100.37,20.57,OBSQT,QRO,Observatorio de Querétaro Qro.,27.364
-100.44,20.6,CARQT,QRO,Carrillo Qro.,30.38095238
-100.45,20.7,JRQQT,QRO,Juriquilla Qro.,28.80952381
-99.82,21.06,PMLQT,QRO,Peñamiller Qro.,33.88235294
-99.48,21.23,JLPQT,QRO,Jalpan Qro.,34.07142857
-88.33,18.5,CHOQR,QROO,Chetumal Q. Roo.,31.06071429
-88.04,19.58,FCRQR,QROO,Felipe Carrillo Puerto Q. Roo.,32.20357143
-86.95,20.51,COZQR,QROO,Cozumel Q. Roo.,34.17857143
-87.08,20.63,PDCQR,QROO,Playa del Carmen Q. Roo.,30.648
-86.82,21.16,CANQR,QROO,Cancún Q. Roo.,33.01923077
-105.85,22.98,RSRSI,SIN,Rosario Sin.,31.71428571
-106.4,23.23,MZTSI,SIN,Mazatlán Sin.,26.36071429
-106.25,23.35,SQRSI,SIN,Siqueros Sin.,32.10714286
-106.47,23.56,QLTSI,SIN,Quelite Sin.,30.23214286
-106.9,23.92,LCRSI,SIN,La Cruz Sin.,29.57142857
-106.6,23.96,IXPSI,SIN,Ixpalino Sin.,33.7
-106.7,24.12,SLTSI,SIN,Ing. Aurelio Benassini Vizcaino Sin.,31.03571429
-107.35,24.32,DRDSI,SIN,El Dorado Sin.,26.92307692
-106.81,24.57,JLPSI,SIN,José López Portillo Sin.,31.10714286
-107.44,24.63,OBSSI,SIN,Observatorio de Culiacán Sin.,29.71785714
-107.1,24.45,SLRSI,SIN,San Lorenzo Sin.,32.17857143
-107.4,24.82,CLCSI,SIN,Culiacán Sin.,28.60714286
-107.47,25.03,AWSSI,SIN,Andrew Weiss Sin.,30.67857143
-107.84,25.49,SJNSI,SIN,San Juan Sin.,30.26785714
-107.54,25.33,BDRSI,SIN,Badiraguato Sin.,31.32142857
-107.22,25.34,GTNSI,SIN,Guatenipa Sin.,33.84375
-108.09,25.47,GMCSI,SIN,Guamúchil Sin.,28.69642857
-108.47,25.72,GSVSI,SIN,Guasave Sin.,27.55555556
-108.36,25.74,ZOPSI,SIN,El Zopilote Sin.,28.32608696
-109,25.8,MCHSI,SIN,Los Mochis Sin.,26.05555556
-108.01,25.9,JNASI,SIN,Jaina Sin.,29.10714286
-109.18,25.92,AHMSI,SIN,Ahome Sin.,24.72727273
-109.33,25.98,HDZSI,SIN,Higuera de Zaragoza Sin.,25.69642857
-108.78,26.07,SFRSI,SIN,Sufragio Sin.,28
-109.33,26.1,CRRSI,SIN,El Carrizo Sin.,27.15384615
-108.7,26.43,JORSI,SIN,Josefa Ortiz de Domínguez Sin.,28.16071429
-108.62,26.43,EFTSI,SIN,El Fuerte Sin.,30.23214286
-108.58,26.51,PMHSI,SIN,Miguel Hidalgo Sin.,29.10714286
-98.76,21.24,TMTSL,SLP,Temamatla S.L.P.,27.90384615
-98.86,21.25,TBLSL,SLP,Tierra Blanca S.L.P.,28.53461538
-98.8,21.33,MTPSL,SLP,Matlapa S.L.P.,28.51153846
-98.89,21.42,RQTSL,SLP,Requetemu S.L.P.,28.59230769
-98.62,21.69,SVTSL,SLP,San Vicente S.L.P.,29.77916667
-98.96,21.75,BLMSL,SLP,Ballesmi S.L.P.,28.82307692
-98.94,21.85,PUJSL,SLP,El Pujal S.L.P.,29.35769231
-99.24,21.91,GANSL,SLP,Gallinas S.L.P.,29.668
-100,21.93,RVDSL,SLP,Río Verde S.L.P.,32.90384615
-99.02,21.98,CDVSL,SLP,Ciudad Valles S.L.P.,30.46153846
-98.77,22,TMISL,SLP,Tamuín S.L.P.,29.79444444
-99.16,22.12,MICSL,SLP,Micos S.L.P.,27.48888889
-101.02,22.15,SLPSL,SLP,San Luis Potosí S.L.P.,28.33571429
-101,22.2,SGRSL,SLP,Soledad Graciano S.L.P.,26
-99.32,22.52,NRJSL,SLP,Naranjos S.L.P.,29.94074074
-100.64,23.66,MATSL,SLP,Matehuala S.L.P.,28.80769231
-108.76,26.6,CZNSO,SON,Cazanate Son.,32.24
-109.44,27.07,NVJSO,SON,Navojoa Son.,24.60714286
-109.11,27.23,ARCSO,SON,Adolfo Ruíz Cortínes Son.,25.53703704
-108.88,27.41,SBNSO,SON,San Bernardo Son.,28.46785714
-109.62,27.42,CCRSO,SON,Cocoraque Son.,26.08928571
-109.94,27.5,COBSO,SON,Ciudad Obregón Son.,25.48214286
-109.21,27.66,TSOSO,SON,Tesocoma Son.,26.39285714
-109.89,27.82,AOBSO,SON,Álvaro Obregón Son.,25.58928571
-110.85,27.95,GYMSO,SON,Guaymas Son.,22.70357143
-110.8,27.95,EPLSO,SON,Empalme Son.,24.56428571
-108.92,28.37,YC2SO,SON,Yécora Son. SMN*,17.31481481
-108.93,28.37,YCRSO,SON,Yécora Son.,19.03214286
-110.4,28.43,IRASO,SON,Ignacio R. Alatorre Son.,24.09259259
-110.31,28.47,PTASO,SON,Punta de Agua 2 Son.,24.64285714
-111.83,28.75,BAHIAKINO,SON,Bahía de Kino Son. SMN*,20.35925926
-109.64,28.98,PECSO,SON,Plutarco Elías Calles Son.,26.90357143
-110.92,29.07,HM2SO,SON,Observatorio de Hermosillo Son.,25.15384615
-110.93,29.07,HMNSO,SON,Hermosillo Son.,24.65384615
-109.23,29.2,ECBSO,SON,El Cubil Son.,25.09285714
-110.73,29.21,PMOSO,SON,Ing. Rodolfo Félix Valdés Son.,23.98214286
-110.71,29.23,ORGSO,SON,El Oregano Son.,25.55357143
-109.08,29.43,PDNSO,SON,Paso Nacori Son.,24.31785714
-110.74,29.47,CJNSO,SON,El Cajón Son.,23.26785714
-109.5,29.53,TPCSO,SON,Tepache Son.,23.48148148
-110.23,29.82,ACNSO,SON,Aconchi Son.,20.92857143
-111.02,30.05,QRBSO,SON,Querobabi Son.,22.76785714
-109.09,30.07,ARISO,SON,Aribabi Son.,18
-108.96,30.21,HSHSO,SON,Huachinera Son.,17.32142857
-110.17,30.34,ARZSO,SON,Arizpe Son.,17.85185185
-108.93,30.36,BCRSO,SON,Bacerac Son.,19.53571429
-109.69,30.37,NCZSO,SON,Nacozari Son.,21.36842105
-111.45,30.39,SRSSO,SON,Santa Rosa 2 Son.,18
-109.38,30.44,LCDSO,SON,Lázaro Cárdenas Son.,20.908
-110.24,30.6,BCNSO,SON,Bacanuchi Son.,19.07142857
-112.12,30.7,PTQSO,SON,Pitiquito Son.,18.57692308
-111.73,30.72,ALTSO,SON,Altar Son.,20.64814815
-110.89,30.76,IMRSO,SON,Imuris Son.,18.19642857
-111.52,30.87,CHTSO,SON,Cuauhtémoc Son.,21.57142857
-113.55,31.35,PT2SO,SON,Puerto Peñasco Son.,20.17142857
-110.95,31.32,NGLSO,SON,Nogales Son.,15.804
-112.85,31.87,NYNSO,SON,Sonoyta Son.,18.17857143
-92.75,17.39,OXOTB,TAB,Oxolotán Tab.,30.46296296
-91.48,17.43,BDCTB,TAB,Boca del Cerro Tab.,32.30769231
-92.82,17.47,TAPTB,TAB,Tapijulapa Tab.,30.69642857
-92.92,17.5,SJOTB,TAB,San Joaquín Tab.,31
-92.97,17.57,TEATB,TAB,Teapa Tab.,33.55555556
-92.94,17.57,PUYTB,TAB,Puyacatengo Tab.,31.2037037
-92.6,17.77,MACTB,TAB,Macuspana Tab.,30.87037037
-91.16,17.79,SPTTB,TAB,San Pedro Tab.,33.78571429
-93.38,18,CARTB,TAB,Cárdenas Tab.,30.33333333
-92.88,17.85,PNVTB,TAB,Pueblo Nuevo Tab.,30.98214286
-92.92,17.97,GABTB,TAB,Gaviotas 2 Tab.,31.1537037
-93,17.98,GONTB,TAB,González Tab.,32
-93.28,18,SAMTB,TAB,Samaria Tab.,30.72222222
-92.92,17.98,EMUTB,TAB,Villahermosa Muelle Tab.,31.67777778
-92.81,18.04,EPOTB,TAB,El Porvenir Tab.,30.89285714
-97.88,22.24,TMPTP,TAMPS,Tampico Tamps.,26.60869565
-97.84,22.28,MDRTP,TAMPS,Madero Tamps.,26.42272727
-97.93,22.39,BALTP,TAMPS,Bombas Altamira Tamps.,29.13076923
-98.42,22.42,TMSTP,TAMPS,Tamesí Tamps.,29.44230769
-98.69,22.6,ERCTP,TAMPS,Estudiante Ramiro Caballero Dorantes Tamps.,30.228
-98.87,22.78,SDATP,TAMPS,Saca de Agua Tamps.,28.82142857
-98.71,22.8,MGSTP,TAMPS,Magiscatzín Dos Tamps.,30.152
-99.12,22.83,LSRTP,TAMPS,La Servilleta Tamps.,30.28846154
-99,22.85,RFRTP,TAMPS,Río Frío Tamps.,30.34615385
-98.79,22.94,SLZTP,TAMPS,Lic. Emilio Portes Gil Tamps.,29.324
-99.09,23.02,SBNTP,TAMPS,Sabinas Tamps.,29.68461538
-97.77,23.05,BTORDO,TAMPS,Barra del Tordo Tamps. SMN*,23.5826087
-98.79,23.08,SGBTP,TAMPS,San Gabriel Tamps.,29.308
-97.99,23.26,RSPTP,TAMPS,República Española Tamps.,28.35652174
-99.08,23.38,ENNTP,TAMPS,La Encantada Tamps.,26.75769231
-99.17,23.72,CVCTP,TAMPS,Observatorio de Ciudad Victoria Tamps.,26.98214286
-98.75,23.73,PDMTP,TAMPS,Paso de Molina Tamps.,29.75384615
-98.21,23.77,SLMTP,TAMPS,Soto la Marina Tamps.,30.21538462
-98.67,23.96,VGRTP,TAMPS,Vicente Guerrero Tamps.,28.50769231
-98.9,24.05,PADTP,TAMPS,Padilla Tamps.,28.13461538
-98.39,24.07,ABSTP,TAMPS,Abasolo Tamps.,28.95416667
-99.12,24.08,BR1TP,TAMPS,El Barretal Uno Tamps.,28.06538462
-99.22,24.1,BRRTP,TAMPS,El Barretal Tamps.,28.11153846
-98.9,24.14,PILTP,TAMPS,Pilón Tamps.,28.85384615
-99.58,24.18,PVLTP,TAMPS,Puerto de Valles Tamps.,24.37307692
-99.56,24.25,PJMTP,TAMPS,Pedro José Méndez Tamps.,25.52692308
-99.43,24.25,MHGTP,TAMPS,Miguel Hidalgo Tamps.,26.86153846
-99.55,24.57,MAGTP,TAMPS,Magueyes Tamps.,25.72307692
-98.16,24.84,FDOTP,TAMPS,San Fernando Tamps.,26.808
-97.82,25.64,CONTP,TAMPS,Control Tamps.,24.90909091
-97.8,25.7,VHMTP,TAMPS,Valle Hermoso Tamps.,24.44
-97.8,25.8,PANTP,TAMPS,Pueblo Anáhuac Tamps.,23.96
-97.52,25.83,MATTP,TAMPS,Matamoros Tamps.,24.56521739
-97.8,25.91,VCATP,TAMPS,Villa Cárdenas Tamps.,24.08
-98.29,26.08,RYATP,TAMPS,S-J-3-42 Reynosa Tamps.,24.80769231
-98.88,26.17,RYNTP,TAMPS,S-J-2-9 Reynosa Tamps.,24.27272727
-98.93,26.2,MRGTP,TAMPS,Marte R. Gómez Tamps.,25.57692308
-98.6,26.24,CDOTP,TAMPS,S-J-2-18 Ciudad Díaz Ordaz Tamps.,25.68
-97.91,19.2,ZITTL,TLAX,Zitlaltepec Tlax.,23.5
-98.24,19.22,ZACTL,TLAX,Zacatelco Tlax.,26.45
-97.77,19.3,CUATL,TLAX,Cuapiaxtla Tlax.,24.33333333
-97.65,19.32,ECTTL,TLAX,El Carmen Tequexquitla Tlax.,24.76190476
-98.25,19.32,OBSTL,TLAX,Observatorio de Tlaxcala Tlax.,26.11428571
-98.2,19.56,SJATL,TLAX,San José Atlanga Tlax.,23.60869565
-98.56,19.59,CPPTL,TLAX,Calpulalpan Tlax.,23.83333333
-94.92,17.42,LPEVC,VER,Las Perlas Ver.,31.51923077
-95.03,17.43,JCRVC,VER,Jesús Carranza Ver.,30.67857143
-94.09,17.87,JDCVC,VER,San José del Carmen Ver.,29.83333333
-95.13,17.88,SJEVC,VER,San Juan Evangelista Ver.,31.84615385
-94.67,17.95,JALVC,VER,Jaltipán Ver.,31.42307692
-94.4,18.1,COTVC,VER,Coatzacoalcos Ver.,30.15357143
-94.77,18.14,MNZVC,VER,Minzapan Ver.,29.03846154
-95.3,18.14,CTTVC,VER,Coatotolapan Ver.,30.10714286
-95.35,18.25,LAUVC,VER,Lauchapan Ver.,29.19642857
-95.56,18.27,GARVC,VER,Garro Ver.,31.05769231
-96.35,18.45,TBLVC,VER,Tierra Blanca Ver.,30.75
-95.44,18.58,ARCVC,VER,Ángel Rosario Cabada Ver.,29.42307692
-95.63,18.72,RALVC,VER,Radar Alvarado Ver.,29
-97.1,18.85,ORZVC,VER,Orizaba Ver.,25.97142857
-97.23,18.92,LGRVC,VER,Loma Grande Ver.,23.78571429
-96.61,19.02,VTEVC,VER,Villa Tejeda Ver.,29.60714286
-96.16,19.07,ETEVC,VER,El Tejar Ver.,32.30357143
-96.33,19.15,MFAVC,VER,Manlio Fabio Altamirano Ver.,30.32142857
-96.11,19.15,VERVC,VER,Veracruz Ver.,28.86296296
-96.95,19.18,HTSVC,VER,Huatusco Ver.,22.9
-96.49,19.34,TAMVC,VER,Tamarindo Ver.,27.86956522
-96.37,19.36,CRDVC,VER,Cardel Ver.,30.25
-96.55,19.4,IDOVC,VER,Ídolos Ver.,31.85714286
-96.36,19.41,ENRVC,VER,El Naranjillo Ver.,30.27777778
-97.39,19.41,ZALVC,VER,Zalayeta Ver.,23.2
-96.94,19.45,COAVC,VER,Coatepec Ver.,26.68
-96.93,19.48,BRIVC,VER,Briones Ver.,23.36538462
-96.59,19.5,ACTVC,VER,Actopan Ver.,31.32142857
-96.92,19.53,XOBVC,VER,Observatorio de Xalapa Ver.,25.68214286
-96.85,19.55,XCFVC,VER,Xalapa CFE Ver.,24.1
-97.02,19.6,JOYVC,VER,La Joya Ver.,20.92857143
-97.1,19.65,LVRVC,VER,Las Vigas de Ramírez Ver.,22.42307692
-96.87,19.65,NAOVC,VER,Naolinco Ver.,23.33333333
-96.84,19.7,ACAVC,VER,Acatlán Ver.,20.92857143
-97.23,19.76,ALTVC,VER,Altotonga Ver.,22.23076923
-96.83,19.93,MZNVC,VER,Misantla Ver.,25.375
-96.98,20.05,LIBVC,VER,Libertad Ver.,29.2826087
-97.05,20.07,MDTVC,VER,Martínez de la Torre Ver.,28.675
-97.32,20.45,PPNVC,VER,Papantla Ver.,26.57142857
-98.48,20.53,HUYVC,VER,Huayacocotla Ver.,25.625
-97.48,20.54,PRCVC,VER,Poza Rica Ver.,26.82608696
-97.78,20.88,SBTVC,VER,Sombrerete Ver.,27.51923077
-97.68,20.93,ALAVC,VER,Álamo Temapache Ver.,26.69565217
-97.4,20.96,TXPVC,VER,Tuxpan Ver.,27.13478261
-98.34,21.29,PSNVC,VER,Platón Sánchez Ver.,30.028
-98.38,21.52,TMPVC,VER,Tempoal Ver.,30.83846154
-98.16,21.74,CHYVC,VER,Paso de Piedras Ver.,26.255
-98.44,21.78,HGOVC,VER,El Higo Ver.,29.9125
-98.51,21.84,OLVVC,VER,El Olivo Ver.,29.096
-98.17,22.05,PNCVC,VER,Pánuco Ver.,29.228
-88.93,20.13,PETYC,YUC,Peto Yuc.,34.5
-89.39,20.29,OXKYC,YUC,Oxkutzcab Yuc.,32.44642857
-89.56,20.4,TICYC,YUC,Ticul Yuc.,32.625
-89.08,20.46,CANYC,YUC,Cantamayec Yuc.,32.60714286
-89.71,20.49,MUNYC,YUC,Muna Yuc.,33.98214286
-88.2,20.69,VALYC,YUC,Valladolid Yuc.,32.975
-89.83,20.75,CHOYC,YUC,Chocholá Yuc.,34.51851852
-89.64,20.94,FAEYC,YUC,Fuerza Aérea Yuc.,34.83333333
-89.65,20.95,MEOYC,YUC,Observatorio de Mérida Yuc.,34.3
-89.58,20.98,EZAYC,YUC,Emiliano Zapata Yuc.,34.2962963
-89.66,20.98,GARYC,YUC,Organismo de Cuenca Península de Yucatán Yuc.,32.76785714
-89.64,21.03,CICYC,YUC,Centro de Investigación Científica Yuc.,34.21428571
-87.99,21.16,TIZIMIN,YUC,Tizimín Yuc. SMN*,32.2
-89.65,21.28,PROYC,YUC,Progreso Yuc.,33.04074074
-87.68,21.51,CYOYC,YUC,El Cuyo Yuc.,32
-88.16,21.57,RLAYC,YUC,Río Lagartos Yuc.,31.76785714
-103.36,21.21,MORZC,ZAC,Mezquital del Oro Zac.,31.65789474
-102.85,21.36,NCTZC,ZAC,Nochistlán Zac.,27.57142857
-103.34,21.59,VILZC,ZAC,José María Morelos Zac.,34.5
-103.35,21.65,EXCZC,ZAC,Miguel Alemán Zac.,28.55357143
-102.9,21.71,PMOZC,ZAC,Moraleños Zac.,30.89285714
-103.31,21.77,TLLZC,ZAC,Tlaltenango Zac.,28.46428571
-103.46,21.81,ATGZC,ZAC,Atolinga Zac.,21.16071429
-102.9,22,CHIZC,ZAC,El Chique Zac.,30.11111111
-101.4,22.12,PINZC,ZAC,Pino Suárez Zac.,25.42857143
-102.86,22.12,TAYZC,ZAC,Ing. Julián Adame Alatorre Zac.,29.25
-101.99,22.26,LORZC,ZAC,Loreto Zac.,25.84615385
-103.56,22.31,MRSZC,ZAC,Monte Escobedo Zac.,23.16666667
-101.72,22.35,VHGZC,ZAC,Villa Hidalgo Zac.,23.42857143
-102.8,22.35,PALZC,ZAC,Palomas Zac.,25.28571429
-102.46,22.49,GRCZC,ZAC,Genaro Codina Zac.,24
-101.92,22.52,VGOZC,ZAC,Villa González Ortega Zac.,24.81818182
-103,22.64,JERZC,ZAC,Jerez Zac.,27.58928571
-102.04,22.67,ELSZC,ZAC,El Saladillo Zac.,26.35714286
-103.6,22.69,LFLZC,ZAC,La Florida Zac.,28.71428571
-102.51,22.75,GPEZC,ZAC,Guadalupe Zac.,24.77857143
-102.51,22.75,ZA2ZC,ZAC,Zacatecas Zac. SMN*,23.90357143
-102.58,22.76,ZACZC,ZAC,Zacatecas Zac.,24.16071429
-102.57,22.78,LBUZC,ZAC,La Bufa Zac.,19.28928571
-102.95,22.82,BTEZC,ZAC,Ramón López Velarde Zac.,24.94642857
-103.38,22.85,LOBZC,ZAC,Manuel Felgueres Zac.,25.69642857
-103.11,22.92,STRZC,ZAC,Santa Rosa Zac.,23.83928571
-102.66,23,LLBZC,ZAC,Llano Blanco Zac.,25.21153846
-102.89,23.17,FREZC,ZAC,Fresnillo Zac.,24.92857143
-103.22,23.18,LREZC,ZAC,Gobernador Leobardo Reynoso Zac.,25.08928571
-103.64,23.64,SOMZC,ZAC,Sombrerete Zac.,25.85357143
-103.1,23.69,ELCZC,ZAC,El Cazadero Zac.,26.80357143
-103.03,23.82,RGRZC,ZAC,Río Grande Zac.,26.08928571
-102.88,24.32,SFOZC,ZAC,San Francisco Zac.,31.05357143
-102.6,19.96,JARMC,MICH,Jaripo Mich.,29.99285714
-102.54,19.98,GUAMC,MICH,Guaracha Mich.,31.03571429
-102.42,20.18,BIBMC,MICH,Barraje de Ibarra Mich.,28.33928571
-102.46,20.21,SCRMC,MICH,San Cristóbal Mich.,28.46428571
-99.14,18.52,NEXMR,MOR,Nexpa Mor.,37.63636364
-98.79,18.69,ELPMR,MOR,El Peñón Mor.,29.41176471
-98.9,18.94,ATLMR,MOR,Atlatlahucan Mor.,26.3
-109.07,25.59,TOPOLOBAMPOMAR,SIN,Topolobampo Sin. SEMAR*,23.91111111
-98.27,21.16,HLSVC,VER,Los Hules Ver.,29.31851852
-115.27,32.39,MXCBN,BC,Mexicali B.C.,19.97826087
-103.88,23.47,TCHZC,ZAC,Chalchihuites Zac.,24.5
-105.5,26.44,VILLAOCAMPO,DGO,Villa Ocampo Dgo. SMN*,24.56785714
-89.64,21.05,FIYYC,YUC,Fiuady Yuc.,33.075
-93.19,17.61,JUAREZ,CHIS,Juárez Chis. Protección Civil*,31.57777778
-88.17,21.16,TIZYC,YUC,Tizimín Yuc.,31.66666667
-99.28,25.71,CCHNL,NL,Cuchillo-Solidaridad N.L.,23.89583333
-99.1,19.48,ENP 3,DF,Justo Sierra,26.47857143
-105.53,26,SBEDR,DGO,San Bernardo Dgo.,24.92857143
-95.92,17.73,RMLOX,OAX,Río Manso Lalana Oax.,31.59259259
-102.13,18.85,LPNMC,MICH,Los Panches Mich.,36.26470588
-100.66,18.35,CA2GR,GRO,Ciudad Altamirano Gro. SMN*,40.16666667
-96.94,19.59,BANVC,VER,Banderillas Ver.,22.67857143
-100.23,20.62,MARQT,QRO,El Marqués Qro.,26.32
-92.97,15.73,CUXTEPEQUES,CHIS,Finca Cuxtepeques Chis. SGT*,29.32857143
-93.63,16.49,NVAPALESTINA,CHIS,Nueva Palestina Chis. SGT*,33.90357143
-99.16,19.35,ENP 6,DF,Antonio Caso,25.75714286
-99.13,19.48,ENP 9,DF,Pedro de Alva,25.63214286
-104.66,24.2,PAGDR,DGO,Peña del Águila Dgo.,25.59090909
-104.33,24.54,PDCDR,DGO,Pánuco de Coronado Dgo.,21.975
-99.42,18.99,OCUMX,MEX,Ocuilán de Arteaga Mex.,24.73214286
-99.25,19.05,TRESMARIAS,MOR,Tres Marías Mor. SMN*,19.77857143
-98.06,18.28,ADOPB,PUE,Acatlán de Osorio Pue.,33.96428571
-98.16,18.61,COAPB,PUE,Coatzingo Pue.,33
-98.22,19.11,SCRPB,PUE,San Cristóbal Caleras Pue.,24.46428571
-98.04,20.37,TLXPB,PUE,Tlaxco Pue.,22.81818182
-92.74,17.39,OXOLOTAN,TAB,Oxolotán Tab. SGT*,29.06185185
-89.05,20.03,TANYC,YUC,Tantaquín Yuc.,31.07142857
-104.28,25.08,SLCDR,DGO,San Luis del Cordero Dgo.,26.57142857
-88.47,20.39,CHIYC,YUC,Chan-Chichimilá Yuc.,30.41071429
-99.06,19.38,CCH O,DF,CCH Oriente,25.45
-100.12,23.42,MYNNL,NL,Mier y Noriega N.L.,29.36538462
-96.14,19.04,PDTVC,VER,Paso del Toro Ver.,29.13636364
-103.4,24.28,JALZC,ZAC,Juan Aldama Zac.,25.23076923
-100.98,22.18,76538,SLP,San Luis Potosi (Automatica),28.06
-93.27,16.23,VIFCP,CHIS,Villa Flores Chis.,31.58823529
-103.78,21.83,BLNJL,JAL,Bolaños Jal.,34.63333333
-89.22,19.88,BECYC,YUC,Becanchén Yuc.,33.87037037
-106.65,24.05,ACTSI,SIN,Acatitán Sin.,31.83333333
-103.98,23.74,VGCDR,DGO,Vicente Guerrero Dgo.,26.23214286
-105.67,23.75,SLTDR,DGO,El Salto Dgo.,18.86363636
-104.92,24.8,GUADR,DGO,Guatimapé Dgo.,22.45833333
-99.25,18.68,XXOMR,MOR,Xoxocotla Mor.,36.73214286
-97.85,20.73,MTLPB,PUE,Metlaltoyuca Pue.,22.40909091
-106.95,24.48,SCRSI,SIN,Santa Cruz Sin.,31
-108.52,28.15,C08182,CHIH,Moris,23.25925926
-105.05,23.9,NAVDR,DGO,Navios Viejos Dgo.,21.82692308
-103.25,22.13,CLTJL,JAL,Colotlán Jal.,28.75384615
-102.35,22.45,CUAZC,ZAC,Ciudad Cuauhtémoc Zac.,27.75
-97.54,17.73,STTOX,OAX,Santiago Teotongo Oax.,26.95454545
-112,26.87,MLGBS,BCS,Mulegé B.C.S.,22.42857143
-90.11,20.18,HECCA,CAMP,Hecelchakán Camp.,36
-105.38,27.41,CL2CH,CHIH,Colina hidrométrica Chih.,23.96428571
-106.22,27.45,BOCADELRIO,CHIH,Boca del Río Chih. SGT*,24.36
-107.7,28.76,C08243,CHIH,Tejolocachi,16.96428571
-105.96,28.77,C08270,CHIH,La Mesa,23.57142857
-106.48,28.8,C08099,CHIH,Majalca,15.82142857
-108.09,29.25,C08219,CHIH,Peñitas,12.14285714
-92.18,14.63,ILRAYON,CHIS,Ignacio López Rayón Chis. SGT*,31.99642857
-92.24,14.99,TAMCP,CHIS,Tapachula Malpaso Chis.,32.61538462
-92.15,15.09,VTACANA,CHIS,Volcán Tacaná Chis. SMN*,25.54090909
-92.3,15.12,ARGOVIA,CHIS,Finca Argovia Chis. SGT*,30.50357143
-92.47,15.15,HUIXTLA,CHIS,Huixtla Chis. SGT*,39.1
-93.25,16.25,VILLAFLORES,CHIS,Villaflores Chis. SGT*,34.48928571
-91.71,16.38,CHAYABE,CHIS,Finca Chayabé Chis. SGT*,24.24642857
-93.56,16.69,LASFLORESII,CHIS,Las Flores Dos Chis. SGT*,33.29642857
-92.62,16.74,SCRCP,CHIS,Puente Morelos Chis.,22.53703704
-92.91,17,BOCHIL,CHIS,Bochil Chis. SGT*,29.32142857
-103.88,19.11,DJLCM,COL,Derivadora Jala Col.,32.19230769
-99.18,19.33,CCA ,DF,Centro de Ciencias de la Atmósfera,25.14285714
-99.2,19.4,ENP 4,DF,Vidal castañeda y N.,25.03928571
-99.09,19.48,GCNDF,DF,km 6+250 del Gran Canal Cd. de Méx.,25.42857143
-104.67,23.87,SB2DR,DGO,Santiago Bayacora hidrométrica Dgo.,25.60714286
-104.75,23.96,GVHDR,DGO,Guadalupe Victoria Dgo.,23.32692308
-103.96,24,FV2DR,DGO,Francisco Villa hidrométrica Dgo.,27.30357143
-104.66,24.24,PA2DR,DGO,Peña del Águila hidrométrica Dgo.,25.59090909
-104.8,24.52,CB2DR,DGO,Caboraca hidrométrica Dgo.,21.69642857
-103.28,25.07,LFLDR,DGO,La Flor Coah.,29.71428571
-99.6,18.55,TAXCO,GRO,Taxco Gro. SGT*,27.70357143
-100.87,20.38,LGVGJ,GTO,Presa la Gavia Gto.,28.36
-103.23,22.33,ACHZC,JAL,Achimec Jal.,27.73214286
-99.63,19.29,COBMX,MEX,Observatorio del Estado de México Méx.,24.78571429
-99.28,19.45,TTLMX,MEX,Totolica hidrométricas Méx.,27.92857143
-98.91,19.53,SADMX,MEX,San Andrés Méx.,25.42857143
-98.91,19.54,ATEMX,MEX,Atenco Méx.,27.14285714
-99.39,19.83,TXMHD,MEX,Taxhimay Méx.,28.10714286
-99.44,24.98,CARNL,NL,Carmen de los Elizondo Linares N.L.,28.07692308
-95.37,16.43,EMAOX,OAX,El Marqués Oax.,36.32142857
-96.55,17.27,SCIOX,OAX,Ixtepeji Oax.,28.53571429
-97.4,20.12,RNAPB,PUE,Rancho Nuevo Pue.,26.66666667
-107.16,24.81,SN2SI,SIN,Sanalona hidrométrica Sin.,31.39285714
-107.38,25.09,AL2SI,SIN,El Varejonal hidrométrica Sin.,30.61538462
-107.91,25.86,GD2SI,SIN,Bacurato hidrométrica de Gustavo Diaz Ordáz Sin.,29.64285714
-108.32,26.08,GB2SI,SIN,El Sabinal hidrométrica Sin.,28.28571429
-108.32,26.7,76311,SIN,CHOIX,29.56428571
-108.33,26.74,CHXSI,SIN,Choix Estación Sin.,29.77857143
-108.35,26.9,LD2SI,SIN,Huites hidrométrica Sin.,31.83333333
-99.83,21.65,PMYSL,SLP,Pedro Montoya S.L.P.,34.52692308
-109.37,28.98,PELIASCALLES,SON,Presa Plutarco Elías Calles Son. SGT*,23.58571429
-99.19,23.73,CVTTP,TAMPS,Ciudad Victoria Tamps.,28.44230769
-99.12,24.08,BARRETALII,TAMPS,Barretal Dos Tamps. SGT*,28.11153846
-98.69,25.12,CANDIDOAG,TAMPS,Cándido Aguilar Tamps. SGT*,27.98461538
-89.68,20.65,ABAYC,YUC,Abalá Yuc.,30.96296296
-90.38,20.86,CELYC,YUC,Celestún Yuc. SMN*,32.1
-89.44,21.11,MOCYC,YUC,Mocochá Yuc.,33.35714286
-103.5,22.33,STEZC,ZAC,Santa Teresa Zac.,24.75
-92.27,15.33,MOTOZINTLA,CHIS,Motozintla Chis. SGT*,22.16785714
-99.16,18.77,PROMR,MOR,Progreso Mor.,31.22727273
-99.2,19.5,CCH A,DF,CCH Azcapotzalco,25.75357143
-94.16,17.57,TMOVC,VER,Tierra Morada Ver.,30.57407407
-102.34,23.29,VCOZC,ZAC,Villa de Cos Zac.,24.55555556
-99.37,17.47,MCHGR,GRO,Mochitlán Gro.,31.14285714
-92.32,15.56,SILTEPEC,CHIS,Siltepec Chis. SGT*,29.75714286
-96.7,19.43,CEGVC,VER,Cerro Gordo Ver.,28.51851852
-93.07,16.72,TXZCP,CHIS,Tuxtla Gutiérrez Zoomat Chis.,32.8125
-102.78,24.56,TGRDR,DGO,El Tigre Dgo.,28.03846154
-99.15,22.99,AHLTP,TAMPS,Ahualulco Tamps.,29.38076923
-110.14,29,MZTSO,SON,Mazatán Son.,24.19565217
-96.65,19.32,CRRVC,VER,Carrizal Ver.,31.38095238
-108.17,29.67,YEPCH,CHIH,Yepachic Chih.,17.66666667
-107.26,28.77,BACCH,CHIH,Bachíniva Chih.,16.57142857
-103.73,22.4,BCSJL,JAL,Bocas Jal.,30.55769231
-99.47,18.8,CHDMX,MEX,Colonia Hidalgo Mex.,30.42857143
-99.73,18.93,PDZMX,MEX,Porfirio Díaz Méx.,23.27272727
-99.65,19.3,RECMX,MEX,Rectoría Méx.,20.45714286
-99.7,19.33,CALMX,MEX,Calixtlahuaca Méx.,24.60714286
-99.24,19.47,CCH N,MEX,CCH Naucalpan,25.03571429
-99.8,19.63,SMLMX,MEX,Santa María del Llano Méx.,24.77777778
-99.79,19.83,PFBMX,MEX,Francisco José Trinidad Fabela Méx.,22.14285714
-95.93,17.15,ZACOX,OAX,Zacatepec Oax.,23.98148148
-95.42,18.47,TZAVC,VER,Tres Zapotes Ver.,30.43181818
-95.52,18.63,NLTVC,VER,Naranjal Lerdo de Tejada Ver.,29.56521739
-97.24,19.58,PERVC,VER,Perote Ver.,24.26190476
-89.5,21.08,CONYC,YUC,Conkal Yuc.,32.96428571
-103.46,21.47,TGOZC,ZAC,Teúl de González Ortega Zac.,27.25
-102.79,21.56,TLAZC,ZAC,Tlalchichila Zac.,25.55357143
-92.48,15.35,FPZCP,CHIS,Finca la Paz Chis.,27.71428571
-92.33,15.17,FHACP,CHIS,Finca Hamburgo Chis.,26.625
-99.94,18.93,TESMX,MEX,Texcaltitlán Méx.,23.53571429
-99.8,19.33,TBRMX,MEX,Tres Barrancas Méx.,22.5
-98.9,19.44,TJCMX,MEX,El Tejocote Méx.,24.83928571
-99.77,19.57,IXCMX,MEX,Ixtlahuaca Méx.,25.12962963
-99.74,19.59,SLBMX,MEX,San Bartolo del Llano Méx.,22.89285714
-95.45,18.23,LCEVC,VER,La Ceibilla Ver.,32.82142857
-103.09,22.93,GJAZC,ZAC,General Joaquín Amaro Zac.,21.96428571
-101.39,24.62,CORZC,ZAC,Concepción del Oro Zac.,24.73333333
-101.92,21.37,OLMJL,JAL,Observatorio de Lagos de Moreno Jal.,28.65357143
-107.25,28.72,C08215,CHIH,Las Chepas,14.92307692
-105.35,22.49,ACANR,NAY,Acaponeta Nay.,33.5
-105.34,22.56,LESNR,NAY,La Estancia Nay.,33.83928571
-99.78,19.45,ATOMX,MEX,Atotonilco 2 Méx.,23
-99.89,19.79,ACLMX,MEX,Puente Atlacomulco Méx.,24
-101.2,18.8,LPZMC,MICH,Los Pinzanes Mich.,39.38888889
-105.21,22.12,ROMNR,NAY,Rosa Morada Nay.,31.75
-95.7,18.08,VAZVC,VER,Villa Azueta Ver.,31.8
-100.58,25.27,SAACL,COAH,San Antonio de las Alazanas Coah.,24.75
-99.19,19.37,ENP 8,DF,Manuel E. Schulz,24.18928571
-99.1,19.38,ENP 2,DF,Erasmo Castellanos Q.,26.02142857
-99.14,19.48,CCH V,DF,CCH Vallejo,24.52727273
-104.9,23.8,SBBDR,DGO,Santa Bárbara Dgo.,20.94444444
-105.57,26.08,SRDDR,DGO,Sardinas Dgo.,27.74
-105.14,21.96,RUINR,NAY,Ruiz Nay.,31.23214286
-103.11,21.4,JCHZC,ZAC,Juchipila Zac.,30.78571429
-100.84,28.34,ADLCL,COAH,Allende Coah.,23.42105263
