Lon,Lat,Clave,Edo,Est,Tmin
-102.29,21.85,76571,AGS,AGUASCALIENTES,17.44166667
-102.37,21.78,NGRAG,AGS,El Niagara Ags.,15.51666667
-102.79,21.81,MNLAG,AGS,Media Luna Ags.,17.26666667
-102.71,21.85,CALVILLO,AGS,Calvillo Ags. SMN*,16.72
-102.29,21.85,OBSAG,AGS,Observatorio de Aguascalientes Ags.,17.12
-102.31,21.9,AGSAG,AGS,Aguascalientes Ags.,17.68
-102,21.9,CNSAG,AGS,Los Conos Ags.,15.31666667
-102.68,22,CDRAG,AGS,La Codorniz Ags.,17.03333333
-102.36,22.12,JCQAG,AGS,Jocoque Ags.,15.5
-102.42,22.14,PECAG,AGS,Plutarco Elías Calles Ags.,15.2
-102.29,22.16,PBLAG,AGS,Pabellón Ags.,15.45
-102.47,22.19,ANVAG,AGS,Cincuenta Aniversario Ags.,15.41666667
-102.14,22.2,PTOAG,AGS,Puerto de la Concepción Ags.,14.10714286
-102.44,22.24,PTRAG,AGS,Derivadora Pabellón Ags.,14.96666667
-102.3,22.36,CSOAG,AGS,Cosío Ags.,10.8
-115.19,32.41,76040,BC,EJIDO NVO. LEÓN,19.60333333
-114.72,29.73,CATAVINA,BC,Cataviña B.C. SMN*,14.28928571
-114.85,31.03,SFLBN,BC,San Felipe B.C.,25.82222222
-116.6,31.89,ELZBN,BC,Emilio López Zamora B.C.,15.32608696
-116.2,32.27,AGHBN,BC,Agua Hechicera B.C.,8.064
-116.91,32.44,ALRBN,BC,Abelardo L. Rodríguez B.C.,16.07142857
-116.83,32.47,EFLBN,BC,El Florido B.C.,15.16666667
-116.7,32.48,CRRBN,BC,El Carrizo B.C.,14.47058824
-116.3,32.52,HNGBN,BC,El Hongo B.C.,11.38888889
-114.73,32.7,PDMBN,BC,Presa Derivadora Morelos B.C.,19.975
-115.27,32.39,MXCBN,BC,Mexicali B.C.,22.83333333
-116.81,32.1,LAMBN,BC,La Misión B.C.,14.90909091
-115.93,30.52,ENBBN,BC,San Quintín B.C.,14.89565217
-114.73,32.7,ALGODONESob,BC,Observatorio de Algodones B.C. SMN*,33.17272727
-111.65,25.01,76402,BCS,CD. CONSTITUCIÓN,15.07333333
-110.32,24.12,76405,BCS,LA PAZ,19.94
-111.35,26.02,76305,BCS,LORETO,24.49333333
-112.25,27.28,76253,BCS,STA. ROSALIA,21.98
-111.35,26.01,76304,BCS,LORETO (AUTOMATICA),23.60333333
-111.35,26.01,BLORETO,BCS,Bahía de Loreto B.C.S. SMN*,23.80714286
-109.92,22.89,SLUBS,BCS,Cabo San Lucas B.C.S. SMN*,21.58571429
-110.22,23.45,TODOSLOSSANTOS,BCS,Todos los Santos B.C.S. SMN*,17.28148148
-109.93,22.9,CSLBS,BCS,Cabo San Lucas B.C.S.,19.45
-109.71,23.07,SJCBS,BCS,San José del Cabo B.C.S.,18.71666667
-110.22,23.43,TSNBS,BCS,Todos Santos B.C.S.,15.06666667
-109.72,23.45,SNTBS,BCS,Santiago B.C.S.,19.33333333
-109.55,23.58,RBRBS,BCS,La Ribera B.C.S.,21.01666667
-109.7,23.68,LBABS,BCS,Los Barriles B.C.S.,23.2
-109.84,23.74,SBABS,BCS,San Bartolo B.C.S.,18
-110.05,23.8,SANBS,BCS,San Antonio B.C.S.,21.9
-109.98,24.07,PLNBS,BCS,Los Planes B.C.S.,20.93333333
-109.98,24.07,SARBS,BCS,El Sargento B.C.S.,21.0862069
-110.37,24.15,LPZBS,BCS,La Paz B.C.S.,19.98333333
-111.66,25,CCNBS,BCS,Ciudad Constitución B.C.S.,15.07
-111.34,26.02,LRTBS,BCS,Loreto B.C.S.,24.44333333
-112.28,27.3,SRLBS,BCS,Santa Rosalía B.C.S.,21.85666667
-113.42,27.78,DORBS,BCS,Díaz Ordaz B.C.S.,11.81666667
-114.05,27.97,GNGBS,BCS,Guerrero Negro B.C.S.,16.03571429
-112,26.87,MLGBS,BCS,Mulegé B.C.S.,22.03333333
-90.5,19.83,76695,CAMP,CAMPECHE,24.62413793
-89.4,18.5,XPJCA,CAMP,Xpujil Camp.,24.43333333
-89.72,19.46,DZILBACHEN,CAMP,Dzilbachén Camp. SMN*,24.33571429
-89.89,18.09,CALAKMUL,CAMP,Calakmul Camp. SMN*,23.38214286
-89.89,18.36,CALCA,CAMP,Calakmul Camp. SMN*,23.82142857
-91.05,18.18,CNDCA,CAMP,Candelaria Camp.,23.03571429
-92.09,18.25,PLZCA,CAMP,Palizada Camp.,22.89285714
-90.74,18.6,ESCCA,CAMP,Escárcega Camp.,24.92857143
-91.76,18.65,CARCA,CAMP,El Carmen Camp.,25.86666667
-91.18,18.97,SBNCA,CAMP,Sabancuy Camp.,23.3
-90.58,19.3,CANCA,CAMP,Canasayab Camp.,23.8
-90.72,19.36,CHMCA,CAMP,Champotón Camp.,24.46666667
-90.22,19.61,NYXCA,CAMP,Noh-Yaxché Camp.,25.1
-89.86,19.66,XCPCA,CAMP,Xcupil Camp.,22.73333333
-89.85,19.75,HPOCA,CAMP,Hopelchen Camp.,23.88
-90.54,19.84,CMPCA,CAMP,Campeche Camp.,24.1
-90.51,19.84,COBCA,CAMP,Observatorio de Campeche Camp.,24.61
-89.74,20,BOLCA,CAMP,Bolonchen Camp.,24.77777778
-90.11,20.18,HECCA,CAMP,Hecelchakán Camp.,21.51724138
-106.13,28.67,76225,CHIH,CHIHUAHUA,19.89655172
-105.67,26.92,76323,CHIH,HGO. DEL PARRAL,18.11333333
-107.93,30.42,76122,CHIH,NUEVO CASAS GRANDES,14.28333333
-107.82,28.95,76220,CHIH,TEMOSACHIC,10.01333333
-106.38,26.47,RVGCH,CHIH,El Vergel Chih.,5.916666667
-105.16,26.74,VICCH,CHIH,Villa Coronado Chih.,16.4
-107.07,26.81,GRCCH,CHIH,Guerachi Chih.,23.57058824
-107.88,26.87,IGNCH,CHIH,San Ignacio Chih.,23.40740741
-105.68,26.92,PRRCH,CHIH,Parral Chih.,17.85333333
-107.97,26.94,TBRSI,CHIH,San Francisco Chih.,25.25217391
-107.72,27.03,BTPCH,CHIH,Batopilas Chih.,25.85416667
-104.91,27.13,JMNCH,CHIH,Jiménez Chih.,17.92
-107.92,27.22,URICH,CHIH,Urique Chih. SMN*,25.225
-107.91,27.22,URECH,CHIH,Urique Chih.,24.02142857
-108.54,27.42,CNDCH,CHIH,Chínipas Chih.,23.25666667
-105.81,27.45,VZRCH,CHIH,Valle de Zaragoza Chih.,18.39285714
-105.41,27.54,LBQCH,CHIH,La Boquilla Chih.,20.71428571
-105.63,28.17,FIMCH,CHIH,Francisco I. Madero Chih.,19.46428571
-108.21,28.21,BSSCH,CHIH,Basaseachi Chih.,6.906666667
-105.45,28.21,CDLCH,CHIH,Ciudad Delicias Chih.,20.17857143
-107.48,28.48,AGZCH,CHIH,Abraham González Chih.,10.2
-106.09,28.66,QIJCH,CHIH,Observatorio de Chihuahua Chih.,19.84482759
-107.85,28.95,TMCCH,CHIH,Temósachic Chih.,9.82
-105.28,28.98,LLNCH,CHIH,Ing. Luis L. León Chih.,24.29310345
-108.3,29.2,GPCCH,CHIH,Guapoca Chih.,11.30357143
-107.38,29.56,TNTCH,CHIH,El Tintero Chih.,15
-104.41,29.56,OJNCH,CHIH,Ojinaga Chih.,20.96666667
-107.03,29.88,LJSCH,CHIH,Las Lajas Chih.,13.83333333
-107.93,30.38,CAGCH,CHIH,Casas Grandes Chih.,14.27666667
-106.4,31.74,CJZCH,CHIH,Ciudad Juárez Chih.,23.66666667
-108.52,28.15,C08182,CHIH,Moris,17.5
-105.38,27.41,CL2CH,CHIH,Colina hidrométrica Chih.,16.78
-106.22,27.45,BOCADELRIO,CHIH,Boca del Río Chih. SGT*,18.19035714
-107.7,28.76,C08243,CHIH,Tejolocachi,7.166666667
-105.96,28.77,C08270,CHIH,La Mesa,17.65384615
-106.48,28.8,C08099,CHIH,Majalca,9.211538462
-108.09,29.25,C08219,CHIH,Peñitas,5.75
-108.17,29.67,YEPCH,CHIH,Yepachic Chih.,6.56
-107.26,28.77,BACCH,CHIH,Bachíniva Chih.,12.14814815
-93.9,16.24,76840,CHIS,ARRIAGA,21.61666667
-92.13,16.23,76848,CHIS,COMITAN,16.75666667
-92.63,16.73,76845,CHIS,SAN CBAL. DE LAS CASAS,12.98666667
-92.25,14.92,76903,CHIS,TAPACHULA,24.17666667
-93.13,16.75,76843,CHIS,TUXTLA GUTIÉRREZ,21.47
-92.4,15,HUECP,CHIS,Huehuetán Chis.,23.11666667
-92.48,15.97,CATARINITAS,CHIS,Catarinitas Chis. SGT*,22.97857143
-92.05,16.12,ZAPALUTA,CHIS,Zapaluta Chis. SGT*,16.77142857
-91.73,16.91,YAQUINTELA,CHIS,Yaquintela Chis. SGT*,21.11071429
-92.26,14.91,TAPCP,CHIS,Tapachula Chis.,24.17666667
-92.47,15.13,HUICP,CHIS,Huixtla Chis.,23.36666667
-92.58,15.2,DESCP,CHIS,Despoblado Chis.,22.3
-92.67,15.32,ESCCP,CHIS,Escuintla Chis.,22.91666667
-92.72,15.35,CACCP,CHIS,Cacaluta Chis.,22.89285714
-92.88,15.45,MAPCP,CHIS,Mapastepec Chis.,23.17241379
-92.95,15.5,ELNCP,CHIS,El Novillero Chis.,23.39285714
-93.22,15.69,PIJCP,CHIS,Pijijiapan Chis.,24.44444444
-92.28,15.75,CHMCP,CHIS,Chicomuselo Chis.,19.61666667
-92.24,15.78,SMICP,CHIS,San Miguel Chis.,20.68181818
-93.06,16.45,SDOCP,CHIS,Santo Domingo Chis.,21.4
-91.97,15.85,PCOCP,CHIS,Puente Concordia Chis.,20.18333333
-92.72,15.87,JAPCP,CHIS,Jaltenango Chis.,20.56
-93.53,15.88,TPICP,CHIS,Tres Picos Chis.,23.33333333
-92.67,15.92,REFCP,CHIS,Reforma Chis.,19.73333333
-93.08,16.16,REVCP,CHIS,Revolución Mexicana Chis.,20.75
-92.1,16.2,COOCP,CHIS,Observatorio de Comitán Chis.,16.78
-93.9,16.24,AROCP,CHIS,Arriaga Chis.,21.71666667
-92.48,16.31,CASCP,CHIS,Cascajal Chis.,20.98333333
-92.78,16.4,ANGCP,CHIS,Doctor Belisario Domínguez Chis.,21.43333333
-92.8,16.55,ACACP,CHIS,Acala Chis.,22.68333333
-93.15,16.64,BOQCP,CHIS,Boquerón Chis.,21.72413793
-92.63,16.73,SCOCP,CHIS,Observatorio de San Cristóbal Chis.,12.98666667
-93.13,16.75,TXOCP,CHIS,Observatorio de Tuxtla Gutiérrez Chis.,21.48666667
-93.1,16.76,TUXCP,CHIS,Tuxtla Oriente Chis.,22.78571429
-93.15,16.76,TUXTLAGTZob,CHIS,Observatorio de Tuxtla Gutiérrez Chis. SMN*,22.72142857
-92.82,16.94,SNACP,CHIS,Santa María Chis.,22.83333333
-93.1,16.94,CHICP,CHIS,Manuel Moreno Torres Chis.,22.81034483
-93.12,16.98,GRICP,CHIS,Grijalva Chis.,21.5
-93.33,17.12,YAMCP,CHIS,Yamonhó Chis.,22.01724138
-93.6,17.18,MALCP,CHIS,Nezahualcóyotl Chis.,24.7
-93.38,17.42,SAYCP,CHIS,Sayula Chis.,23.33333333
-93.01,17.25,TAPILULA,CHIS,Tapilula Chis. SGT*,20.83642857
-93.46,17.45,PENCP,CHIS,Ángel Albino Corzo Chis.,25.08333333
-92.35,17.57,SAACP,CHIS,Salto de Agua Chis.,23.33666667
-93.19,17.61,JUAREZ,CHIS,Juárez Chis. Protección Civil*,24.45357143
-92.97,15.73,CUXTEPEQUES,CHIS,Finca Cuxtepeques Chis. SGT*,18.13214286
-93.63,16.49,NVAPALESTINA,CHIS,Nueva Palestina Chis. SGT*,22.12857143
-93.27,16.23,VIFCP,CHIS,Villa Flores Chis.,19.33333333
-92.18,14.63,ILRAYON,CHIS,Ignacio López Rayón Chis. SGT*,23.97857143
-92.24,14.99,TAMCP,CHIS,Tapachula Malpaso Chis.,20.80769231
-92.15,15.09,VTACANA,CHIS,Volcán Tacaná Chis. SMN*,16.9
-92.3,15.12,ARGOVIA,CHIS,Finca Argovia Chis. SGT*,20.14074074
-92.47,15.15,HUIXTLA,CHIS,Huixtla Chis. SGT*,20.05555556
-93.25,16.25,VILLAFLORES,CHIS,Villaflores Chis. SGT*,20.88888889
-91.71,16.38,CHAYABE,CHIS,Finca Chayabé Chis. SGT*,17.09285714
-93.56,16.69,LASFLORESII,CHIS,Las Flores Dos Chis. SGT*,21.675
-92.62,16.74,SCRCP,CHIS,Puente Morelos Chis.,13.36666667
-92.91,17,BOCHIL,CHIS,Bochil Chis. SGT*,18.18571429
-92.27,15.33,MOTOZINTLA,CHIS,Motozintla Chis. SGT*,15.47407407
-92.32,15.56,SILTEPEC,CHIS,Siltepec Chis. SGT*,19.36428571
-93.07,16.72,TXZCP,CHIS,Tuxtla Gutiérrez Zoomat Chis.,20.85714286
-92.37,16.89,CANCUC,CHIS,Cancuc Chis. SGT*,18.67909091
-92.48,15.35,FPZCP,CHIS,Finca la Paz Chis.,17.09090909
-92.33,15.17,FHACP,CHIS,Finca Hamburgo Chis.,18.80769231
-92.3,14.89,TAPACHULAob,CHIS,Observatorio de Tapachula Chis. SMN*,25.19259259
-101.42,26.91,76342,COAH,MONCLOVA,24.03666667
-100.52,28.7,76243,COAH,PIEDRAS NEGRAS,23.6137931
-103.45,25.53,76382,COAH,TORREON,22.78666667
-103.7,27.29,SMJCL,COAH,Sierra Mojada Coah.,19.36
-100.92,25.44,ESLCL,COAH,E. C. Saltillo Coah.,18.35
-103.26,25.77,FIMCL,COAH,Francisco I. Madero Coah.,20.2
-101.12,29.15,CBRCL,COAH,Cabeceras Coah.,22.60714286
-101.02,25.38,STOCL,COAH,Saltillo Coah.,17.5
-103.45,25.53,TORREONob,COAH,Observatorio de Torreón Coah. SMN*,22.86071429
-103.45,25.54,TORCL,COAH,Observatorio de Torreón Coah.,22.81666667
-103.47,25.54,CYTCL,COAH,Coyote Coah.,23.66666667
-100.93,25.56,ARACL,COAH,Ramos Arizpe Aeropuerto Coah.,18.03333333
-102.98,25.76,SPECL,COAH,San Pedro Coah.,20.55
-100.66,26.84,CDLCL,COAH,Candela Coah.,24.73333333
-101.42,26.91,MCVCL,COAH,Monclova Coah.,24.07666667
-102.06,26.98,CCGCL,COAH,Cuatro Ciénegas Coah.,23.13333333
-101,27.42,PRSCL,COAH,Progreso Coah.,23.13333333
-100.62,27.52,VCRCL,COAH,Venustiano Carranza Coah.,24.2
-101.12,27.85,SBNCL,COAH,Sabinas Coah.,23.96428571
-100.53,28.71,PNGCL,COAH,Piedras Negras Coah.,23.50666667
-100.9,29.03,ZPTCL,COAH,Zapata Coah.,21.36666667
-100.95,29.03,SMGCL,COAH,San Miguel Coah.,22.32142857
-100.95,29.21,CNTCL,COAH,El Centenario Coah.,20.9
-100.95,29.33,CDACL,COAH,Ciudad Acuña Coah.,21
-101.06,29.45,AMSCL,COAH,Internacional La Amistad Coah.,22.56666667
-102.18,25.44,PARCL,COAH,Parras Coah.,17.13333333
-100.84,28.34,ADLCL,COAH,Allende Coah.,23.61111111
-101.02,25.38,76390,COAH,SALTILLO,15.98
-101.02,25.38,SALCL,COAH,Observatorio de Saltillo Coah.,16.04
-103.72,19.24,76658,COL,COLIMA,22.62758621
-104.33,19.07,76654,COL,MANZANILLO,26.15666667
-103.87,19.17,LAECM,COL,La Esperanza Col.,21.72727273
-103.72,18.75,CDOCM,COL,Cerro de Ortega Col.,24.15384615
-103.77,18.81,LDACM,COL,Laguna de Amela Col.,24.08928571
-103.63,18.83,CLLCM,COL,Callejones Col.,25
-103.87,18.91,TCMCM,COL,Tecomán Col.,24.84090909
-104.32,19.04,MNZCM,COL,Manzanillo Col.,26.14
-103.8,19.21,CQMCM,COL,Coquimatlán Col.,23.0952381
-103.73,19.22,LPSCM,COL,La Posta Col.,22.87333333
-103.73,19.22,RDRCM,COL,Radar Col.,24.31666667
-103.61,19.25,BVSCM,COL,Buena Vista Col.,21.03333333
-103.81,19.32,PNTCM,COL,Peñitas Col.,21.65909091
-103.6,19.32,CUACM,COL,Cuauhtémoc Col.,21.86363636
-103.88,19.11,DJLCM,COL,Derivadora Jala Col.,22.05333333
-99.2,19.4,76680,DF,CENTRAL TACUBAYA,14.5137931
-99.2,19.31,CCH S,DF,CCH Sur,13.37333333
-99.13,19.42,ENP 7,DF,Ezequiel A. Chavez,15.75185185
-99.2,19.3,DATDF,DF,Desviación Alta Cd. de Méx.,8.666666667
-99.17,19.45,CBIDF,DF,Escuela Nacional de Ciencias Biológicas IPN Cd. de Méx. SMN*,15.04285714
-99.07,19.47,SJADF,DF,San Juan de Aragón Cd. de Méx.,14.5
-99.14,19.52,CEADF,DF,Campamento Amealco Cd. de Méx.,13.33333333
-99.1,19.48,ENP 3,DF,Justo Sierra,14.97666667
-99.16,19.35,ENP 6,DF,Antonio Caso,15.11
-99.13,19.48,ENP 9,DF,Pedro de Alva,15.47
-99.18,19.33,CCA ,DF,Centro de Ciencias de la Atmósfera,14.58076923
-99.2,19.4,ENP 4,DF,Vidal castañeda y N.,14.86333333
-99.09,19.48,GCNDF,DF,km 6+250 del Gran Canal Cd. de Méx.,11.98333333
-99.2,19.5,CCH A,DF,CCH Azcapotzalco,14.68846154
-99.12,19.27,ENP 1,DF,Gabino Barreda,14.64
-99.1,19.38,ENP 2,DF,Erasmo Castellanos Q.,15.58
-99.19,19.37,ENP 8,DF,Manuel E. Schulz,14.11111111
-104.6,24.09,76423,DGO,DURANGO,16.76785714
-104.56,25.18,RDODR,DGO,Rodeo Dgo.,19.71428571
-102.78,24.63,SJGDR,DGO,San Juan de Guadalupe Dgo.,17.35714286
-103.35,24.47,SCLDR,DGO,Santa Clara Dgo.,15.84482759
-104.68,23.87,SBYDR,DGO,Santiago Bayacora Dgo.,15.85
-104.75,23.96,GVCDR,DGO,Presidente Guadalupe Victoria Dgo.,16.56666667
-103.96,24,FVLDR,DGO,Francisco Villa Dgo.,15.07142857
-104.67,24.03,DRGDR,DGO,Durango Dgo.,16.91785714
-104.12,24.44,CGVDR,DGO,Ciudad Guadalupe Victoria Dgo.,14.86666667
-104.75,24.5,CNTDR,DGO,Canatlán Dgo.,11.08
-104.81,24.54,CBRDR,DGO,Caboraca Dgo.,13.38333333
-103.08,24.61,SELDR,DGO,Santa Elena Dgo.,13.35
-106.54,24.7,TDRDR,DGO,El Tule del Real Dgo.,23.64705882
-103.7,24.87,CNCDR,DGO,Cuencamé Dgo.,17.9
-106.98,24.93,TMZDR,DGO,Tamazula Dgo.,23.01666667
-105.42,25.04,SPPDR,DGO,Santiago Papasquiaro Dgo.,13.4
-105.44,25.22,SACDR,DGO,Salomé Acosta Dgo.,14.43333333
-104.11,25.23,NZSDR,DGO,Nazas Dgo.,14.74074074
-104.07,25.26,AM2DR,DGO,Agustín Melgar Dgo. SMN*,17.58928571
-103.77,25.27,FZRDR,DGO,Francisco Zarco Dgo.,22.36666667
-105.25,25.5,GESDR,DGO,General Escobedo Dgo.,17.15517241
-103.52,25.53,CLRDR,DGO,Ciudad Lerdo Dgo.,22.06666667
-105.02,25.59,LCRDR,DGO,Lázaro Cárdenas Dgo.,19.15517241
-103.85,25.82,MPMDR,DGO,Mapimí Dgo.,23.53333333
-105.96,25.93,GNCDR,DGO,Guanacevit Dgo.,4.807692308
-105.37,25.95,SMODR,DGO,Santa María del Oro Dgo.,9.5
-103.44,26.11,THODR,DGO,Tlahualilo Dgo.,20
-104.93,26.24,VHGDR,DGO,Villa Hidalgo Dgo.,13.46428571
-104.12,26.52,CEBDR,DGO,Ceballos Dgo.,16
-105.5,26.44,VILLAOCAMPO,DGO,Villa Ocampo Dgo. SMN*,15.55
-105.53,26,SBEDR,DGO,San Bernardo Dgo.,14.625
-103.98,23.74,VGCDR,DGO,Vicente Guerrero Dgo.,14.71666667
-105.67,23.75,SLTDR,DGO,El Salto Dgo.,7.9
-104.92,24.8,GUADR,DGO,Guatimapé Dgo.,11.11666667
-105.05,23.9,NAVDR,DGO,Navios Viejos Dgo.,6.392857143
-104.67,23.87,SB2DR,DGO,Santiago Bayacora hidrométrica Dgo.,15.85
-104.75,23.96,GVHDR,DGO,Guadalupe Victoria Dgo.,16.63333333
-103.96,24,FV2DR,DGO,Francisco Villa hidrométrica Dgo.,15.07142857
-104.8,24.52,CB2DR,DGO,Caboraca hidrométrica Dgo.,13.38333333
-103.28,25.07,LFLDR,DGO,La Flor Coah.,18.96666667
-102.78,24.56,TGRDR,DGO,El Tigre Dgo.,15.96428571
-105.57,26.08,SRDDR,DGO,Sardinas Dgo.,5.724137931
-104.7,24,CAGDR,DGO,Campo Agrícola Dgo.,14.42307692
-99.75,16.76,76805,GRO,ACAPULCO,25.88
-99.5,17.55,76762,GRO,CHILPANCINGO,19.45862069
-98.5,16.66,QTZGR,GRO,Quetzala Gro.,23.10714286
-98.51,17.62,IXTGR,GRO,Ixcateopan de Tlapa Gro.,19.4
-99.93,17.6,YXTGR,GRO,Yextla Gro.,16.69565217
-99.48,16.8,SNMGR,GRO,San Marcos Gro.,12.77777778
-100.52,18.08,AFIGR,GRO,Andrés Figueroa Gro.,22.68518519
-99.61,18.55,TAXGR,GRO,Taxco Gro.,16.25925926
-98.41,16.47,CNLGR,GRO,Cuajinicuilapa Gro.,24.21666667
-98.43,16.68,OMEGR,GRO,Ometepec Gro.,15.06666667
-99.24,16.76,LDGGR,GRO,Las Vigas Gro.,20.4
-99.75,16.76,ACUGR,GRO,Acapulco Gro. SMN*,24.71785714
-99.8,16.8,ODAGR,GRO,Observatorio de Acapulco Gro.,25.90333333
-99.91,16.85,ACAGR,GRO,Acapulco Gro.,24.81481481
-99.1,16.95,AYUGR,GRO,Ayutla Gro.,21.10344828
-100.02,16.96,LDCGR,GRO,Laguna de Coyuca Gro.,22.93103448
-99.78,16.97,K21GR,GRO,km 21 Gro.,24.55769231
-100.47,17.14,SJEGR,GRO,San Jerónimo Gro.,25.63333333
-99.53,17.17,TCOGR,GRO,Tierra Colorada Gro.,22.96666667
-100.43,17.21,ATYGR,GRO,Atoyac Gro.,23.35714286
-101.05,17.38,CYQGR,GRO,Coyuquilla Gro.,22.14285714
-99.45,17.48,PETGR,GRO,Petaquillas Gro.,17.31034483
-98.6,17.5,TLPGR,GRO,Tlapa Gro.,19.83333333
-99.5,17.55,CHIGR,GRO,Chilpancingo Gro.,18.73333333
-99.4,17.57,TXTGR,GRO,Tixtla Gro.,18.26666667
-99.52,17.58,AERGR,GRO,Aeropuerto de Chilpancingo Gro.,19.49333333
-99.5,17.6,ODZGR,GRO,Observatorio de Zumpango Gro.,16.96666667
-99.18,17.61,CHLGR,GRO,Chilapa Gro.,17.4
-99.7,17.67,CCHGR,GRO,Chichihualco Gro.,15.03333333
-98.74,17.78,OLNGR,GRO,Olinala Gro.,18.63333333
-99.98,17.79,TLAGR,GRO,Tlacotepec Gro.,10.03333333
-101.54,17.86,ZHTGR,GRO,Zihuatanejo Gro.,23.26666667
-98.49,17.9,XXHGR,GRO,Xochihuehuetlán Gro.,19.5
-99.55,18.35,IGLGR,GRO,Iguala Gro.,21.68666667
-100.66,18.36,CALGR,GRO,Ciudad Altamirano Gro.,23.09259259
-100.27,18.38,VGRGR,GRO,Vicente Guerrero Gro.,17.5
-101,18.42,LCLGR,GRO,La Calera Gro.,18.83333333
-99.4,18.46,BVSGR,GRO,Buena Vista Gro.,16.6
-99.6,18.55,TAXCO,GRO,Taxco Gro. SGT*,17.48214286
-99.37,17.47,MCHGR,GRO,Mochitlán Gro.,16.96153846
-99.91,16.82,ACAPULCOMAR,GRO,Acapulco Gro. SEMAR*,26.21818182
-98.84,17.41,CRUCERODEL,GRO,Crucero de L. Gro. Protección Civil*,13.89444444
-101.29,21.01,76577,GTO,GUANAJUATO,16.01333333
-101.47,21.07,COMGJ,GTO,Comanjilla Gto.,15.42307692
-101.22,21.48,SFEGJ,GTO,San Felipe Gto.,11.2
-100.36,20.2,CORGJ,GTO,Coroneo Gto.,11.16666667
-101.11,21.32,LQMGJ,GTO,La Quemada Gto.,12.03333333
-100.5,21.22,POZGJ,GTO,Pozos Gto.,12.55
-101.02,20.43,SMAGJ,GTO,San Miguel de Allende Gto.,13.875
-100.75,20.58,SMOGJ,GTO,San Miguel Octopan Gto.,15.82142857
-100.72,20.03,ACNGJ,GTO,Acámbaro Gto.,15.83333333
-100.67,20.05,SLSGJ,GTO,Solís Gto.,15.96666667
-100.52,20.13,JCRGJ,GTO,Jerécuaro Gto.,11.75
-100.9,20.28,ECBGJ,GTO,El Cubo Gto.,15.43333333
-100.88,20.21,SLVGJ,GTO,Salvatierra Gto.,14.26666667
-101.36,20.28,LJIGJ,GTO,Las Jícamas Gto.,16.1
-100.75,20.28,TARGJ,GTO,Tarimoro Gto.,14.81666667
-101.07,20.29,LDYGJ,GTO,Laguna de Yuriria Gto.,14.08333333
-101.07,20.3,SRTGJ,GTO,Santa Rita Gto.,15.28333333
-101.18,20.39,VDSGJ,GTO,Valle de Santiago Gto.,14.85185185
-101.02,20.4,SJLGJ,GTO,Santa Julia Gto.,14
-101.52,20.43,ABSGJ,GTO,Abasolo Gto.,17.33333333
-101.74,20.44,GLNGJ,GTO,La Golondrina Gto.,15.38461538
-100.62,20.45,APSGJ,GTO,Apaseo el Alto Gto.,16
-100.95,20.48,CRTGJ,GTO,Cortázar Gto.,16.51666667
-101.63,20.5,ATBGJ,GTO,Agua Tibia Gto.,15.51666667
-101.13,20.52,PERGJ,GTO,Pericos Gto.,15.42857143
-100.82,20.53,CLYGJ,GTO,Celaya Gto.,16.73333333
-100.68,20.53,AEGGJ,GTO,Apaseo el Grande Gto.,16.28846154
-100.58,20.55,AMCGJ,GTO,Ameche Gto.,14.76666667
-101.2,20.57,SLMGJ,GTO,Salamanca Gto.,16.41666667
-101.3,20.6,TEMGJ,GTO,Temascatío Gto.,18.06666667
-101.67,20.62,CRMGJ,GTO,Cuerámaro Gto.,17.73333333
-101.84,20.68,LADGJ,GTO,Las Adjuntas Gto.,15.32142857
-101.37,20.73,ECNGJ,GTO,El Conejo Gto.,16
-100.83,20.85,IALGJ,GTO,Ignacio Allende Gto.,14.88333333
-101.29,20.87,PRSGJ,GTO,La Purísima Gto.,16.38333333
-100.9,20.95,CSRGJ,GTO,Cinco Señores Gto.,14.15
-101.26,21.01,GTOGJ,GTO,Guanajuato Gto.,16.08214286
-101.83,21.05,BRRGJ,GTO,El Barrial Gto.,16.93333333
-101.67,21.1,LENGJ,GTO,León Gto.,18.44642857
-100.93,21.15,DHGGJ,GTO,Dolores Hidalgo Gto.,10.98333333
-101.69,21.17,EPLGJ,GTO,El Palote Gto.,17.25
-101.67,21.2,CSTGJ,GTO,Los Castillos Gto.,16.26666667
-101.63,21.29,BARBOSA,GTO,Barbosa Gto. Protección Civil*,13.75
-100.09,21.3,XICGJ,GTO,Xichú Gto.,17.92857143
-100.52,21.3,SLPGJ,GTO,San Luis de la Paz Gto.,10.23333333
-101.52,21.63,OCMGJ,GTO,Ocampo Gto.,12.7
-100.87,20.38,LGVGJ,GTO,Presa la Gavia Gto.,9.2
-100.88,21.1,PNLGJ,GTO,Peñuelitas Gto.,15.35185185
-98.75,20.13,76632,HGO,PACHUCA,12.71
-98.36,20.08,76634,HGO,TULANCINGO,12.31
-98.13,20.14,LAGUNASGT,HGO,La Laguna Hgo. SGT*,13.17
-99.31,19.96,PRQHD,HGO,Requena Hgo.,12.13333333
-98.33,20.06,PERHD,HGO,La Esperanza Hgo.,10.66666667
-98.37,20.08,TLGHD,HGO,Tulancingo Hgo.,12.39
-98.75,20.12,PCOHD,HGO,Observatorio de Pachuca Hgo.,12.76333333
-99.36,20.16,ENDHD,HGO,Endhó Hgo.,14.3
-99.22,20.24,MXQHD,HGO,Mixquiahuala Hgo.,13.8
-98.94,20.27,ACTHD,HGO,Actopan Hgo.,12.56666667
-99.33,20.36,PRGHD,HGO,Javier Rojo Gómez Hgo.,15.5
-99.65,20.37,HCPHD,HGO,Huichapan Hgo.,12.75333333
-99.38,20.44,PVAHD,HGO,Vicente Aguirre Hgo.,15.6
-99.22,20.48,IXMHD,HGO,Ixmiquilpan Hgo.,15.25333333
-98.76,20.59,LMTHD,HGO,Metztitlán Hgo.,19.26666667
-98.65,20.65,ZXTHD,HGO,Zacualtipán Hgo.,13.06666667
-99.5,20.66,ZMPHD,HGO,Ing. Fernando Hiriart Balderrama Hgo.,19.47037037
-98.33,21.02,ATCHD,HGO,Atlapexco Hgo.,24.08928571
-98.42,21.15,HJTHD,HGO,Huejutla Hgo.,23.44666667
-98.6,21.17,ORZHD,HGO,San Felipe Orizatlán Hgo.,24.58928571
-103.46,19.73,76656,JAL,CIUDAD GUZMÁN,17.16
-103.39,20.71,76612,JAL,GUADALAJARA,17.40740741
-103.27,22.11,76519,JAL,COLOTLAN,15.68333333
-103.42,20.44,TLAJOMULCO,JAL,Tlajomulco Jal. SMN*,17.875
-103.4,18.97,TRJCM,JAL,Solidaridad Jal.,23.48333333
-104.57,19.23,CIHJL,JAL,Cihuatlán Jal.,24.69642857
-103.47,19.7,CGZJL,JAL,Ciudad Guzmán Jal.,17.192
-104.06,19.91,BBAJL,JAL,Basilio Vadillo Jal.,14.96666667
-105.13,20,CPEJL,JAL,Cajón de Peña Jal.,24.11904762
-103.2,20.29,LDCJL,JAL,Lago de Chapala Jal.,19.45
-102.71,20.29,JMYJL,JAL,Jamay Jal.,15.18965517
-103.09,20.4,ATQJL,JAL,Atequiza Jal.,17.05172414
-103.65,20.47,HRTJL,JAL,Hurtado Jal.,16.52777778
-102.25,20.48,HUAJL,JAL,Huascato Jal.,16.60869565
-104.05,20.55,RAMJL,JAL,Río Ameca Jal.,17.4375
-102.5,20.55,ATOTONILCOCFE,JAL,Atotonilco Jal. CFE*,16.96785714
-105.05,20.58,CULJL,JAL,Cuale Jal.,22.80357143
-103.32,20.58,TLAJL,JAL,Tlaquepaque Jal.,19.13333333
-103.36,20.58,PITJL,JAL,Protección a Infraestructura y Atención a Emergencias Jal.,17.21153846
-103.85,20.6,VEGJL,JAL,Ing. Santiago Camarena Jal.,17.97619048
-103.37,20.67,GUAJL,JAL,Guadalajara Centro Jal.,16.08333333
-103.39,20.71,GUCJL,JAL,Guadalajara los Colomos Jal.,17.38
-103.33,20.73,EXPJL,JAL,La Experiencia Jal.,17.6
-103.45,20.75,BAZJL,JAL,Base Aérea Zapopan Jal.,16.96153846
-103.45,21.07,CXTJL,JAL,Cuixtla Jal.,22.26666667
-102.85,21.13,CUNJL,JAL,La Cuña Jal.,14.65217391
-102.5,21.3,SGRJL,JAL,San Gaspar de los Reyes Jal.,14.83333333
-101.85,21.35,SAUJL,JAL,La Sauceda Jal.,14.15384615
-101.92,21.36,LDMJL,JAL,Lagos de Moreno Jal.,15.73214286
-102.58,21.45,TCAJL,JAL,Teocaltiche Jal.,16.61666667
-101.74,21.5,CRTJL,JAL,El Cuarenta Jal.,15.23809524
-102.44,21.6,AJJJL,JAL,Ajojúcar Jal.,14.78571429
-103.2,22.17,TENJL,JAL,Tenasco Jal.,13.92857143
-102.77,19.29,CHLMC,JAL,Constitución de Apatzingán Jal.,21.89285714
-103.78,21.83,BLNJL,JAL,Bolaños Jal.,21.55
-103.25,22.13,CLTJL,JAL,Colotlán Jal.,15.82666667
-103.23,22.33,ACHZC,JAL,Achimec Jal.,15.45
-103.73,22.4,BCSJL,JAL,Bocas Jal.,17.6
-101.92,21.37,OLMJL,JAL,Observatorio de Lagos de Moreno Jal.,16.74666667
-104.29,19.85,ELCJL,JAL,El Corcovado Jal.,20.55555556
-104.78,20.48,CRNJL,JAL,Corrinchis Jal.,15.07692308
-99.71,19.29,76675,MEX,TOLUCA,8.883333333
-99.24,19.53,CLYMX,MEX,Calacoaya Méx.,13.4
-100.28,19.1,TROMX,MEX,Trojes Méx.,11.66666667
-98.87,19.19,SLAMX,MEX,San Luis Ameca Méx.,11.81666667
-99.51,19.2,CGCMX,MEX,Gerencia Conagua CODAGEM Méx.,9.388888889
-99.76,19.24,SJHMX,MEX,San Juan de las Huertas Méx.,5.555555556
-99.71,19.29,TOLUCAob,MEX,Observatorio de Toluca Méx. SMN*,9.4
-99.28,19.45,PTLMX,MEX,Presa Totolica Méx.,9.533333333
-99.24,19.45,EMOMX,MEX,El Molinito Río Hondo Méx.,5.266666667
-99.7,19.47,SBBMX,MEX,José Antonio Alzate Méx.,9.055555556
-99.22,19.48,MBLMX,MEX,Molino Blanco Méx.,13.1
-98.88,19.48,CHPMX,MEX,Chapingo Méx.,11.56666667
-99.22,19.57,ARBMX,MEX,Las Arboledas Méx.,13.55
-98.92,19.58,GRDMX,MEX,La Grande Méx.,14.86206897
-99.19,19.62,OBSMX,MEX,San Martín Obispo Méx.,14.3
-99.05,19.63,K27MX,MEX,km 27+250 Méx.,11.73333333
-98.91,19.63,ACOLMAN,MEX,Acolman Méx. OCAVM*,13.70869565
-98.86,19.64,SNLMX,MEX,San Lucas Mex.,11.7
-99.96,19.66,TPTMX,MEX,San Andrés Tepetitlán Méx.,8.685185185
-99.3,19.7,CNPMX,MEX,La Concepción Méx.,10.4
-99.18,19.74,PCGMX,MEX,Puente Colgante Méx.,10.06666667
-99.87,19.78,ATPMX,MEX,Atlacomulco Prepa. Méx.,8.716666667
-99.56,19.88,DNXMX,MEX,Danxhó Méx.,6.851851852
-99.12,19.9,TTQMX,MEX,Tajo de Tequixquiac Mex.,9.766666667
-99.86,20.04,PNDMX,MEX,Ñadó Méx.,7.466666667
-99.7,20.05,HPNMX,MEX,Huapango Méx.,9.5
-99.74,20.12,PMNMX,MEX,El Molino Méx.,10.33333333
-99.42,18.99,OCUMX,MEX,Ocuilán de Arteaga Mex.,10.93333333
-99.63,19.29,COBMX,MEX,Observatorio del Estado de México Méx.,9.122222222
-99.28,19.45,TTLMX,MEX,Totolica hidrométricas Méx.,13.96666667
-98.91,19.53,SADMX,MEX,San Andrés Méx.,12.75
-98.91,19.54,ATEMX,MEX,Atenco Méx.,10.36666667
-99.39,19.83,TXMHD,MEX,Taxhimay Méx.,9.9
-99.47,18.8,CHDMX,MEX,Colonia Hidalgo Mex.,16.07142857
-99.65,19.3,RECMX,MEX,Rectoría Méx.,12.82962963
-99.7,19.33,CALMX,MEX,Calixtlahuaca Méx.,8.685185185
-99.24,19.47,CCH N,MEX,CCH Naucalpan,14.32592593
-99.8,19.63,SMLMX,MEX,Santa María del Llano Méx.,9.740740741
-99.79,19.83,PFBMX,MEX,Francisco José Trinidad Fabela Méx.,4.862068966
-99.94,18.93,TESMX,MEX,Texcaltitlán Méx.,11.09259259
-99.8,19.33,TBRMX,MEX,Tres Barrancas Méx.,8.851851852
-98.9,19.44,TJCMX,MEX,El Tejocote Méx.,10.46296296
-99.77,19.57,IXCMX,MEX,Ixtlahuaca Méx.,9.653846154
-99.74,19.59,SLBMX,MEX,San Bartolo del Llano Méx.,11.57407407
-101.18,19.7,76665,MICH,MORELIA,14.83666667
-102.32,19.98,76662,MICH,ZAMORA,16.86333333
-101.66,19.93,AMEMC,MICH,Aristeo Mercado Mich.,15.76130435
-102.21,18.02,MLCMC,MICH,Melchor Ocampo L. C. Mich.,23.96153846
-102.18,18.05,VILMC,MICH,José María Morelos y Pavón Mich.,25.47368421
-101.88,18.27,INFMC,MICH,Infiernillo Mich.,24.6875
-100.9,18.5,CMNMC,MICH,Caimanera Mich.,21
-102.2,18.8,LPSMC,MICH,La Pastoría Mich.,25.86842105
-101.93,18.92,ZICMC,MICH,Zicuirán Mich.,20.94642857
-102.37,19.08,APAMC,MICH,Apatzingán Mich. SMN*,25.31785714
-102.37,19.08,APTMC,MICH,Apatzingán Mich.,21.98214286
-102.87,19.21,LOLMC,MICH,Los Olivos Mich.,21.46428571
-101.05,19.49,PDBMC,MICH,Planta de Bombeo Mich.,14.28333333
-101.45,19.55,VJIMC,MICH,Villa Jiménez Mich.,12.8
-100.61,19.58,AGOMC,MICH,Agostitlán Mich.,11.28571429
-100.68,19.62,PUCMC,MICH,Pucuato Mich.,10.6
-101.26,19.63,COIMC,MICH,Coíntzio Mich.,13.51666667
-101.18,19.69,MORMC,MICH,Morelia Mich.,15.18333333
-101.2,19.7,MNOMC,MICH,Morelia Norte Mich.,14.83666667
-101.1,19.7,MCEMC,MICH,Morelia Centro Mich.,14.82333333
-100.55,19.7,CHIMC,MICH,Ciudad Hidalgo Mich.,12.80769231
-101.8,19.81,ZCAMC,MICH,Zacapu Mich.,15.22
-100.87,19.83,MLPMC,MICH,Malpaís Mich.,13.86666667
-102.65,19.84,SJUMC,MICH,San Juanico Mich.,16.33333333
-100.83,19.86,ZINMC,MICH,Zinapécuaro Mich.,12.82142857
-100.44,19.89,MRVMC,MICH,Maravatío Mich.,8.9
-102.14,19.96,UREMC,MICH,Urepetiro Mich.,12.55
-102.32,19.96,ORAMC,MICH,Orandino Mich.,17.95454545
-100.45,19.97,EGIMC,MICH,El Gigante Mich.,13.51666667
-102.27,19.97,CHAMC,MICH,Chaparaco Mich.,15.08695652
-100.23,20,TEPMC,MICH,Tepuxtepec Mich.,11.14285714
-102.28,20.01,ZAMMC,MICH,Zamora Mich.,11.83928571
-100.41,19.84,LDFMC,MICH,Laguna del Fresno Mich.,14.42857143
-102.72,20.07,SAHMC,MICH,Sahuayo Mich.,11.55357143
-102.4,20.1,SSIMC,MICH,San Simón Mich.,18.42857143
-101.72,20.13,ANGMC,MICH,Angamacutiro Mich. SMN*,17.37727273
-101.72,20.13,MOCMC,MICH,Melchor Ocampo Mich.,12.65384615
-102.75,20.15,LPAMC,MICH,La Palma Mich.,18.77083333
-101.86,20.21,CORMC,MICH,Corrales Mich.,15.7826087
-101.99,20.23,ADUMC,MICH,Adjuntas Mich.,8.5
-101.63,20.25,LANMC,MICH,Los Ángeles Mich.,16.74347826
-101.6,20.3,PORMC,MICH,Pastor Ortiz Mich.,13.4
-102.44,20.3,DGNMC,MICH,De Gonzalo Mich.,18.87166667
-101.46,20.32,CBLMC,MICH,Casa Blanca Mich.,15.48214286
-102.24,20.34,YURMC,MICH,Yurécuaro Mich.,17.25
-102,20.35,LPDMC,MICH,La Piedad Mich.,16.75
-102.6,19.96,JARMC,MICH,Jaripo Mich.,10.25
-102.54,19.98,GUAMC,MICH,Guaracha Mich.,10.75
-102.42,20.18,BIBMC,MICH,Barraje de Ibarra Mich.,12.07692308
-102.46,20.21,SCRMC,MICH,San Cristóbal Mich.,11.67391304
-102.13,18.85,LPNMC,MICH,Los Panches Mich.,25.57894737
-101.2,18.8,LPZMC,MICH,Los Pinzanes Mich.,23.29166667
-99.23,18.89,76726,MOR,CUERNAVACA,12.72307692
-99.32,18.63,PIXMR,MOR,Puente de Ixtla Mor.,20.36666667
-98.76,18.88,OCTMR,MOR,Ocuituco Mor.,14.48148148
-99.1,18.79,TICMR,MOR,Ticumán Mor.,19.77586207
-98.83,18.95,ACHMR,MOR,Achichipico Mor.,15.59259259
-98.7,18.88,HUEMR,MOR,Hueyapan Mor.,12.5
-99.04,18.58,SPHMR,MOR,San Pablo Hidalgo Mor.,20.59259259
-99.02,18.44,HUTMR,MOR,Huautla Mor.,18.85714286
-99.31,18.49,TILMR,MOR,Tilzapotla Mor.,19.73076923
-99.19,18.52,XICMR,MOR,Xicatlacotla Mor.,19.30434783
-99.18,18.57,HIGMR,MOR,Higuerón Mor.,21.46666667
-98.84,18.6,TPLMR,MOR,Tepalcingo Mor.,19.6
-99.4,18.6,AMCMR,MOR,Amacuzac Mor.,17.66666667
-99.2,18.6,JOJMR,MOR,Jojutla Mor.,20.9
-99.42,18.61,HUAMR,MOR,Huajintlán Mor.,20.28571429
-99.21,18.64,ZACATEPECob,MOR,Observatorio de Zacatepec Mor. SMN*,20.03214286
-99.2,18.65,ZCTMR,MOR,Zacatepec Mor.,19.40952381
-98.91,18.68,LCUMR,MOR,La Cuera Mor.,19.07142857
-98.8,18.7,JNCMR,MOR,Jonacatepec Mor.,17.23333333
-99,18.73,MYOMR,MOR,Moyotepec Mor.,19.30769231
-99.27,18.74,ALUMR,MOR,Alpuyeca Mor.,17.27894737
-99.33,18.77,RODMR,MOR,El Rodeo Mor.,19.7826087
-98.79,18.78,TMCMR,MOR,Temoac Mor.,16.75
-98.9,18.8,CUAMR,MOR,Cuautla Mor.,16.08928571
-98.75,18.81,TLOMR,MOR,Tlacotepec Mor.,13.68421053
-99.2,18.9,CUEMR,MOR,Cuernavaca Mor.,16.06521739
-99.2,18.9,TEMMR,MOR,Temixco Mor.,18.05357143
-99.1,18.9,YAHMR,MOR,Yautepec Mor.,18.88333333
-98.9,18.9,OAXMR,MOR,Oaxtepec Mor.,17.78571429
-99.22,18.91,OBSMR,MOR,Observatorio de Morelos Mor.,12.80740741
-99.19,18.92,SLDMR,MOR,Solidaridad Mor.,16.38888889
-98.92,18.99,TOTMR,MOR,Totoloapan Mor.,14.94444444
-99.26,19.03,HUIMR,MOR,Huitzilac Mor.,9.96
-98.94,19.04,TLCMR,MOR,Tlacualera Mor.,8.97826087
-99.14,18.52,NEXMR,MOR,Nexpa Mor.,19
-98.79,18.69,ELPMR,MOR,El Peñón Mor.,18.25
-98.9,18.94,ATLMR,MOR,Atlatlahucan Mor.,16.21153846
-99.25,19.05,TRESMARIAS,MOR,Tres Marías Mor. SMN*,9.633333333
-99.4,18.7,MIAMR,MOR,Miacatlán Mor.,20.13333333
-99.25,18.68,XXOMR,MOR,Xoxocotla Mor.,19.78333333
-99.26,18.73,OACMR,MOR,Oacalco Mor.,19
-99.16,18.77,PROMR,MOR,Progreso Mor.,16.76470588
-98.78,18.94,HUXMR,MOR,Huecahuaxco Mor.,11.625
-99.38,18.7,CUTMR,MOR,Cuautlita Mor.,20.875
-104.89,21.49,76556,NAY,TEPIC,20.02
-105.14,20.89,GAVNR,NAY,Gaviotas Nay.,22.85
-104.89,21.49,TEPNR,NAY,Tepic Nay.,20.45
-105.11,21.83,CAPNR,NAY,Capomal Nay.,21.25
-104.52,22.25,JMANR,NAY,Jesús María Nay.,23.86956522
-105.02,22.38,PAJNR,NAY,Pajaritos Nay.,24.28333333
-105.39,22.47,ACAPONETA,NAY,Acaponeta Nay. SMN*,24.29285714
-105.35,22.49,ACANR,NAY,Acaponeta Nay.,24.65
-105.34,22.56,LESNR,NAY,La Estancia Nay.,23.58333333
-105.21,22.12,ROMNR,NAY,Rosa Morada Nay.,22.76666667
-105.14,21.96,RUINR,NAY,Ruiz Nay.,23.33333333
-100.3,25.73,76393,NL,MONTERREY,23.95333333
-100.01,25.27,AL2NL,NL,Allende Dos N. L.,21.13333333
-100.17,23.68,DARNL,NL,Doctor Arroyo N.L.,16.06666667
-99.78,23.98,ZRGNL,NL,Zaragoza N.L.,16.96428571
-99.82,24.1,ARRNL,NL,Aramberri N.L.,19.35
-99.91,24.32,ASCNL,NL,La Ascensión N.L.,13.1
-99.7,24.78,CRUNL,NL,Crucitas N.L.,21.83333333
-100.08,24.83,GALNL,NL,Galeana N.L.,15.23333333
-99.58,24.87,CAMNL,NL,Camacho N.L.,22.92592593
-99.4,24.94,CPRNL,NL,José López Portillo N.L.,23.43333333
-99.74,24.99,CABNL,NL,Cabezones N.L.,22.43333333
-99.22,24.99,PAMNL,NL,La Pamona N.L.,22.93333333
-100.55,25.03,SRANL,NL,San Rafael N.L.,10.91666667
-99.83,25.17,MTMNL,NL,Montemorelos N.L.,22.8
-100.13,25.43,LBCNL,NL,La Boca N.L.,23.16666667
-99.53,25.5,LERNL,NL,Las Enramadas N.L.,23.23333333
-100.2,25.52,ECSNL,NL,El Cerrito N.L.,21.43333333
-100.27,25.68,MTRNL,NL,Monterrey N.L.,24.35
-100.3,25.73,OBSNL,NL,Observatorio de Nuevo León N.L.,23.90666667
-100.27,25.8,CANNL,NL,El Canadá N.L.,24.18965517
-100.17,25.95,CDFNL,NL,Ciénega de Flores N.L.,21.86666667
-99.2,26.02,MDRNL,NL,Madero N.L.,25.35714286
-99.61,26.09,CRVNL,NL,Cerralvo N.L.,22.36666667
-100.13,27.24,ANHNL,NL,Anáhuac N.L.,25.38333333
-99.28,25.71,CCHNL,NL,Cuchillo-Solidaridad N.L.,24.06666667
-100.12,23.42,MYNNL,NL,Mier y Noriega N.L.,16.63043478
-99.44,24.98,CARNL,NL,Carmen de los Elizondo Linares N.L.,23.86666667
-97.77,17.8,76773,OAX,HUAJUAPAN DE LEON,16.43666667
-96.7,17.07,76775,OAX,OAXACA,15.48
-96.48,15.65,76855,OAX,PUERTO ANGEL,25
-95.18,16.17,76833,OAX,SALINA CRUZ,26.37142857
-96.3,17.78,VANOX,OAX,Valle Nacional Oax.,23.42857143
-96.53,17.43,ATEOX,OAX,Atepec Oax.,12.75
-96.91,18.21,LCAOX,OAX,La Carbonera Oax.,13.21428571
-96.45,17.12,SMAOX,OAX,San Antonio Cuajimoloyas Oax.,6.428571429
-96.72,15.81,COZOX,OAX,San Francisco Cozoaltepec Oax.,22.775
-95.7,16.01,ASTOX,OAX,Astata Oax.,23.11666667
-95.48,16.59,RHOOX,OAX,Río Hondo Oax.,22.60714286
-96.48,15.67,PTAOX,OAX,Puerto Ángel Oax.,24.98571429
-95.2,16.18,SCROX,OAX,Salina Cruz Oax.,26.19666667
-94.22,16.4,ZANOX,OAX,Zanatepec Oax.,23.8
-95.6,16.42,TEQOX,OAX,Tequisistlán Oax.,22.65
-94.4,16.5,OSTOX,OAX,Ostuta Oax.,22.2
-95.1,16.58,IXTOX,OAX,Ixtepec Oax.,24.05
-94.82,16.58,CHIOX,OAX,Chicapa Oax.,25.8
-95.93,16.65,BOQOX,OAX,Boquilla 1 Oax.,21.57142857
-96.7,17,OAOOX,OAX,Observatorio de Aeropuerto Oaxaca Oax.,16.00666667
-96.73,17.07,OACOX,OAX,Oaxaca Centro Oax.,17.96428571
-96.72,17.07,BAEOX,OAX,Base Aérea Oax.,15.92857143
-95.48,17.45,MAROX,OAX,María Lombardo Oax.,23
-97.78,17.81,HLOOX,OAX,Observatorio de Huajuapan de León Oax.,16.44
-96.2,17.87,JACOX,OAX,Jacatepec Oax.,22.08333333
-96.53,17.88,SFUOX,OAX,San Felipe Usila Oax.,21.69642857
-96.26,18,CDOOX,OAX,Miguel de la Madrid Hurtado Oax.,22.71666667
-96.08,18.17,PAPOX,OAX,Papaloapan Oax.,27.5
-96.41,18.23,TEMOX,OAX,Presidente Alemán Oax.,24.01666667
-95.92,17.73,RMLOX,OAX,Río Manso Lalana Oax.,23.60714286
-98.14,17.5,SLAOX,OAX,Silacayoápam Oax.,15.625
-97.42,17.55,TEPOX,OAX,San Juan Teposcolula Oax.,11.13636364
-97.82,17.75,FOYOX,OAX,San Francisco Yosocuta Oax.,12.33333333
-98.39,17.76,ZALOX,OAX,Zapotitlán Lagunas Oax.,17.04545455
-97.82,17.89,ZAPOX,OAX,Zapotitlán Palmas Oax.,7.363636364
-97.54,17.73,STTOX,OAX,Santiago Teotongo Oax.,11.01538462
-95.37,16.43,EMAOX,OAX,El Marqués Oax.,23.95
-96.55,17.27,SCIOX,OAX,Ixtepeji Oax.,14.26666667
-97.72,17.53,AMTOX,OAX,San Antonino Monte Verde Oax.,13.88888889
-97.9,17.91,SCHOX,OAX,Santiago Chilixtlahuaca Oax.,15.125
-95.93,17.15,ZACOX,OAX,Zacatepec Oax.,19.66071429
-97.81,17.65,TSLOX,OAX,Heroica Villa Tezoatlán de Segura y Luna Oax.,16.8
-97.78,17.81,HDLOX,OAX,Huajuapan de León Oax.,15.25
-96.1,17.02,AYUOX,OAX,Ayutla Oax.,5.166666667
-97.68,17.27,TLXOX,OAX,Heroica Ciudad de Tlaxiaco Oax.,13.18181818
-98.17,19.05,76685,PUE,PUEBLA,13.5
-97.01,18.33,ZOQPB,PUE,Zoquitlán Pue.,10.53333333
-96.85,18.4,TLPPB,PUE,Tlacotepec de Díaz Pue.,20.36666667
-98,20.22,NECAXASGT,PUE,Necaxa Pue. SGT*,17.8352
-98.57,18.11,CHSPB,PUE,Chila de la Sal Pue.,13.33333333
-98.26,18.2,PIXPB,PUE,Piaxtla Pue.,19.13333333
-98.78,18.45,TELPB,PUE,Teotlalco Pue.,14.35
-97.4,18.48,TEHPB,PUE,Tehuacán Pue.,13.86666667
-98.58,18.52,CHIPB,PUE,Chietla Pue.,18.33333333
-98.47,18.61,IZMPB,PUE,Izúcar de Matamoros Pue.,23.84615385
-97.91,18.74,SMCPB,PUE,San Miguel Canoa Pue.,5.666666667
-98.54,18.77,HQCPB,PUE,Huaquechula Pue.,16.4
-97.75,18.88,TECPB,PUE,Tecamachalco Pue.,13.86666667
-98.11,18.91,BDDPB,PUE,Manuel Ávila Camacho Pue.,11.13333333
-97.25,18.92,PCRPB,PUE,Paso Carretas Pue.,4.5
-98.42,18.92,ATXPB,PUE,Atlixco Pue.,14.72413793
-98.14,18.94,AFRPB,PUE,Africam Pue.,14.17241379
-98.28,18.97,ECHPB,PUE,Echeverría Pue.,5.766666667
-97.96,18.97,CEMPB,PUE,Cemex Pue.,11.96428571
-97.44,18.99,CDSPB,PUE,Ciudad Serdán Pue.,9.833333333
-98.23,19.01,MAYPB,PUE,Mayorazgo 21 Poniente Pue.,13.18333333
-98.2,19.02,CNAPB,PUE,Conagua Pue.,13.51666667
-98.17,19.05,PUOPB,PUE,Observatorio de Puebla Pue.,13.52
-97.93,19.06,ACJPB,PUE,Acajete Pue.,12.33333333
-98.32,19.07,CHLPB,PUE,Cholula Pue.,12.63333333
-98.06,19.09,CPLPB,PUE,Capulac Pue.,9.433333333
-98.46,19.1,HJTPB,PUE,Huejotzingo Pue.,9.966666667
-97.62,19.25,QUIPB,PUE,Quimixtlán Pue.,13.7
-97.42,19.45,ACHPB,PUE,Alchichilca Pue.,11
-97.69,19.46,LIBPB,PUE,Libres Pue.,12.36666667
-97.49,19.49,TPYPB,PUE,Tepeyahualco Pue.,12.26666667
-97.53,19.7,OYAPB,PUE,Oyameles Pue.,8.551724138
-98.05,19.74,CNGPB,PUE,Chignahuapan Pue.,8.016666667
-97.36,19.82,TEZPB,PUE,Teziutlán Pue.,12.96551724
-97.81,19.83,TEOPB,PUE,Tetela de Ocampo Pue.,12.96666667
-97.58,19.86,ZCPPB,PUE,Zacapoaxtla Pue.,13.37931034
-97.79,20,TDRPB,PUE,Tepango de Rodríguez Pue.,12.16666667
-98.15,20.03,AHUPB,PUE,Ahuazontepec Pue.,8.633333333
-97.52,20.03,CTZPB,PUE,Cuetzalan Pue.,18.53333333
-98.05,20.18,HUAPB,PUE,Huauchinango Pue.,16.4
-97.83,20.18,ZRGPB,PUE,Zaragoza Pue.,10.34482759
-97.96,20.28,XDJPB,PUE,Xicotepec de Juárez Pue.,17.9137931
-97.88,20.39,AVCPB,PUE,Ávila Camacho Pue.,24.3
-97.84,20.41,APAPB,PUE,Apapantilla Pue.,23.3
-97.68,20.51,VENPB,PUE,Venustiano Carranza Pue.,7.4
-98.06,18.28,ADOPB,PUE,Acatlán de Osorio Pue.,19.63333333
-98.16,18.61,COAPB,PUE,Coatzingo Pue.,18.53333333
-98.22,19.11,SCRPB,PUE,San Cristóbal Caleras Pue.,11.3
-98.04,20.37,TLXPB,PUE,Tlaxco Pue.,21.71428571
-97.85,20.73,MTLPB,PUE,Metlaltoyuca Pue.,11.31818182
-97.4,20.12,RNAPB,PUE,Rancho Nuevo Pue.,23.63333333
-97.92,18.85,AHAPB,PUE,Ahuatepec Pue.,13.7
-98.58,19.33,SRTPB,PUE,Santa Rita Tlahuapan Pue.,10.4
-100.4,20.58,76625,QRO,QUERETARO,16.4
-100.37,20.57,GHQQT,QRO,Gerencia Hidalgo Qro.,16.61904762
-99.96,20.2,IDFQT,QRO,San Ildefonso Qro.,13.23809524
-100,20.36,SJSQT,QRO,San José Qro.,15.73809524
-100.08,20.42,CNSQT,QRO,Constitución de 1917 Qro.,16.45238095
-100.41,20.5,BATQT,QRO,El Batán Qro.,16.04761905
-100.45,20.54,EPUQT,QRO,El Pueblito Qro.,17.23809524
-100.37,20.57,OBSQT,QRO,Observatorio de Querétaro Qro.,16.83809524
-100.44,20.6,CARQT,QRO,Carrillo Qro.,16.47619048
-100.45,20.7,JRQQT,QRO,Juriquilla Qro.,16
-99.82,21.06,PMLQT,QRO,Peñamiller Qro.,19.23809524
-99.48,21.23,JLPQT,QRO,Jalpan Qro.,20.78947368
-100.23,20.62,MARQT,QRO,El Marqués Qro.,12.69230769
-88.3,18.48,76750,QROO,CHETUMAL,26.22
-88.05,19.57,76698,QROO,FPE. CARRILLO PUERTO,23.53448276
-87.49,21.1,KANTUNILKIN,QROO,Kantunilkín Q. Roo. SMN*,24.48214286
-86.89,21.14,CANCUN_ESIME,QROO,Cancún Centro Q. Roo. SMN*,27.40740741
-88.33,18.5,CHOQR,QROO,Chetumal Q. Roo.,26.22
-88.04,19.58,FCRQR,QROO,Felipe Carrillo Puerto Q. Roo.,23.56666667
-86.95,20.51,COZQR,QROO,Cozumel Q. Roo.,25.93103448
-87.08,20.63,PDCQR,QROO,Playa del Carmen Q. Roo.,27.3862069
-86.82,21.16,CANQR,QROO,Cancún Q. Roo.,27.44
-88.33,18.5,76751,QROO,CHETUMAL (AUTOMATICA),26.84
-86.95,20.52,76648,QROO,COZUMEL,24.78275862
-107.44,24.63,76412,SIN,CULIACÁN,22.688
-106.41,23.22,76458,SIN,MAZATLAN,24.69333333
-107.06,24.75,VINSI,SIN,Vinoramas Sin.,20.13333333
-107.76,25.12,RAVSI,SIN,Estación Rancho Viejo Sin.,21.71428571
-105.85,23.09,TORSI,SIN,Las Tortugas Sin.,23.28333333
-105.85,22.98,RSRSI,SIN,Rosario Sin.,23.1
-106.4,23.23,MZTSI,SIN,Mazatlán Sin.,24.75333333
-106.25,23.35,SQRSI,SIN,Siqueros Sin.,22.01666667
-106.47,23.56,QLTSI,SIN,Quelite Sin.,21.25
-106.9,23.92,LCRSI,SIN,La Cruz Sin.,22.76666667
-106.6,23.96,IXPSI,SIN,Ixpalino Sin.,22.04166667
-106.7,24.12,SLTSI,SIN,Ing. Aurelio Benassini Vizcaino Sin.,24.1
-107.35,24.32,DRDSI,SIN,El Dorado Sin.,22.04166667
-106.81,24.57,JLPSI,SIN,José López Portillo Sin.,21.91666667
-107.44,24.63,OBSSI,SIN,Observatorio de Culiacán Sin.,22.91071429
-107.1,24.45,SLRSI,SIN,San Lorenzo Sin.,23.55357143
-107.4,24.82,CLCSI,SIN,Culiacán Sin.,22.38333333
-107.47,25.03,AWSSI,SIN,Andrew Weiss Sin.,21.07142857
-107.84,25.49,SJNSI,SIN,San Juan Sin.,21.98333333
-107.54,25.33,BDRSI,SIN,Badiraguato Sin.,22.13333333
-107.22,25.34,GTNSI,SIN,Guatenipa Sin.,22.9375
-108.09,25.47,GMCSI,SIN,Guamúchil Sin.,22.61666667
-108.47,25.72,GSVSI,SIN,Guasave Sin.,22.15
-108.36,25.74,ZOPSI,SIN,El Zopilote Sin.,22.55
-109,25.8,MCHSI,SIN,Los Mochis Sin.,23.68333333
-108.01,25.9,JNASI,SIN,Jaina Sin.,22.11538462
-109.18,25.92,AHMSI,SIN,Ahome Sin.,21.78947368
-109.33,25.98,HDZSI,SIN,Higuera de Zaragoza Sin.,21.53846154
-108.78,26.07,SFRSI,SIN,Sufragio Sin.,22.31034483
-109.33,26.1,CRRSI,SIN,El Carrizo Sin.,21.16666667
-108.7,26.43,JORSI,SIN,Josefa Ortiz de Domínguez Sin.,22.73333333
-108.62,26.43,EFTSI,SIN,El Fuerte Sin.,21.96666667
-108.58,26.51,PMHSI,SIN,Miguel Hidalgo Sin.,20.76785714
-109.07,25.59,TOPOLOBAMPOMAR,SIN,Topolobampo Sin. SEMAR*,25.74642857
-106.65,24.05,ACTSI,SIN,Acatitán Sin.,21.39583333
-106.95,24.48,SCRSI,SIN,Santa Cruz Sin.,21.05769231
-107.16,24.81,SN2SI,SIN,Sanalona hidrométrica Sin.,20.46666667
-107.38,25.09,AL2SI,SIN,El Varejonal hidrométrica Sin.,20.27586207
-107.91,25.86,GD2SI,SIN,Bacurato hidrométrica de Gustavo Diaz Ordáz Sin.,23.3
-108.32,26.08,GB2SI,SIN,El Sabinal hidrométrica Sin.,21.55
-108.32,26.7,76311,SIN,CHOIX,22.55666667
-108.35,26.9,LD2SI,SIN,Huites hidrométrica Sin.,20.56666667
-108.33,26.74,CHXSI,SIN,Choix Estación Sin.,22.63928571
-98.81,21.28,76585,SLP,MATLAPA,24.06666667
-100,21.92,76581,SLP,RIO VERDE,20.12413793
-101.02,22.21,76539,SLP,SAN LUIS POTOSÍ,14.47333333
-98.82,21.32,76586,SLP,MATLAPA (AUTOMATICA),23.56333333
-98.76,21.24,TMTSL,SLP,Temamatla S.L.P.,23.80666667
-98.86,21.25,TBLSL,SLP,Tierra Blanca S.L.P.,23.08115385
-98.8,21.33,MTPSL,SLP,Matlapa S.L.P.,24.35769231
-98.89,21.42,RQTSL,SLP,Requetemu S.L.P.,23.8
-98.62,21.69,SVTSL,SLP,San Vicente S.L.P.,25.05517241
-98.96,21.75,BLMSL,SLP,Ballesmi S.L.P.,24.87931034
-98.94,21.85,PUJSL,SLP,El Pujal S.L.P.,25.28333333
-99.24,21.91,GANSL,SLP,Gallinas S.L.P.,23.46666667
-100,21.93,RVDSL,SLP,Río Verde S.L.P.,20.13571429
-99.02,21.98,CDVSL,SLP,Ciudad Valles S.L.P.,23.93333333
-98.77,22,TMISL,SLP,Tamuín S.L.P.,25.64666667
-99.16,22.12,MICSL,SLP,Micos S.L.P.,24.05666667
-101.02,22.15,SLPSL,SLP,San Luis Potosí S.L.P.,14.77142857
-101,22.2,SGRSL,SLP,Soledad Graciano S.L.P.,15.39285714
-99.32,22.52,NRJSL,SLP,Naranjos S.L.P.,23.83
-100.64,23.66,MATSL,SLP,Matehuala S.L.P.,16.07142857
-100.98,22.18,76538,SLP,San Luis Potosi (Automatica),14.37894737
-99.83,21.65,PMYSL,SLP,Pedro Montoya S.L.P.,21.03846154
-98.56,21.97,AJTSL,SLP,Las Adjuntas S.L.P.,24.025
-111.83,30.71,76113,SON,ALTAR,20.43076923
-109.92,27.48,76258,SON,CD. OBREGON,20.57142857
-110.8,27.95,76256,SON,EMPALME,22.26
-110.93,29.08,76160,SON,HERMOSILLO,21.86363636
-110.29,30.98,CNNSO,SON,Cananea Son.,16.15
-114.78,32.48,SLCSO,SON,San Luis Río Colorado Son.,22.25
-110.24,28.71,SJPSO,SON,San José de Pimas Son.,18.69230769
-113.55,31.3,76061,SON,PTO. PEÑASCO,22.57272727
-109.97,27.61,TAJIMAROA,SON,Tajimaroa Son. SGT*,17.88571429
-109.89,27.75,AGCSO,SON,Agua Caliente Son.,19.62
-108.76,26.6,CZNSO,SON,Cazanate Son.,20.83333333
-109.44,27.07,NVJSO,SON,Navojoa Son.,22.61111111
-109.11,27.23,ARCSO,SON,Adolfo Ruíz Cortínes Son.,22.85714286
-108.88,27.41,SBNSO,SON,San Bernardo Son.,22.65517241
-109.62,27.42,CCRSO,SON,Cocoraque Son.,18.15
-109.94,27.5,COBSO,SON,Ciudad Obregón Son.,21.93333333
-109.21,27.66,TSOSO,SON,Tesocoma Son.,17.91071429
-109.89,27.82,AOBSO,SON,Álvaro Obregón Son.,22.18
-110.85,27.95,GYMSO,SON,Guaymas Son.,22.79642857
-110.8,27.95,EPLSO,SON,Empalme Son.,22.27333333
-108.92,28.37,YC2SO,SON,Yécora Son. SMN*,10.85357143
-108.93,28.37,YCRSO,SON,Yécora Son.,11.53333333
-110.4,28.43,IRASO,SON,Ignacio R. Alatorre Son.,18.22
-110.31,28.47,PTASO,SON,Punta de Agua 2 Son.,17.31666667
-111.83,28.75,BAHIAKINO,SON,Bahía de Kino Son. SMN*,19.52692308
-109.64,28.98,PECSO,SON,Plutarco Elías Calles Son.,22.38214286
-110.92,29.07,HM2SO,SON,Observatorio de Hermosillo Son.,21.71666667
-110.93,29.07,HMNSO,SON,Hermosillo Son.,23.66666667
-109.23,29.2,ECBSO,SON,El Cubil Son.,22.48928571
-110.73,29.21,PMOSO,SON,Ing. Rodolfo Félix Valdés Son.,20.08
-110.71,29.23,ORGSO,SON,El Oregano Son.,19.98148148
-109.08,29.43,PDNSO,SON,Paso Nacori Son.,22.525
-110.74,29.47,CJNSO,SON,El Cajón Son.,18.06666667
-109.5,29.53,TPCSO,SON,Tepache Son.,24.03571429
-110.23,29.82,ACNSO,SON,Aconchi Son.,18.2
-111.02,30.05,QRBSO,SON,Querobabi Son.,15.96666667
-109.09,30.07,ARISO,SON,Aribabi Son.,11.86363636
-108.96,30.21,HSHSO,SON,Huachinera Son.,15.48275862
-110.17,30.34,ARZSO,SON,Arizpe Son.,11.88333333
-108.93,30.36,BCRSO,SON,Bacerac Son.,14.8
-109.69,30.37,NCZSO,SON,Nacozari Son.,16.92307692
-111.45,30.39,SRSSO,SON,Santa Rosa 2 Son.,18.83333333
-109.38,30.44,LCDSO,SON,Lázaro Cárdenas Son.,24.45517241
-110.24,30.6,BCNSO,SON,Bacanuchi Son.,11.63461538
-112.12,30.7,PTQSO,SON,Pitiquito Son.,17.63333333
-111.73,30.72,ALTSO,SON,Altar Son.,19.95
-110.89,30.76,IMRSO,SON,Imuris Son.,12.65
-111.52,30.87,CHTSO,SON,Cuauhtémoc Son.,17.07142857
-113.55,31.35,PT2SO,SON,Puerto Peñasco Son.,22.21666667
-110.95,31.32,NGLSO,SON,Nogales Son.,19.48333333
-112.85,31.87,NYNSO,SON,Sonoyta Son.,17.23333333
-110.14,29,MZTSO,SON,Mazatán Son.,17.19565217
-92.93,17.98,76743,TAB,VILLAHERMOSA,25.89666667
-92.75,17.39,OXOTB,TAB,Oxolotán Tab.,25.12142857
-91.48,17.43,BDCTB,TAB,Boca del Cerro Tab.,24.16666667
-92.92,17.5,SJOTB,TAB,San Joaquín Tab.,24.16666667
-92.97,17.57,TEATB,TAB,Teapa Tab.,24.4
-92.94,17.57,PUYTB,TAB,Puyacatengo Tab.,24.08333333
-92.6,17.77,MACTB,TAB,Macuspana Tab.,24.51666667
-93.38,18,CARTB,TAB,Cárdenas Tab.,24.56521739
-92.88,17.85,PNVTB,TAB,Pueblo Nuevo Tab.,23.98333333
-93,17.98,GONTB,TAB,González Tab.,24.74333333
-93.28,18,SAMTB,TAB,Samaria Tab.,24.83333333
-92.92,17.98,EMUTB,TAB,Villahermosa Muelle Tab.,26.07333333
-92.81,18.04,EPOTB,TAB,El Porvenir Tab.,24.11666667
-92.93,17.98,VHERMOSAob,TAB,Observatorio de Villahermosa Tab. SMN*,25.88636364
-92.74,17.39,OXOLOTAN,TAB,Oxolotán Tab. SGT*,23.90857143
-93.84,18.05,BLASILLO,TAB,Blasillo Tab. SGT*,25.19090909
-92.82,17.47,TAPTB,TAB,Tapijulapa Tab.,23.84482759
-91.16,17.79,SPTTB,TAB,San Pedro Tab.,23.43333333
-99.17,23.75,76491,TAMPS,CD. VICTORIA,24.37333333
-98.2,23.77,76499,TAMPS,SOTO LA MARINA,25.30666667
-97.85,22.22,76548,TAMPS,TAMPICO,25.87586207
-99.27,24.02,STETP,TAMPS,Santa Engracia Tamps.,21.80833333
-99.55,24.57,VSMTP,TAMPS,Victoria-San Marcos Tamps.,24.30769231
-98.63,22.49,NVAAPOLONIA,TAMPS,Nueva Apolonia Tamps. SGT*,25.53928571
-99.15,22.99,AHUALULCOTP,TAMPS,Ahualulco Tamps. SGT*,25.06785714
-99.15,23.05,GOMEZFARIAS,TAMPS,Gomez Farias Tamps. SGT*,23.44736842
-98.37,24.05,ABASOLO,TAMPS,Abasolo Tamps. SGT*,25.53214286
-97.84,22.28,MDRTP,TAMPS,Madero Tamps.,25.91785714
-97.93,22.39,BALTP,TAMPS,Bombas Altamira Tamps.,25.15
-98.42,22.42,TMSTP,TAMPS,Tamesí Tamps.,25.41666667
-98.69,22.6,ERCTP,TAMPS,Estudiante Ramiro Caballero Dorantes Tamps.,24.84
-98.87,22.78,SDATP,TAMPS,Saca de Agua Tamps.,23.87368421
-98.71,22.8,MGSTP,TAMPS,Magiscatzín Dos Tamps.,24.20333333
-99.12,22.83,LSRTP,TAMPS,La Servilleta Tamps.,24.6
-99,22.85,RFRTP,TAMPS,Río Frío Tamps.,24.92857143
-98.79,22.94,SLZTP,TAMPS,Lic. Emilio Portes Gil Tamps.,24.67666667
-99.09,23.02,SBNTP,TAMPS,Sabinas Tamps.,24.51666667
-98.79,23.08,SGBTP,TAMPS,San Gabriel Tamps.,23.37
-97.99,23.26,RSPTP,TAMPS,República Española Tamps.,24.98666667
-99.08,23.38,ENNTP,TAMPS,La Encantada Tamps.,22.37
-99.17,23.72,CVCTP,TAMPS,Observatorio de Ciudad Victoria Tamps.,23.92142857
-98.75,23.73,PDMTP,TAMPS,Paso de Molina Tamps.,24.41
-98.21,23.77,SLMTP,TAMPS,Soto la Marina Tamps.,25
-98.67,23.96,VGRTP,TAMPS,Vicente Guerrero Tamps.,25.08
-98.9,24.05,PADTP,TAMPS,Padilla Tamps.,24.86666667
-98.39,24.07,ABSTP,TAMPS,Abasolo Tamps.,25.17333333
-99.12,24.08,BR1TP,TAMPS,El Barretal Uno Tamps.,23.73461538
-99.22,24.1,BRRTP,TAMPS,El Barretal Tamps.,23.08695652
-98.9,24.14,PILTP,TAMPS,Pilón Tamps.,24.56296296
-99.58,24.18,PVLTP,TAMPS,Puerto de Valles Tamps.,21.00666667
-99.56,24.25,PJMTP,TAMPS,Pedro José Méndez Tamps.,23
-99.43,24.25,MHGTP,TAMPS,Miguel Hidalgo Tamps.,22.94666667
-99.55,24.57,MAGTP,TAMPS,Magueyes Tamps.,22.48965517
-98.16,24.84,FDOTP,TAMPS,San Fernando Tamps.,24.51666667
-97.82,25.64,CONTP,TAMPS,Control Tamps.,26.3
-97.8,25.7,VHMTP,TAMPS,Valle Hermoso Tamps.,25.96666667
-97.8,25.8,PANTP,TAMPS,Pueblo Anáhuac Tamps.,25.4
-97.52,25.83,MATTP,TAMPS,Matamoros Tamps.,26.33333333
-97.8,25.91,VCATP,TAMPS,Villa Cárdenas Tamps.,25.4
-98.29,26.08,RYATP,TAMPS,S-J-3-42 Reynosa Tamps.,24.36666667
-98.88,26.17,RYNTP,TAMPS,S-J-2-9 Reynosa Tamps.,24.36666667
-98.93,26.2,MRGTP,TAMPS,Marte R. Gómez Tamps.,23.73333333
-98.6,26.24,CDOTP,TAMPS,S-J-2-18 Ciudad Díaz Ordaz Tamps.,25.16666667
-99.19,23.73,CVTTP,TAMPS,Ciudad Victoria Tamps.,24.01666667
-99.12,24.08,BARRETALII,TAMPS,Barretal Dos Tamps. SGT*,23.7
-99.15,22.99,AHLTP,TAMPS,Ahualulco Tamps.,24.76785714
-98.94,23.94,CORTP,TAMPS,Corona Tamps.,24.55333333
-97.77,23.05,BTORDO,TAMPS,Barra del Tordo Tamps. SMN*,25.8
-98.24,19.31,76683,TLAX,TLAXCALA,12.39666667
-98.23,19.32,76684,TLAX,Tlaxcala (Automatica),12.48095238
-97.91,19.2,ZITTL,TLAX,Zitlaltepec Tlax.,10.5
-98.24,19.22,ZACTL,TLAX,Zacatelco Tlax.,11.67857143
-97.77,19.3,CUATL,TLAX,Cuapiaxtla Tlax.,10.67857143
-98.23,19.32,TLAXCALAob,TLAX,Observatorio de Tlaxcala Tlax. SMN*,12.42857143
-97.65,19.32,ECTTL,TLAX,El Carmen Tequexquitla Tlax.,10.66666667
-98.25,19.32,OBSTL,TLAX,Observatorio de Tlaxcala Tlax.,12.55
-98.2,19.56,SJATL,TLAX,San José Atlanga Tlax.,8.571428571
-98.56,19.59,CPPTL,TLAX,Calpulalpan Tlax.,10.48148148
-97.91,19.32,HMTTL,TLAX,Huamantla Tlax.,11.25
-94.51,18.19,76741,VER,COATZACOALCOS,24.54666667
-96.9,19.51,76687,VER,JALAPA,16.43
-97.1,18.85,76737,VER,ORIZABA,17.97666667
-97.42,20.96,76640,VER,TUXPAN,25.24137931
-96.14,19.16,76692,VER,VERACRUZ,24.73666667
-95.03,18.52,SONVC,VER,Sontecomapan Ver.,21.94444444
-96.97,19.45,TAPVC,VER,Tapachapan Ver.,17.92307692
-96.41,19.26,LOFVC,VER,Loma Fina Ver.,23.75862069
-96.95,19.23,TOTVC,VER,Totutla Ver.,16.66666667
-96.97,19.55,OTIVC,VER,Otilpan Ver.,15.71428571
-94.92,17.42,LPEVC,VER,Las Perlas Ver.,23.53333333
-95.03,17.43,JCRVC,VER,Jesús Carranza Ver.,23.2
-94.09,17.87,JDCVC,VER,San José del Carmen Ver.,21.21428571
-95.13,17.88,SJEVC,VER,San Juan Evangelista Ver.,25.06666667
-94.67,17.95,JALVC,VER,Jaltipán Ver.,25.03846154
-94.4,18.1,COTVC,VER,Coatzacoalcos Ver.,24.54285714
-94.77,18.14,MNZVC,VER,Minzapan Ver.,24.57692308
-95.3,18.14,CTTVC,VER,Coatotolapan Ver.,23.5
-95.35,18.25,LAUVC,VER,Lauchapan Ver.,22.51666667
-95.56,18.27,GARVC,VER,Garro Ver.,24.67241379
-96.35,18.45,TBLVC,VER,Tierra Blanca Ver.,23.51851852
-95.44,18.58,ARCVC,VER,Ángel Rosario Cabada Ver.,23.91666667
-95.63,18.72,RALVC,VER,Radar Alvarado Ver.,23.42857143
-97.1,18.85,ORZVC,VER,Orizaba Ver.,18.01666667
-97.23,18.92,LGRVC,VER,Loma Grande Ver.,6.3
-96.61,19.02,VTEVC,VER,Villa Tejeda Ver.,21.79310345
-96.11,19.15,VERVC,VER,Veracruz Ver.,24.82333333
-96.95,19.18,HTSVC,VER,Huatusco Ver.,13.89285714
-96.49,19.34,TAMVC,VER,Tamarindo Ver.,26
-96.37,19.36,CRDVC,VER,Cardel Ver.,23.95
-96.55,19.4,IDOVC,VER,Ídolos Ver.,24.55
-96.36,19.41,ENRVC,VER,El Naranjillo Ver.,24.26666667
-97.39,19.41,ZALVC,VER,Zalayeta Ver.,8.875
-96.94,19.45,COAVC,VER,Coatepec Ver.,16.8
-96.93,19.48,BRIVC,VER,Briones Ver.,15.34666667
-96.59,19.5,ACTVC,VER,Actopan Ver.,23.12068966
-96.92,19.53,XOBVC,VER,Observatorio de Xalapa Ver.,16.61666667
-96.85,19.55,XCFVC,VER,Xalapa CFE Ver.,17.05
-97.02,19.6,JOYVC,VER,La Joya Ver.,9.810344828
-97.1,19.65,LVRVC,VER,Las Vigas de Ramírez Ver.,9.362068966
-96.87,19.65,NAOVC,VER,Naolinco Ver.,15.88461538
-96.84,19.7,ACAVC,VER,Acatlán Ver.,12.96666667
-97.23,19.76,ALTVC,VER,Altotonga Ver.,11.75862069
-96.83,19.93,MZNVC,VER,Misantla Ver.,21.73214286
-96.98,20.05,LIBVC,VER,Libertad Ver.,25.13461538
-97.05,20.07,MDTVC,VER,Martínez de la Torre Ver.,24.94230769
-97.32,20.45,PPNVC,VER,Papantla Ver.,22.81818182
-98.48,20.53,HUYVC,VER,Huayacocotla Ver.,11.48
-97.48,20.54,PRCVC,VER,Poza Rica Ver.,24.07407407
-97.78,20.88,SBTVC,VER,Sombrerete Ver.,22.9137931
-97.68,20.93,ALAVC,VER,Álamo Temapache Ver.,24.25862069
-97.4,20.96,TXPVC,VER,Tuxpan Ver.,25.37333333
-98.34,21.29,PSNVC,VER,Platón Sánchez Ver.,24.77666667
-98.38,21.52,TMPVC,VER,Tempoal Ver.,24.89666667
-98.16,21.74,CHYVC,VER,Paso de Piedras Ver.,23.02173913
-98.44,21.78,HGOVC,VER,El Higo Ver.,24.73
-98.51,21.84,OLVVC,VER,El Olivo Ver.,24.70666667
-98.17,22.05,PNCVC,VER,Pánuco Ver.,25.86785714
-98.27,21.16,HLSVC,VER,Los Hules Ver.,24.03103448
-96.94,19.59,BANVC,VER,Banderillas Ver.,10.48333333
-94.16,17.57,TMOVC,VER,Tierra Morada Ver.,21.92592593
-96.7,19.43,CEGVC,VER,Cerro Gordo Ver.,19.98333333
-95.42,18.47,TZAVC,VER,Tres Zapotes Ver.,24.84090909
-95.52,18.63,NLTVC,VER,Naranjal Lerdo de Tejada Ver.,24.13
-97.24,19.58,PERVC,VER,Perote Ver.,8.52
-95.7,18.08,VAZVC,VER,Villa Azueta Ver.,25.10714286
-96.92,19.81,TNCVC,VER,Tenochtitlán Ver.,18.19047619
-89.65,20.95,76644,YUC,MERIDA,25.20333333
-89.65,21.28,76593,YUC,PROGRESO,24.44666667
-88.2,20.69,76647,YUC,VALLADOLID,24.92
-88.93,20.13,PETYC,YUC,Peto Yuc.,23.23333333
-89.39,20.29,OXKYC,YUC,Oxkutzcab Yuc.,20.2
-89.56,20.4,TICYC,YUC,Ticul Yuc.,22.98275862
-89.08,20.46,CANYC,YUC,Cantamayec Yuc.,24.43333333
-89.71,20.49,MUNYC,YUC,Muna Yuc.,24.37931034
-88.2,20.69,VALYC,YUC,Valladolid Yuc.,24.92
-89.83,20.75,CHOYC,YUC,Chocholá Yuc.,24.44827586
-89.64,20.94,FAEYC,YUC,Fuerza Aérea Yuc.,25.39655172
-89.65,20.95,MEOYC,YUC,Observatorio de Mérida Yuc.,25.28333333
-89.58,20.98,EZAYC,YUC,Emiliano Zapata Yuc.,24.56666667
-89.66,20.98,GARYC,YUC,Organismo de Cuenca Península de Yucatán Yuc.,23.35
-89.64,21.03,CICYC,YUC,Centro de Investigación Científica Yuc.,24.78333333
-87.99,21.16,TIZIMIN,YUC,Tizimín Yuc. SMN*,23.68928571
-89.65,21.28,PROYC,YUC,Progreso Yuc.,24.53333333
-87.68,21.51,CYOYC,YUC,El Cuyo Yuc.,25.18333333
-88.16,21.57,RLAYC,YUC,Río Lagartos Yuc.,24.78333333
-89.64,21.05,FIYYC,YUC,Fiuady Yuc.,23.75
-88.17,21.16,TIZYC,YUC,Tizimín Yuc.,24.55
-89.22,19.88,BECYC,YUC,Becanchén Yuc.,23.35
-89.68,20.65,ABAYC,YUC,Abalá Yuc.,20.1
-90.38,20.86,CELYC,YUC,Celestún Yuc. SMN*,26.8952381
-89.44,21.11,MOCYC,YUC,Mocochá Yuc.,21.36666667
-89.5,21.08,CONYC,YUC,Conkal Yuc.,21.3
-88.22,20.68,VALLADOLIDob,YUC,Observatorio de Valladolid Yuc. SMN*,24.84642857
-103.65,23.47,76471,ZAC,SOMBRERETE,13.03666667
-102.57,22.78,76525,ZAC,ZACATECAS,12.42
-103.51,24.29,SGOZC,ZAC,Santiago Zac.,17.53333333
-103.36,21.21,MORZC,ZAC,Mezquital del Oro Zac.,19.05357143
-102.85,21.36,NCTZC,ZAC,Nochistlán Zac.,14.71666667
-103.34,21.59,VILZC,ZAC,José María Morelos Zac.,20.4
-103.35,21.65,EXCZC,ZAC,Miguel Alemán Zac.,16.23333333
-102.9,21.71,PMOZC,ZAC,Moraleños Zac.,19.46153846
-103.31,21.77,TLLZC,ZAC,Tlaltenango Zac.,16.78333333
-103.46,21.81,ATGZC,ZAC,Atolinga Zac.,11.77777778
-102.9,22,CHIZC,ZAC,El Chique Zac.,19.38333333
-101.4,22.12,PINZC,ZAC,Pino Suárez Zac.,11.5
-102.86,22.12,TAYZC,ZAC,Ing. Julián Adame Alatorre Zac.,15
-101.99,22.26,LORZC,ZAC,Loreto Zac.,15.78571429
-103.56,22.31,MRSZC,ZAC,Monte Escobedo Zac.,10.94444444
-101.72,22.35,VHGZC,ZAC,Villa Hidalgo Zac.,11.15
-102.8,22.35,PALZC,ZAC,Palomas Zac.,15.33928571
-101.92,22.52,VGOZC,ZAC,Villa González Ortega Zac.,12.7037037
-103,22.64,JERZC,ZAC,Jerez Zac.,15.58
-102.04,22.67,ELSZC,ZAC,El Saladillo Zac.,12.66666667
-103.6,22.69,LFLZC,ZAC,La Florida Zac.,12.65217391
-102.51,22.75,GPEZC,ZAC,Guadalupe Zac.,13.28
-102.51,22.75,ZA2ZC,ZAC,Zacatecas Zac. SMN*,14.41785714
-102.58,22.76,ZACZC,ZAC,Zacatecas Zac.,13.34782609
-102.57,22.78,LBUZC,ZAC,La Bufa Zac.,12.42
-102.95,22.82,BTEZC,ZAC,Ramón López Velarde Zac.,14.61538462
-103.38,22.85,LOBZC,ZAC,Manuel Felgueres Zac.,13.11666667
-103.11,22.92,STRZC,ZAC,Santa Rosa Zac.,13.71666667
-102.66,23,LLBZC,ZAC,Llano Blanco Zac.,14.31666667
-102.89,23.17,FREZC,ZAC,Fresnillo Zac.,14.98333333
-103.22,23.18,LREZC,ZAC,Gobernador Leobardo Reynoso Zac.,13.7
-103.64,23.64,SOMZC,ZAC,Sombrerete Zac.,13.18
-103.1,23.69,ELCZC,ZAC,El Cazadero Zac.,16.58333333
-103.03,23.82,RGRZC,ZAC,Río Grande Zac.,14.51666667
-102.88,24.32,SFOZC,ZAC,San Francisco Zac.,17.66071429
-103.88,23.47,TCHZC,ZAC,Chalchihuites Zac.,14.25
-103.5,22.33,STEZC,ZAC,Santa Teresa Zac.,15.08333333
-102.34,23.29,VCOZC,ZAC,Villa de Cos Zac.,13.71428571
-103.09,22.93,GJAZC,ZAC,General Joaquín Amaro Zac.,12.83333333
-101.39,24.62,CORZC,ZAC,Concepción del Oro Zac.,16.6
-103.11,21.4,JCHZC,ZAC,Juchipila Zac.,18.47619048
-102.25,22.44,LMOZC,ZAC,Luis Moya Zac.,13.82608696
-102.46,22.49,GRCZC,ZAC,Genaro Codina Zac.,11.875
